-- MariaDB dump 10.19  Distrib 10.5.16-MariaDB, for Linux (x86_64)
--
-- Host: localhost    Database: kali
-- ------------------------------------------------------
-- Server version	10.5.16-MariaDB

/*!40101 SET @OLD_CHARACTER_SET_CLIENT=@@CHARACTER_SET_CLIENT */;
/*!40101 SET @OLD_CHARACTER_SET_RESULTS=@@CHARACTER_SET_RESULTS */;
/*!40101 SET @OLD_COLLATION_CONNECTION=@@COLLATION_CONNECTION */;
/*!40101 SET NAMES utf8mb4 */;
/*!40103 SET @OLD_TIME_ZONE=@@TIME_ZONE */;
/*!40103 SET TIME_ZONE='+00:00' */;
/*!40014 SET @OLD_UNIQUE_CHECKS=@@UNIQUE_CHECKS, UNIQUE_CHECKS=0 */;
/*!40014 SET @OLD_FOREIGN_KEY_CHECKS=@@FOREIGN_KEY_CHECKS, FOREIGN_KEY_CHECKS=0 */;
/*!40101 SET @OLD_SQL_MODE=@@SQL_MODE, SQL_MODE='NO_AUTO_VALUE_ON_ZERO' */;
/*!40111 SET @OLD_SQL_NOTES=@@SQL_NOTES, SQL_NOTES=0 */;

--
-- Table structure for table `actividades`
--

DROP TABLE IF EXISTS `actividades`;
/*!40101 SET @saved_cs_client     = @@character_set_client */;
/*!40101 SET character_set_client = utf8 */;
CREATE TABLE `actividades` (
  `id_actividad` int(11) NOT NULL AUTO_INCREMENT,
  `id_servicio` int(11) DEFAULT NULL,
  `descripcion` text DEFAULT NULL,
  `info_general` text DEFAULT NULL,
  `tiempo` varchar(20) DEFAULT NULL,
  `observaciones_voucher` text DEFAULT NULL,
  `incluye` text DEFAULT NULL,
  `no_incluye` text DEFAULT NULL,
  `dudas_consultas` text DEFAULT NULL,
  `video` text DEFAULT NULL,
  `orden` int(11) DEFAULT NULL,
  `publico` tinyint(1) DEFAULT NULL,
  PRIMARY KEY (`id_actividad`),
  KEY `id_servicio` (`id_servicio`),
  CONSTRAINT `actividades_ibfk_1` FOREIGN KEY (`id_servicio`) REFERENCES `servicios` (`id_servicio`) ON DELETE CASCADE ON UPDATE CASCADE
) ENGINE=InnoDB AUTO_INCREMENT=252 DEFAULT CHARSET=utf8;
/*!40101 SET character_set_client = @saved_cs_client */;

--
-- Dumping data for table `actividades`
--

LOCK TABLES `actividades` WRITE;
/*!40000 ALTER TABLE `actividades` DISABLE KEYS */;
INSERT INTO `actividades` VALUES (1,1,'descripción','info general','tiempo','observaciones voucher','incluye','no incluye','dudas y consultas','video',1,NULL),(2,2,'descripción salento','info general','tiempo','observaciones voucher','incluye','no incluye','dudas y consultas','video',1,NULL),(3,3,'descripción','info general','tiempo','observaciones voucher','incluye','no incluye','dudas y consultas','video',3,NULL),(4,4,'descripción','info general','tiempo','observaciones voucher','incluye','no incluye','dudas y consultas','video',4,NULL),(5,5,'descripción','info general','tiempo','observaciones voucher','incluye','no incluye','dudas y consultas','video',5,NULL),(6,6,'descripción','info general','tiempo','observaciones voucher','incluye','no incluye','dudas y consultas','video',6,NULL),(7,7,'descripción','info general','tiempo','observaciones voucher','incluye','no incluye','dudas y consultas','video',7,NULL),(8,8,'descripción','info general','tiempo','observaciones voucher','incluye','no incluye','dudas y consultas','video',8,NULL),(9,9,'descripción','info general','tiempo','observaciones voucher','incluye','no incluye','dudas y consultas','video',14,NULL),(10,10,'descripción','info general','tiempo','observaciones voucher','incluye','no incluye','dudas y consultas','video',15,NULL),(11,11,'<ul>\n<li>Recorrido de solo 10 minutos del Rodadero hasta el Acuario</li>\n<li>Disfruta de un espectaculo de 2 horas viendo hermosos animales marinos</li>\n<li>Ingresa el Museo Tayrona, Museo del Mar y conoce las maravillas de nuestros antepasados</li>\n<li>Tienes la opcion de nadar con los delfines, hermosos e inteligentes animales</li>\n<li>Contamos con mas 15 acuarios, tiburones, tortugas marinas, delfines, leones marinos, crust&aacute;ceos.</li>\n<li>Cuenta con 13 piscinas con conexi&oacute;n directa con el mar Caribe</li>\n<li>Luego nos dirigimos hacia Playa Blanca para tomar el sol y disfrutar del mar&nbsp;</li>\n<li>Vive momentos emocionantes y disfruta de este espectacular pasadia&nbsp;</li>\n<li>Escoge la opcion de almorzar un delicioso plato tipico estilo buffet en el mejor restaurante de Playa Blanca</li>\n</ul>','<ul>\n<li>Se recomienda llevar vestido de ba&ntilde;o, bloqueador solar, gorra y zapatos de neopreno.&nbsp;</li>\n<li>Verifica con un asesor las restricciones de las actividades y la disponibilidad.</li>\n</ul>','8 horas','<ul style=\"list-style-type: square;\">\n<li><em><strong>Armatumochila NO tiene asesores fuera de la oficina, por lo tanto NO se hace responsable de inconvenientes, accidentes o inconformidades, por compra de actividades de snorkel u otras fuera de nuestra agencia*</strong></em></li>\n<li><strong>Las tarifas estan sujetas a cambios y modificaciones sin previo aviso&nbsp;</strong></li>\n</ul>','incluye','no incluye','<ul>\n<li>La agencia de viajes se reserva el derecho a cambiar de operador tur&iacute;stico o trasporte si fuera necesario por otro de igual o mejor categor&iacute;a.</li>\n<li>El no cumplimiento parcial o total de los servicios por motivos ajenos y de fuerza mayor (terceros, clim&aacute;ticos, etc.) nos exonera de cargo y reembolso alguno.</li>\n<li><strong>Recomendamos que los paseos en lancha o barco se programen para los primeros d&iacute;as de sus vacaciones por que dependen de condiciones clim&aacute;ticas.</strong></li>\n<li>El no presentarse en la hora y el d&iacute;a indicado despu&eacute;s de realizada la reserva genera un&nbsp;<strong>no show&nbsp;</strong>y se cobra un 100%.</li>\n<li>Tarifas no reembolsables.</li>\n<li>Debido a la actual situaci&oacute;n mundial por covid 19 se pueden presentar&nbsp;<strong>cambios de fecha y horarios&nbsp;</strong>de la actividad por protocolos de bioseguridad</li>\n<li>Revisa nuestros&nbsp;<strong><a href=\"http://jetsetviajes.com/home/terminos\">t&eacute;rminos y condiciones</a></strong>&nbsp;que aplican a todas las ofertas.</li>\n</ul>','video',5,NULL),(12,12,'<ul>\n<li>Recorrido terrestre de 60 minutos hasta el sector de Palangana, entrada al parque Tayrona</li>\n<li>Caminata ecol&oacute;gica de 2 horas de ida y 2 horas de regreso</li>\n<li>Pasamos por un hermoso paisaje de bosque semih&uacute;medo tropical</li>\n<li>Iremos conociendo los sectores de Ca&ntilde;averal, Arrecifes, la Piscina Natural y Cabo San Juan</li>\n<li>Llegamos a Cabo San Juan donde se puede disfrutar del ba&ntilde;o en el mar</li>\n<li>Disfrutaremos de un delicioso almuerzo en esta hermosa playa</li>\n</ul>','<ul>\n<li>Se recomienda llevar vestido de ba&ntilde;o, bloqueador solar, gorra y zapatos de neopreno.&nbsp;</li>\n<li>Verifica con un asesor las restricciones de las actividades y la disponibilidad.</li>\n<li>Esta actividad es recomendada para personas con buen estado fisico.</li>\n<li>No es de facil acceso para ni&ntilde;os y personas con dificulatad para caminar.</li>\n</ul>','8 horas','<ul style=\"list-style-type: square;\">\n<li><em><strong>Jet Set Viajes NO tiene asesores fuera de la oficina, por lo tanto NO se hace responsable de inconvenientes, accidentes o inconformidades, por compra de actividades de snorkel u otras fuera de nuestra agencia*</strong></em></li>\n</ul>\n<ul style=\"list-style-type: square;\">\n<li><strong>Las tarifas estan sujetas a cambios y modificaciones sin previo aviso</strong></li>\n</ul>','incluye','no incluye','<ul>\n<li>La agencia de viajes se reserva el derecho a cambiar de operador tur&iacute;stico o trasporte si fuera necesario por otro de igual o mejor categor&iacute;a.</li>\n<li>El no cumplimiento parcial o total de los servicios por motivos ajenos y de fuerza mayor (terceros, clim&aacute;ticos, etc.) nos exonera de cargo y reembolso alguno.</li>\n<li>El no presentarse en la hora y el d&iacute;a indicado despu&eacute;s de realizada la reserva genera un&nbsp;<strong>no show&nbsp;</strong>y se cobra un 100%.</li>\n<li>Tarifas no reembolsables.</li>\n<li>Debido a la actual situaci&oacute;n mundial por covid 19 se pueden presentar&nbsp;<strong>cambios de fecha y horarios&nbsp;</strong>de la actividad por protocolos de bioseguridad</li>\n<li>Revisa nuestros&nbsp;<strong><a href=\"http://jetsetviajes.com/home/terminos\">t&eacute;rminos y condiciones</a></strong>&nbsp;que aplican a todas las ofertas.</li>\n</ul>','video',17,NULL),(13,13,'descripción','info general','tiempo','observaciones voucher','incluye','no incluye','dudas y consultas','video',19,NULL),(14,14,'<ul style=\"list-style-type: circle;\">\n<li>Nuestro recorrido sera en vehiculo climatizado llegando inicialmente aTaganga</li>\n<li>Pueblo de pescadores enclavado en la monta&ntilde;a, con una vista especatular</li>\n<li>Conoce la magia de este peque&ntilde;o pueblo y su calida gente</li>\n<li>Luego nos dirigimos en lancha 10 minutos para llegar a Playa Grande</li>\n<li>Hermoso lugar que se destaca por la arena blanca de sus playas y sus zonas de corales</li>\n<li>Lugar ideal para practicar el buceo o hacer snorkel, y por supuesto disfrutar su comida</li>\n<li>Antes de que se ponga el sol regresaremos a Taganga para ir en el veh&iacute;culo que nos llevar&aacute; al famoso mirador</li>\n<li>En este mirador es donde podr&aacute;s disfrutar la impresionante puesta de sol y tomar maravillosas fotos</li>\n</ul>','<ul>\n<li>Se recomienda llevar ropa comoda, bloqueador solar y gorra.&nbsp;</li>\n<li>Verifica con un asesor las restricciones de las actividades y la disponibilidad</li>\n</ul>','6 horas','<ul style=\"list-style-type: square;\">\n<li><em><strong>Jet Set Viajes NO tiene asesores fuera de la oficina, por lo tanto NO se hace responsable de inconvenientes, accidentes o inconformidades, por compra de actividades de snorkel u otras fuera de nuestra agencia*</strong></em></li>\n<li><strong>Las tarifas estan sujetas a cambios y modificaciones sin previo aviso&nbsp;</strong></li>\n</ul>','incluye','no incluye','<ul>\n<li>La agencia de viajes se reserva el derecho a cambiar de operador tur&iacute;stico o trasporte si fuera necesario por otro de igual o mejor categor&iacute;a.</li>\n<li>El no cumplimiento parcial o total de los servicios por motivos ajenos y de fuerza mayor (terceros, clim&aacute;ticos, etc.) nos exonera de cargo y reembolso alguno.</li>\n<li>El no presentarse en la hora y el d&iacute;a indicado despu&eacute;s de realizada la reserva genera un <strong>no show </strong>y se cobra un 100%.</li>\n<li>Tarifas no reembolsables.</li>\n<li>Debido a la actual situaci&oacute;n mundial por covid 19 se pueden presentar <strong>cambios de fecha y horarios</strong> de la actividad por protocolos de bioseguridad</li>\n<li>Revisa nuestros<strong> <a href=\"../../home/terminos\">t&eacute;rminos y condiciones</a></strong>&nbsp;que aplican a todas las ofertas.</li>\n</ul>','video',7,NULL),(15,15,'<ul style=\"list-style-type: circle;\">\n<li>Recorrido terrestre por el sector de playas del Parque Tayrona</li>\n<li>Antes de llegar a Bahia Concha haremos un recorrido panor&aacute;mico de la ciudad</li>\n<li>Pasamos por el monumento del Pibe Valderrama, malecom y centro hist&oacute;rico</li>\n<li>Llegamos a Bahia Concha donde se puede disfrutar de un delicioso ba&ntilde;o de mar</li>\n<li>Disfruta el agua cristalina y la playa de arena blanca</li>\n<li>Conoce el fondo marino y sus maravillas con la actividad del snorkel en la playa de waikiki</li>\n</ul>','<ul>\n<li>Se recomienda llevar vestido de ba&ntilde;o, bloqueador solar, gorra y zapatos de neopreno.&nbsp;</li>\n<li>Verifica con un asesor las restricciones de las actividades y la disponibilidad.</li>\n</ul>','8 horas','<p>observaciones voucher</p>\n<ul>\n<li><em><strong>Jet Set Viajes NO tiene asesores fuera de la oficina, por lo tanto NO se hace responsable de inconvenientes, accidentes o inconformidades, por compra de actividades de snorkel u otras fuera de nuestra agencia*</strong></em></li>\n</ul>\n<ul style=\"list-style-type: square;\">\n<li><strong>Las tarifas estan sujetas a cambios y modificaciones sin previo aviso&nbsp;</strong></li>\n</ul>','incluye','no incluye','<ul>\n<li>La agencia de viajes se reserva el derecho a cambiar de operador tur&iacute;stico o trasporte si fuera necesario por otro de igual o mejor categor&iacute;a.</li>\n<li>El no cumplimiento parcial o total de los servicios por motivos ajenos y de fuerza mayor (terceros, clim&aacute;ticos, etc.) nos exonera de cargo y reembolso alguno.</li>\n<li>El no presentarse en la hora y el d&iacute;a indicado despu&eacute;s de realizada la reserva genera un&nbsp;<strong>no show&nbsp;</strong>y se cobra un 100%.</li>\n<li>Tarifas no reembolsables.</li>\n<li>Debido a la actual situaci&oacute;n mundial por covid 19 se pueden presentar&nbsp;<strong>cambios de fecha y horarios&nbsp;</strong>de la actividad por protocolos de bioseguridad</li>\n<li>Revisa nuestros&nbsp;<strong><a href=\"http://jetsetviajes.com/home/terminos\">t&eacute;rminos y condiciones</a></strong>&nbsp;que aplican a todas las ofertas.</li>\n</ul>','video',6,NULL),(16,16,'<ul style=\"list-style-type: circle;\">\n<li>A tan solo unas horas de Medellin en vehiculo climatizado llegaras a Guatape</li>\n<li>Disfruta de una espectacular vista de 2.262 hect&aacute;reas de represa, desde la cima del Pe&ntilde;ol de Guatap&eacute; a 220 metros de altura</li>\n<li>Recorrido en barco por la represa, para observar maravillosos paisajes como la finca La Manuela que perteneci&oacute; a Pablo Escobar</li>\n<li>Disfruta de un delicioso almuerzo en el pueblo de Guatape</li>\n<li>Recorre la calle de los recuerdos, la plazoleta de los z&oacute;calos, el malec&oacute;n, la iglesia y el parque principal del municipio de Guatap&eacute;</li>\n<li>Visitaremos las tiendas artesanales (Plazoleta de los Z&oacute;calos).</li>\n<li>Gu&iacute;a biling&uuml;e acompa&ntilde;ante para el recorrido</li>\n</ul>','<ul>\n<li>Se recomienda llevar ropa comoda, bloqueador solar y gorra</li>\n<li>Verifica con un asesor las restricciones de las actividades y la disponibilidad</li>\n</ul>','12 HORAS','<ul style=\"list-style-type: square;\">\n<li><strong>Las tarifas estan sujetas a cambios y modificaciones sin previo aviso&nbsp;</strong></li>\n</ul>','incluye','no incluye','<ul>\n<li>La agencia de viajes se reserva el derecho a cambiar de operador tur&iacute;stico o trasporte si fuera necesario por otro de igual o mejor categor&iacute;a.</li>\n<li>El no cumplimiento parcial o total de los servicios por motivos ajenos y de fuerza mayor (terceros, clim&aacute;ticos, etc.) nos exonera de cargo y reembolso alguno.</li>\n<li>El no presentarse en la hora y el d&iacute;a indicado despu&eacute;s de realizada la reserva genera un <strong>no show </strong>y se cobra un 100%.</li>\n<li>Tarifas no reembolsables.</li>\n<li>Debido a la actual situaci&oacute;n mundial por covid 19 se pueden presentar <strong>cambios de fecha y horarios</strong> de la actividad por protocolos de bioseguridad</li>\n<li>Revisa nuestros <strong><a href=\"../../home/terminos\">t&eacute;rminos y condiciones</a></strong>&nbsp;que aplican a todas las ofertas.</li>\n</ul>','video',3,NULL),(17,17,'<ul style=\"list-style-type: circle;\">\n<li>Excelentes opciones de cabalgatas para realizar de acuerdo a tu gusto</li>\n<li>Recorreremos la playa al atardecer o subiremos la monta&ntilde;a en un fabuloso paseo&nbsp;</li>\n<li>Tambien podemos hacer una cabalgata extrema hasta la bella laguna de la Isla&nbsp;</li>\n<li>No necesitas saber cabalgar para disfrutar este maravilloso paseo ecologico</li>\n<li>Diviertete y disfruta de este tour exclusivo y diferente en la isla de San Andres</li>\n<li>Cabalgar en estos maravillosos animales no es una experiencia que debas dejar pasar&nbsp;</li>\n</ul>\n<p>De acuerdo con la modalidad escogida tendr&aacute;s opci&oacute;n de realizar la cabalgata de 1 hora por la playa, la ruta ecologica de 2 horas o la cabalgata extrema de 4 horas.</p>','<ul>\n<li>Se recomienda llevar ropa comoda, bloqueador solar, gorra y repelente</li>\n<li>Verifica con un asesor las restricciones de las actividades y la disponibilidad</li>\n</ul>','Desde 1 hora','<ul>\n<li><em><strong>Jet Set Viajes NO tiene asesores fuera de la oficina, por lo tanto NO se hace responsable de inconvenientes, accidentes o inconformidades, por compra de actividades fuera de nuestra agencia*</strong></em></li>\n<li><strong>Las tarifas estan sujetas a cambios y modificaciones sin previo aviso&nbsp;</strong></li>\n</ul>','incluye','no incluye','<div class=\"mt-5\">\n<ul>\n<li>La agencia de viajes se reserva el derecho a cambiar de operador tur&iacute;stico o trasporte si fuera necesario por otro de igual o mejor categor&iacute;a.</li>\n<li>El no cumplimiento parcial o total de los servicios por motivos ajenos y de fuerza mayor (terceros, clim&aacute;ticos, etc.) nos exonera de cargo y reembolso alguno.</li>\n<li>El no presentarse en la hora y el d&iacute;a indicado despu&eacute;s de realizada la reserva genera un&nbsp;<strong>no show&nbsp;</strong>y se cobra un 100%.</li>\n<li>Tarifas no reembolsables.</li>\n<li>Debido a la actual situaci&oacute;n mundial por covid 19 se pueden presentar&nbsp;<strong>cambios de fecha y horarios&nbsp;</strong>de la actividad por protocolos de bioseguridad</li>\n<li>Revisa nuestros&nbsp;<strong><a href=\"http://jetsetviajes.com/home/terminos\">t&eacute;rminos y condiciones</a></strong>&nbsp;que aplican a todas las ofertas.</li>\n</ul>\n</div>','video',9,NULL),(18,18,'descripción','info general','tiempo','observaciones voucher','incluye','no incluye','dudas y consultas','video',7,NULL),(19,19,'<ul style=\"list-style-type: circle;\">\n<li>En lancha rapida llegamos primero a el Acuario para ver los peces en su habitat natural</li>\n<li>Disfrutaremos de la arena blanca y ese maravilloso mar de los 7 colores</li>\n<li>Nuestra estadia aca sera por una hora y media aproximadamente&nbsp;</li>\n<li>Luego nos dirigimos a solo 10 minutos hasta Johnny Cay</li>\n<li>Para fisfrutar de un almuerzo tipico o un delicioso cocoloco o pi&ntilde;a colada&nbsp;</li>\n<li>Ba&ntilde;ate en el mar y juega con las olas caracteristicas de este lugar</li>\n<li>En el islote podras bailar al ritmo del reggae y la musica caribe&ntilde;a&nbsp;</li>\n</ul>','<ul>\n<li>Se recomienda llevar vestido de ba&ntilde;o, bloqueador solar, gorra y zapatos de neopreno.&nbsp;</li>\n<li>Verifica con un asesor las restricciones de las actividades y la disponibilidad.</li>\n<li>Mujeres en embarazo y adultos mayores consultar restricciones.</li>\n<li>No esta permitido el ingreso de alimentos ni bebidas a los cayos.</li>\n<li>Cuando cierran JOHNNY CAY lo reemplazamos por las hermosas playas de ROCKY CAY.</li>\n</ul>','6 horas','<ul style=\"list-style-type: square;\">\n<li><em><strong>Jet Set Viajes NO tiene asesores fuera de la oficina, por lo tanto NO se hace responsable de inconvenientes, accidentes o inconformidades, por compra de actividades fuera de nuestra agencia*</strong></em></li>\n<li><strong>Las tarifas estan sujetas a cambios y modificaciones sin previo aviso&nbsp;</strong></li>\n</ul>','incluye','no incluye','<ul>\n<li>La agencia de viajes se reserva el derecho a cambiar de operador tur&iacute;stico o trasporte si fuera necesario por otro de igual o mejor categor&iacute;a.</li>\n<li>El no cumplimiento parcial o total de los servicios por motivos ajenos y de fuerza mayor (terceros, clim&aacute;ticos, etc.) nos exonera de cargo y reembolso alguno.</li>\n<li><strong>Recomendamos que los paseos en lancha o barco se programen para los primeros d&iacute;as de sus vacaciones por que dependen de condiciones clim&aacute;ticas.</strong></li>\n<li>El no presentarse en la hora y el d&iacute;a indicado despu&eacute;s de realizada la reserva genera un&nbsp;<strong>no show&nbsp;</strong>y se cobra un 100%.</li>\n<li>Tarifas no reembolsables.</li>\n<li>Debido a la actual situaci&oacute;n mundial por covid 19 se pueden presentar&nbsp;<strong>cambios de fecha y horarios&nbsp;</strong>de la actividad por protocolos de bioseguridad</li>\n<li>Revisa nuestros&nbsp;<strong><a href=\"http://jetsetviajes.com/home/terminos\">t&eacute;rminos y condiciones</a></strong>&nbsp;que aplican a todas las ofertas.</li>\n</ul>','video',4,NULL),(20,20,'<ul>\n<li><span style=\"vertical-align: inherit;\"><span style=\"vertical-align: inherit;\"><span style=\"vertical-align: inherit;\"><span style=\"vertical-align: inherit;\">Recorrido por la isla de San Andr&eacute;s en vehiculo o en tren turistico</span></span></span></span></li>\n<li><span style=\"vertical-align: inherit;\"><span style=\"vertical-align: inherit;\"><span style=\"vertical-align: inherit;\"><span style=\"vertical-align: inherit;\">Casa Museo Isle&ntilde;a (tradici&oacute;n, cultura, dialecto Creole y danza t&iacute;pica isle&ntilde;a)&nbsp;</span></span></span></span></li>\n<li><strong><span style=\"vertical-align: inherit;\"><span style=\"vertical-align: inherit;\"><span style=\"vertical-align: inherit;\"><span style=\"vertical-align: inherit;\">Cueva de Morgan (Cueva+historia Pirata Henry Morgan) o<br /></span></span></span></span></strong></li>\n<li><strong><span style=\"vertical-align: inherit;\"><span style=\"vertical-align: inherit;\"><span style=\"vertical-align: inherit;\"><span style=\"vertical-align: inherit;\">Museo Pirata Persistence, basado en la historia del Pirata Henry Morgan&nbsp;</span></span></span></span></strong></li>\n<li><span style=\"vertical-align: inherit;\"><span style=\"vertical-align: inherit;\"><span style=\"vertical-align: inherit;\"><span style=\"vertical-align: inherit;\">Una de las 2 anteriores, la parada var&iacute;a dependiendo del horario y programaci&oacute;n del veh&iacute;culo&nbsp;</span></span></span></span></li>\n<li><span style=\"vertical-align: inherit;\"><span style=\"vertical-align: inherit;\"><span style=\"vertical-align: inherit;\"><span style=\"vertical-align: inherit;\">Piscinita West View (Parada de ba&ntilde;o, incluye uso del tobog&aacute;n y trampol&iacute;n)</span></span></span></span></li>\n<li>Hoyo soplador (observaci&oacute;n del fen&oacute;meno natural)&nbsp;</li>\n<li><span style=\"vertical-align: inherit;\"><span style=\"vertical-align: inherit;\"><span style=\"vertical-align: inherit;\"><span style=\"vertical-align: inherit;\">Pasaremos por las famosas playas de San Luis</span></span></span></span></li>\n<li><span style=\"vertical-align: inherit;\"><span style=\"vertical-align: inherit;\"><span style=\"vertical-align: inherit;\"><span style=\"vertical-align: inherit;\">Nos bajamos 30 minutos en las playas cuando el recorrido es en <strong>el tren</strong></span></span></span></span></li>\n<li><span style=\"vertical-align: inherit;\"><span style=\"vertical-align: inherit;\"><span style=\"vertical-align: inherit;\"><span style=\"vertical-align: inherit;\">Gu&iacute;a durante el recorrido explicando los sitios tur&iacute;sticos la cultura isle&ntilde;a</span></span></span></span></li>\n</ul>\n<p>De acuerdo a la modalidad iremos en un vehiculo de madera, tipico de la costa llamado chiva en la ma&ntilde;ana o en la tarde o en trencito turistico.</p>','<ul>\n<li>Se recomienda llevar ropa comoda, bloqueador solar y gorra</li>\n<li>Verifica con un asesor las restricciones de las actividades y la disponibilidad</li>\n</ul>','3 horas','<ul style=\"list-style-type: square;\">\n<li><em><strong>Jet Set Travel NO tiene asesores fuera de la oficina, por lo tanto NO se hace responsable de inconvenientes, accidentes o inconformidades, por compra de actividades fuera de nuestra agencia*</strong></em></li>\n<li><strong>Las tarifas estan sujetas a cambios y modificaciones sin previo aviso&nbsp;</strong></li>\n</ul>','incluye','no incluye','<ul>\n<li>La agencia de viajes se reserva el derecho a cambiar de operador tur&iacute;stico o trasporte si fuera necesario por otro de igual o mejor categor&iacute;a.</li>\n<li>El no cumplimiento parcial o total de los servicios por motivos ajenos y de fuerza mayor (terceros, clim&aacute;ticos, etc.) nos exonera de cargo y reembolso alguno.</li>\n<li>El no presentarse en la hora y el d&iacute;a indicado despu&eacute;s de realizada la reserva genera un&nbsp;<strong>no show&nbsp;</strong>y se cobra un 100%.</li>\n<li>Tarifas no reembolsables.</li>\n<li>Debido a la actual situaci&oacute;n mundial por covid 19 se pueden presentar&nbsp;<strong>cambios de fecha y horarios&nbsp;</strong>de la actividad por protocolos de bioseguridad</li>\n<li>Revisa nuestros&nbsp;<strong><a href=\"http://jetsetviajes.com/home/terminos\">t&eacute;rminos y condiciones</a></strong>&nbsp;que aplican a todas las ofertas.</li>\n</ul>','video',6,NULL),(21,21,'<p>En nuestra asesor&iacute;a, te estaremos brindando el acompa&ntilde;amiento durante. todo el proceso de solicitud de cita para el visado, de igual manera tendremos una entrevista presencial o virtual segun sea el caso para de esta manera recolectar la informacion necesaria para el correcto diligenciamiento de los dierentes formularios de acuerdo al tipo de visado.&nbsp;</p>','<p>Te recomendamos ser lo mas transparente posible, pues de esto depende el exito de nuestra asesoria.</p>\n<p>Recuerda que la informacion que otorgues. nuestros profesionales ser&aacute; tratda con caracter de <strong>Confidencial</strong>.</p>','1 hora','<p>Debes contactarte con ArmatuMochila.com al +57 311 3778721 para coordinar una cita con nuestro profesional.</p>','incluye','no incluye','<p>No es necesario entregar documentacion fisica a nuestros profesionales, pues toda la info debe ser virtual.</p>','video',21,NULL),(22,22,'<ul style=\"list-style-type: circle;\">\n<li>\n<div>Salida nocturna por la bahia a bordo de una maravillosa embarcacion</div>\n</li>\n<li>\n<div>Cena tipo buffet, incluye mariscos y carnes, postre y bebidas</div>\n</li>\n<li>Este es uno de los mejores y mas recomendados toures de la isla</li>\n<li>\n<div>Musica, recreacion y diversion a bordo</div>\n</li>\n<li>Puedes cenar y disfrutar de la noche caribe&ntilde;a durante 3 horas</li>\n<li>Bar abierto de bebidas y cocteles seleccionados</li>\n<li>Toda una variedad de sensaciones en una noche</li>\n</ul>\n<p>De acuerdo a la modalidad escogida tendras la opcion de seleccionar el dia y la embarcacion.</p>','<ul>\n<li>Se recomienda llevar vestido blanco y zapatos comodos, no tacones.</li>\n<li>Verifica con un asesor las restricciones de las actividades y la disponibilidad.</li>\n</ul>','3 horas','<ul style=\"list-style-type: square;\">\n<li><em><strong>Jet Set Viajes NO tiene asesores fuera de la oficina, por lo tanto NO se hace responsable de inconvenientes, accidentes o inconformidades, por compra de actividades fuera de nuestra agencia*</strong></em></li>\n<li><strong>Las tarifas estan sujetas a cambios y modificaciones sin previo aviso&nbsp;</strong></li>\n</ul>','incluye','no incluye','<ul>\n<li>La agencia de viajes se reserva el derecho a cambiar de operador tur&iacute;stico o trasporte si fuera necesario por otro de igual o mejor categor&iacute;a.</li>\n<li>El no cumplimiento parcial o total de los servicios por motivos ajenos y de fuerza mayor (terceros, clim&aacute;ticos, etc.) nos exonera de cargo y reembolso alguno.</li>\n<li><strong>Recomendamos que los paseos en lancha o barco se programen para los primeros d&iacute;as de sus vacaciones por que dependen de condiciones clim&aacute;ticas.</strong></li>\n<li>El no presentarse en la hora y el d&iacute;a indicado despu&eacute;s de realizada la reserva genera un&nbsp;<strong>no show&nbsp;</strong>y se cobra un 100%.</li>\n<li>Tarifas no reembolsables.</li>\n<li>Debido a la actual situaci&oacute;n mundial por covid 19 se pueden presentar&nbsp;<strong>cambios de fecha y horarios&nbsp;</strong>de la actividad por protocolos de bioseguridad</li>\n<li>Revisa nuestros&nbsp;<strong><a href=\"http://jetsetviajes.com/home/terminos\">t&eacute;rminos y condiciones</a></strong>&nbsp;que aplican a todas las ofertas.</li>\n</ul>','video',11,NULL),(23,23,'<ul>\n<li>Maravillosa experiencia para relajarte y disfrutar del mar&nbsp;</li>\n<li>Sumergete con todas las condiciones de seguridad</li>\n<li>Contamos con instructores profesionales y capacitados&nbsp;</li>\n<li>No necesitas saber nadar para realizar este minicurso</li>\n<li>Te llevamos a los hermosos arrecifes de corales</li>\n<li>Primero realizaras una clase teorica para luego sumergirte en el mar</li>\n</ul>','<ul>\n<li><strong>La actividad no se debe realizar 24 horas antes de la hora de tu vuelo de regreso ni el dia de tu vuelo de llegada.</strong></li>\n<li>Se recomienda llevar vestido de ba&ntilde;o, bloqueador solar, gorra y zapatos de neopreno.</li>\n<li>Verifica con un asesor las restricciones de las actividades y la disponibilidad.</li>\n</ul>','4 horas ','<ul>\n<li><em><strong>Jet Set Viajes NO tiene asesores fuera de la oficina, por lo tanto NO se hace responsable de inconvenientes, accidentes o inconformidades, por compra de actividades fuera de nuestra agencia*</strong></em></li>\n<li><strong>Las tarifas estan sujetas a cambios y modificaciones sin previo aviso&nbsp;</strong></li>\n</ul>','incluye','no incluye','<ul>\n<li>La agencia de viajes se reserva el derecho a cambiar de operador tur&iacute;stico o trasporte si fuera necesario por otro de igual o mejor categor&iacute;a.</li>\n<li>El no cumplimiento parcial o total de los servicios por motivos ajenos y de fuerza mayor (terceros, clim&aacute;ticos, etc.) nos exonera de cargo y reembolso alguno.</li>\n<li><strong>Recomendamos que los paseos en lancha o barco se programen para los primeros d&iacute;as de sus vacaciones por que dependen de condiciones clim&aacute;ticas.</strong></li>\n<li>El no presentarse en la hora y el d&iacute;a indicado despu&eacute;s de realizada la reserva genera un&nbsp;<strong>no show&nbsp;</strong>y se cobra un 100%.</li>\n<li>Tarifas no reembolsables.</li>\n<li>Debido a la actual situaci&oacute;n mundial por covid 19 se pueden presentar&nbsp;<strong>cambios de fecha y horarios</strong>&nbsp;de la actividad por protocolos de bioseguridad</li>\n<li>Revisa nuestros&nbsp;<strong><a href=\"../../home/terminos\">t&eacute;rminos y condiciones</a>&nbsp;</strong>que aplican a todas las ofertas.</li>\n</ul>','video',12,NULL),(24,24,'<ul style=\"list-style-type: circle;\">\n<li>Nos dirigimos en lancha hasta el Acuario para ver los peces en su habitat natural</li>\n<li>Disfrutaremos de la arena blanca y ese maravilloso mar de los 7 colores</li>\n<li>Nuestra estadia aca sera hasta la 1 de la tarde aproximadamente</li>\n<li>Los peces los veremos usando una careta o snorkel y sumergiendonos a poca profundidad</li>\n<li>Esta actividad es ideal para familias con ni&ntilde;os o personas que no sepan nadar</li>\n<li>El mar es de poca profundidad y sin oleaje, practicamente una picina natural</li>\n<li>El trayecto al acuario es corto y bajo condiciones atmosf&eacute;ricas normales es un recorrido tranquilo apto para adultos mayores y ni&ntilde;os</li>\n</ul>\n<p>De acuerdo a la modalidad realizaras un recorrido hasta los bancos de peces y arrecifes de corales en el bote: <strong>Aquarium Boat</strong> para ver a traves del vidrio del bote comodamente sentados el maravilloso fondo marino o solamente estaras en el cayo Acuario disfrutando del mar y los peces que nadan a nuestro alrededor.</p>','<ul>\n<li>Se recomienda llevar vestido de ba&ntilde;o, bloqueador solar, gorra y zapatos de neopreno.&nbsp;</li>\n<li>Verifica con un asesor las restricciones de las actividades y la disponibilidad.</li>\n<li>El trayecto al acuario es corto y bajo condiciones atmosf&eacute;ricas normales es un recorrido tranquilo apto para adultos mayores y ni&ntilde;os</li>\n</ul>','5 horas','<ul>\n<li><em><strong>Jet Set Viajes NO tiene asesores fuera de la oficina, por lo tanto NO se hace responsable de inconvenientes, accidentes o inconformidades, por compra de actividades fuera de nuestra agencia*</strong></em></li>\n<li><strong>Las tarifas estan sujetas a cambios y modificaciones sin previo aviso&nbsp;</strong></li>\n</ul>','incluye','no incluye','<ul>\n<li>La agencia de viajes se reserva el derecho a cambiar de operador tur&iacute;stico o trasporte si fuera necesario por otro de igual o mejor categor&iacute;a.</li>\n<li>El no cumplimiento parcial o total de los servicios por motivos ajenos y de fuerza mayor (terceros, clim&aacute;ticos, etc.) nos exonera de cargo y reembolso alguno.</li>\n<li><strong>Recomendamos que los paseos en lancha o barco se programen para los primeros d&iacute;as de sus vacaciones por que dependen de condiciones clim&aacute;ticas.</strong></li>\n<li>El no presentarse en la hora y el d&iacute;a indicado despu&eacute;s de realizada la reserva genera un&nbsp;<strong>no show&nbsp;</strong>y se cobra un 100%.</li>\n<li>Tarifas no reembolsables.</li>\n<li>Debido a la actual situaci&oacute;n mundial por covid 19 se pueden presentar&nbsp;<strong>cambios de fecha y horarios&nbsp;</strong>de la actividad por protocolos de bioseguridad</li>\n<li>Revisa nuestros&nbsp;<strong><a href=\"http://jetsetviajes.com/home/terminos\">t&eacute;rminos y condiciones</a></strong>&nbsp;que aplican a todas las ofertas.</li>\n</ul>','video',1,NULL),(25,25,'<ul style=\"list-style-type: circle;\">\n<li>En una lancha rapida llegamos a este magico islote en tan solo unos minutos</li>\n<li>Disfrutaremos de la arena blanca y ese maravilloso mar de los 7 colores</li>\n<li>Asoleate bajo el sol caribe, toma un delicioso cocoloco o pi&ntilde;a colada&nbsp;</li>\n<li>Ba&ntilde;ate en el mar y juega con las olas caracteristicas de este lugar</li>\n<li>En el islote se encuentran peque&ntilde;os restaurantes donde se prueban platos t&iacute;picos de la isla&nbsp;</li>\n</ul>','<ul>\n<li>Se recomienda llevar vestido de ba&ntilde;o, bloqueador solar, gorra y zapatos de neopreno.&nbsp;</li>\n<li>Verifica con un asesor las restricciones de las actividades y la disponibilidad.</li>\n<li>Mujeres en embarazo y adultos mayores consultar restricciones.</li>\n<li>No esta permitido el ingreso de alimentos ni bebidas a los cayos.</li>\n<li>Cuando cierran JOHNNY CAY lo reemplazamos por las hermosas playas de ROCKY CAY.</li>\n</ul>','6 ','<ul style=\"list-style-type: square;\">\n<li><em><strong>Jet Set Viajes NO tiene asesores fuera de la oficina, por lo tanto NO se hace responsable de inconvenientes, accidentes o inconformidades, por compra de actividades fuera de nuestra agencia*</strong></em></li>\n<li><strong>Las tarifas estan sujetas a cambios y modificaciones sin previo aviso&nbsp;</strong></li>\n</ul>','incluye','no incluye','<ul>\n<li>La agencia de viajes se reserva el derecho a cambiar de operador tur&iacute;stico o trasporte si fuera necesario por otro de igual o mejor categor&iacute;a.</li>\n<li>El no cumplimiento parcial o total de los servicios por motivos ajenos y de fuerza mayor (terceros, clim&aacute;ticos, etc.) nos exonera de cargo y reembolso alguno.</li>\n<li><strong>Recomendamos que los paseos en lancha o barco se programen para los primeros d&iacute;as de sus vacaciones por que dependen de condiciones clim&aacute;ticas.</strong></li>\n<li>El no presentarse en la hora y el d&iacute;a indicado despu&eacute;s de realizada la reserva genera un&nbsp;<strong>no show&nbsp;</strong>y se cobra un 100%.</li>\n<li>Tarifas no reembolsables.</li>\n<li>Debido a la actual situaci&oacute;n mundial por covid 19 se pueden presentar&nbsp;<strong>cambios de fecha y horarios&nbsp;</strong>de la actividad por protocolos de bioseguridad</li>\n<li>Revisa nuestros&nbsp;<strong><a href=\"http://jetsetviajes.com/home/terminos\">t&eacute;rminos y condiciones</a></strong>&nbsp;que aplican a todas las ofertas.</li>\n</ul>','video',2,NULL),(26,26,'descripción','info general','tiempo','observaciones voucher','incluye','no incluye','dudas y consultas','video',14,NULL),(27,27,'<ul style=\"list-style-type: circle;\">\n<li>Disfruta con este sistema de respiraci&oacute;n submarina para ver el fondo del mar</li>\n<li>Usaras aletas, una m&aacute;scara de buceo, plomos y un regulador para respirar</li>\n<li>Es como en el buceo aut&oacute;nomo; pero conectado mediante una manguera de varios metros de longitud</li>\n<li>Esta manguera esta a su vez generando el aire directamente del compresor</li>\n<li>Disfrutaras del fondo marino de una forma segura y tranquila ademas de economica</li>\n</ul>','<ul>\n<li><strong>La actividad no se debe realizar 24 horas antes de la hora de tu vuelo de regreso ni el dia de tu vuelo de llegada.</strong></li>\n<li>Se recomienda llevar vestido de ba&ntilde;o, bloqueador solar, gorra y zapatos de neopreno.</li>\n<li>Verifica con un asesor las restricciones de las actividades y la disponibilidad.</li>\n</ul>','4 horas ','<ul>\n<li><em><strong>Jet Set Viajes NO tiene asesores fuera de la oficina, por lo tanto NO se hace responsable de inconvenientes, accidentes o inconformidades, por compra de actividades fuera de nuestra agencia*</strong></em></li>\n<li><strong>Las tarifas estan sujetas a cambios y modificaciones sin previo aviso&nbsp;</strong></li>\n</ul>','incluye','no incluye','<ul>\n<li>La agencia de viajes se reserva el derecho a cambiar de operador tur&iacute;stico o trasporte si fuera necesario por otro de igual o mejor categor&iacute;a.</li>\n<li>El no cumplimiento parcial o total de los servicios por motivos ajenos y de fuerza mayor (terceros, clim&aacute;ticos, etc.) nos exonera de cargo y reembolso alguno.</li>\n<li><strong>Recomendamos que los paseos en lancha o barco se programen para los primeros d&iacute;as de sus vacaciones por que dependen de condiciones clim&aacute;ticas.</strong></li>\n<li>El no presentarse en la hora y el d&iacute;a indicado despu&eacute;s de realizada la reserva genera un&nbsp;<strong>no show&nbsp;</strong>y se cobra un 100%.</li>\n<li>Tarifas no reembolsables.</li>\n<li>Debido a la actual situaci&oacute;n mundial por covid 19 se pueden presentar&nbsp;<strong>cambios de fecha y horarios</strong>&nbsp;de la actividad por protocolos de bioseguridad</li>\n<li>Revisa nuestros&nbsp;<strong><a href=\"../../home/terminos\">t&eacute;rminos y condiciones</a>&nbsp;</strong>que aplican a todas las ofertas.</li>\n</ul>','video',10,NULL),(28,28,'<ul style=\"list-style-type: circle;\">\n<li>Recorrido de 30 minutos en un coche tradicional de caballos&nbsp;</li>\n<li>Acompa&ntilde;ados por un guia nativo por todo el centro historico</li>\n<li>Conoceremos las mas hermosas iglesias y catedrales de el centro historico</li>\n<li>La historia de Cartagena narrada en un entorno romantico y de ensue&ntilde;o</li>\n<li>Este recorrido lo puedes realizar hasta con 4 personas por el mismo valor</li>\n</ul>\n<p>&nbsp;</p>','<ul>\n<li>Por favor indicanos con anticipacion el horario a escoger</li>\n<li>Debes de comprar 1 solo cupo para 1 a 4 personas&nbsp;</li>\n<li>Verifica con un asesor las restricciones de las actividades y la disponibilidad</li>\n</ul>','30 minutos','<ul>\n<li><em><strong>Jet Set Viajes NO tiene asesores fuera de la oficina, por lo tanto NO se hace responsable de inconvenientes, accidentes o inconformidades, por compra de actividades de snorkel u otras fuera de nuestra agencia*</strong></em></li>\n<li><strong>Las tarifas estan sujetas a cambios y modificaciones sin previo aviso&nbsp;</strong></li>\n</ul>','incluye','no incluye','<ul>\n<li>La agencia de viajes se reserva el derecho a cambiar de operador tur&iacute;stico o trasporte si fuera necesario por otro de igual o mejor categor&iacute;a.</li>\n<li>El no cumplimiento parcial o total de los servicios por motivos ajenos y de fuerza mayor (terceros, clim&aacute;ticos, etc.) nos exonera de cargo y reembolso alguno.</li>\n<li>El no presentarse en la hora y el d&iacute;a indicado despu&eacute;s de realizada la reserva genera un&nbsp;<strong>no show&nbsp;</strong>y se cobra un 100%.</li>\n<li>Tarifas no reembolsables.</li>\n<li>Debido a la actual situaci&oacute;n mundial por covid 19 se pueden presentar&nbsp;<strong>cambios de fecha y horarios&nbsp;</strong>de la actividad por protocolos de bioseguridad</li>\n<li>Revisa nuestros&nbsp;<strong><a href=\"../../home/terminos\">t&eacute;rminos y condiciones</a></strong>&nbsp;que aplican a todas las ofertas.</li>\n</ul>','video',18,NULL),(29,29,'<ul style=\"list-style-type: circle;\">\n<li>Nuestro recorrido empieza en lancha desde Cartagena hasta las islas del Rosario</li>\n<li>Realizamos un recorrido panor&aacute;mico y llegamos hasta la hermosa San Martin de Pajarales</li>\n<li>Podemos ingresar al Oceanario para ver el show de delfines y tiburones adem&aacute;s diferentes especies marinas</li>\n<li>Llegaremos a medio dia a nuestro Club de Playa<strong> Jet Set Beach</strong> ubicado en el sector de Playa Tranquila</li>\n<li>Incluye un delicioso almuerzo y coctel de la casa</li>\n<li>Descansa frente al mar de Playa Blanca, en Playa Tranquila el resto de la tarde</li>\n<li>Este es un lugar exclusivo, lejos del ruido y de aglomeracion de turistas. Ideal para sumergirte en sus aguas azul turquesa</li>\n<li>Esta actividad es ideal si vas a ingresar al Oceanario de lo contrario es mejor el pasadia terrestre.</li>\n</ul>\n<p>De acuerdo a la modalidad escogida tendr&aacute;s opci&oacute;n de usar sillas reposeras, camas de playa y bohios ademas de ceviche de camarones y frutas de temporada</p>','<ul>\n<li>Se recomienda llevar vestido de ba&ntilde;o, bloqueador solar, gorra y zapatos de neopreno.&nbsp;</li>\n<li>Verifica con un asesor las restricciones de las actividades y la disponibilidad.</li>\n<li>Mujeres en embarazo consultar restricciones.</li>\n<li>Esta actividad es ideal si vas a ingresar al Oceanario de lo contrario es mejor el pasadia terrestre.</li>\n</ul>','8 horas','<ul style=\"list-style-type: square;\">\n<li><em><strong>Jet Set Viajes NO tiene asesores fuera de la oficina, por lo tanto NO se hace responsable de inconvenientes, accidentes o inconformidades, por compra de actividades de snorkel u otras fuera de nuestra agencia*</strong></em></li>\n<li><strong>Las tarifas estan sujetas a cambios y modificaciones sin previo aviso&nbsp;</strong></li>\n</ul>','incluye','no incluye','<ul>\n<li>La agencia de viajes se reserva el derecho a cambiar de operador tur&iacute;stico o trasporte si fuera necesario por otro de igual o mejor categor&iacute;a.</li>\n<li>El no cumplimiento parcial o total de los servicios por motivos ajenos y de fuerza mayor (terceros, clim&aacute;ticos, etc.) nos exonera de cargo y reembolso alguno.</li>\n<li><strong>Recomendamos que los paseos en lancha o barco se programen para los primeros d&iacute;as de sus vacaciones por que dependen de condiciones clim&aacute;ticas.</strong></li>\n<li>El no presentarse en la hora y el d&iacute;a indicado despu&eacute;s de realizada la reserva genera un <strong>no show </strong>y se cobra un 100%.</li>\n<li>Tarifas no reembolsables.</li>\n<li>Debido a la actual situaci&oacute;n mundial por covid 19 se pueden presentar <strong>cambios de fecha y horarios </strong>de la actividad por protocolos de bioseguridad</li>\n<li>Revisa nuestros <strong><a href=\"http://jetsetviajes.com/home/terminos\">t&eacute;rminos y condiciones</a></strong>&nbsp;que aplican a todas las ofertas.</li>\n</ul>','video',21,NULL),(30,30,'descripción','info general','tiempo','observaciones voucher','incluye','no incluye','dudas y consultas','video',20,NULL),(31,31,'descripción','info general','tiempo','observaciones voucher','incluye','no incluye','dudas y consultas','video',7,NULL),(32,32,'descripción','info general','tiempo','observaciones voucher','incluye','no incluye','dudas y consultas','video',8,NULL),(33,33,'<ul style=\"list-style-type: circle;\">\n<li>Recorrido de 4 horas en vehiculo climatizado pasando por Barranquilla</li>\n<li>En Barranquilla hacemos un paseo panoramico por las principales calles</li>\n<li>Se incluye un desayuno tipico coste&ntilde;o: arepa de huevo y jugo de naranja o cafe&nbsp;</li>\n<li>Llegaremos a la ciudad de Santa Marta entramos a La Hacienda \"Quinta de San Pedro Alejandrino\"&nbsp;</li>\n<li>Visita a la estatua del Pibe Valderrama, paseo por la Bahia de la Marina, Parque de los novios</li>\n<li>Pasamos por la Catedral, Plaza de Bolivar y algunas calles coloniales</li>\n<li>Abordaremos una lancha hacia Playa Blanca para tomar un delicioso almuerzo tipico</li>\n<li>Pasaremos un rato en playa y disfrutaremos del sol y mar de este lugar</li>\n<li>De regreso paramos en Barranquilla; en el Caiman del Rio, hermoso corredor vial a orilla del Magadalena</li>\n<li>Tambien paramos en la ventana al Mundo que es el monumento mas alto de latinoamerica</li>\n<li>Todo el tiempo acompa&ntilde;ados de un gu&iacute;a especializado</li>\n</ul>','<ul>\n<li>Se recomienda llevar vestido de ba&ntilde;o, bloqueador solar, gorra, zapatos de neopreno y ropa de cambio.</li>\n<li>Verifica con un asesor las restricciones de las actividades y la disponibilidad.</li>\n</ul>','1 dia ','<ul>\n<li><em><strong>Jet Set Viajes NO tiene asesores fuera de la oficina, por lo tanto NO se hace responsable de inconvenientes, accidentes o inconformidades, por compra de actividades de snorkel u otras fuera de nuestra agencia*</strong></em></li>\n<li><strong>Las tarifas estan sujetas a cambios y modificaciones sin previo aviso&nbsp;</strong></li>\n</ul>','incluye','no incluye','<ul>\n<li>La agencia de viajes se reserva el derecho a cambiar de operador tur&iacute;stico o trasporte si fuera necesario por otro de igual o mejor categor&iacute;a.</li>\n<li>El no cumplimiento parcial o total de los servicios por motivos ajenos y de fuerza mayor (terceros, clim&aacute;ticos, etc.) nos exonera de cargo y reembolso alguno.</li>\n<li>El no presentarse en la hora y el d&iacute;a indicado despu&eacute;s de realizada la reserva genera un&nbsp;<strong>no show&nbsp;</strong>y se cobra un 100%.</li>\n<li>Tarifas no reembolsables.</li>\n<li>Debido a la actual situaci&oacute;n mundial por covid 19 se pueden presentar&nbsp;<strong>cambios de fecha y horarios</strong>&nbsp;de la actividad por protocolos de bioseguridad</li>\n<li>Revisa nuestras&nbsp;<strong><a href=\"../../home/terminos\">t&eacute;rminos y condiciones</a></strong>&nbsp;que aplican a todas las ofertas.</li>\n</ul>','video',33,NULL),(34,34,'<ul style=\"list-style-type: circle;\">\n<li class=\" gdlr-core-skin-divider clearfix\">\n<div class=\"gdlr-core-icon-list-content-wrap\"><span class=\"gdlr-core-icon-list-content\">Transporte en veh&iacute;culo Turibus de dos pisos &uacute;nico en Medell&iacute;n, con el piso superior 100% panor&aacute;mico </span></div>\n</li>\n<li class=\" gdlr-core-skin-divider clearfix\">\n<div class=\"gdlr-core-icon-list-content-wrap\"><span class=\"gdlr-core-icon-list-content\">Podr&aacute;s disfrutar de un incre&iacute;ble paisaje de la ciudad, nuestro tradicional Turibus tipo tranv&iacute;a, o veh&iacute;culo especial de turismo Seditrans</span></div>\n</li>\n<li class=\" gdlr-core-skin-divider clearfix\">\n<div class=\"gdlr-core-icon-list-content-wrap\"><span class=\"gdlr-core-icon-list-content\">Gu&iacute;a de Turismo acompa&ntilde;ante que estar&aacute; encantado de contarte historia, an&eacute;cdotas y mostrarte la cultura de nuestra ciudad </span></div>\n</li>\n<li class=\" gdlr-core-skin-divider clearfix\">\n<div class=\"gdlr-core-icon-list-content-wrap\"><span class=\"gdlr-core-icon-list-content\">Recorrido por los principales atractivos tur&iacute;sticos de Medell&iacute;n a trav&eacute;s de nuestras paradas:</span></div>\n</li>\n<li class=\" gdlr-core-skin-divider clearfix\">\n<div class=\"gdlr-core-icon-list-content-wrap\">Parque El Poblado &ndash; Con descenso &bull; Puente de la 4 Sur - Panor&aacute;mico &bull; Parque Conmemorativo Inflexi&oacute;n - Con descenso &bull; Mirador de Las Palmas &ndash; Con descenso &bull; Parque de los Pies Descalzos, Plaza Mayor y Parques del R&iacute;o - Con descenso &bull; Mercados del R&iacute;o - Con descenso &bull; Cerro Nutibara y Pueblito Paisa - Con descenso</div>\n</li>\n</ul>','<ul>\n<li>Se recomienda llevar ropa comoda, bloqueador solar y gorra</li>\n<li>Verifica con un asesor las restricciones de las actividades y la disponibilidad</li>\n<li>No se garantiza el vehiculo de 2 pisos, este esta sujeto a disponibilidad y cantidad de pasajeros</li>\n</ul>','7 horas ','<ul style=\"list-style-type: square;\">\n<li><strong>Las tarifas estan sujetas a cambios y modificaciones sin previo aviso&nbsp;</strong></li>\n</ul>','incluye','no incluye','<ul>\n<li>La agencia de viajes se reserva el derecho a cambiar de operador tur&iacute;stico o trasporte si fuera necesario por otro de igual o mejor categor&iacute;a.</li>\n<li>El no cumplimiento parcial o total de los servicios por motivos ajenos y de fuerza mayor (terceros, clim&aacute;ticos, etc.) nos exonera de cargo y reembolso alguno.</li>\n<li>El no presentarse en la hora y el d&iacute;a indicado despu&eacute;s de realizada la reserva genera un <strong>no show </strong>y se cobra un 100%.</li>\n<li>Tarifas no reembolsables.</li>\n<li>Debido a la actual situaci&oacute;n mundial por covid 19 se pueden presentar <strong>cambios de fecha y horarios</strong> de la actividad por protocolos de bioseguridad</li>\n<li>Revisa nuestros <strong><a href=\"../../home/terminos\">t&eacute;rminos y condiciones</a></strong>&nbsp;que aplican a todas las ofertas.</li>\n</ul>','video',1,NULL),(35,35,'descripción','info general','tiempo','observaciones voucher','incluye','no incluye','dudas y consultas','video',15,NULL),(36,36,'<ul style=\"list-style-type: circle;\">\n<li>Vive la experiencia de navegar en un barco por el mar de 7 colores</li>\n<li>Relajate y disfruta bajo el sol y la brisa caribe&ntilde;a</li>\n<li>Baila al ritmo del reggae y muchos ritmos mas</li>\n<li>Pasa un rato espectacular en nuestro famoso crucero <strong>Riviel</strong></li>\n<li>Tienes opciones para escoger y realizar el recorrido</li>\n<li>Recorrido panoramico por el muelle departamental y el acuario</li>\n</ul>\n<p>De acuerdo con la modalidad escogida tendr&aacute;s opci&oacute;n de realizar el recorrido en la ma&ntilde;ana o al atardecer.</p>','<ul>\n<li>Se recomienda llevar vestido de ba&ntilde;o, bloqueador solar, gorra y zapatos de neopreno.&nbsp;</li>\n<li>Verifica con un asesor las restricciones de las actividades y la disponibilidad</li>\n</ul>','2 horas','<ul style=\"list-style-type: square;\">\n<li><em><strong>Jet Set Viajes NO tiene asesores fuera de la oficina, por lo tanto NO se hace responsable de inconvenientes, accidentes o inconformidades, por compra de actividades fuera de nuestra agencia*</strong></em></li>\n<li><strong>Las tarifas estan sujetas a cambios y modificaciones sin previo aviso&nbsp;</strong></li>\n</ul>','incluye','no incluye','<ul>\n<li>La agencia de viajes se reserva el derecho a cambiar de operador tur&iacute;stico o trasporte si fuera necesario por otro de igual o mejor categor&iacute;a.</li>\n<li>El no cumplimiento parcial o total de los servicios por motivos ajenos y de fuerza mayor (terceros, clim&aacute;ticos, etc.) nos exonera de cargo y reembolso alguno.</li>\n<li><strong>Recomendamos que los paseos en lancha o barco se programen para los primeros d&iacute;as de sus vacaciones por que dependen de condiciones clim&aacute;ticas.</strong></li>\n<li>El no presentarse en la hora y el d&iacute;a indicado despu&eacute;s de realizada la reserva genera un <strong>no show </strong>y se cobra un 100%.</li>\n<li>Tarifas no reembolsables.</li>\n<li>Debido a la actual situaci&oacute;n mundial por covid 19 se pueden presentar <strong>cambios de fecha y horarios </strong>de la actividad por protocolos de bioseguridad</li>\n<li>Revisa nuestras&nbsp;<strong><a href=\"../../home/terminos\">t&eacute;rminos y condiciones</a>&nbsp;</strong>que aplican a todas las ofertas.</li>\n</ul>','video',3,NULL),(37,37,'descripción','info general','tiempo','observaciones voucher','incluye','no incluye','dudas y consultas','video',16,NULL),(38,38,'<ul style=\"list-style-type: circle;\">\n<li>Interesante visita a las estribaciones de la Sierra Nevada de Santa Marta</li>\n<li>Realizamos una caminata ecologica de aproximadamente 1 hora entre ascender y descender</li>\n<li>Pasaremos por riachuelos hasta los pozos donde se disfrutaran las cascadas de Quebrada Valencia</li>\n<li>Terminamos en el sector de Buritaca, donde est&aacute; el estuario, encuentro del rio con el mar</li>\n<li>Se puede tomar un ba&ntilde;o en el rio Buritaca principal de la Sierra Nevada o en el mar Caribe</li>\n<li>Disfrutaras de un lugar ecol&oacute;gico ideal para el descanso</li>\n</ul>\n<p>De acuerdo a la modalidad escogida tendras la opcion de almorzar en Buritaca</p>','<ul>\n<li>Se recomienda llevar vestido de ba&ntilde;o, bloqueador solar, gorra y zapatos de neopreno.&nbsp;</li>\n<li>Verifica con un asesor las restricciones de las actividades y la disponibilidad.</li>\n</ul>','8 horas','<section class=\"pt50 pb50 listingDetails Campaigns\">\n<div class=\"container\">\n<div class=\"row\">\n<div class=\"col-lg-12 pl-1 pr-1\">\n<div class=\"tab-content p-4\">\n<div id=\"info\" class=\"tab-pane active\">\n<ul style=\"list-style-type: square;\">\n<li><em><strong>Armatumochila.com NO tiene asesores fuera de la oficina, por lo tanto NO se hace responsable de inconvenientes, accidentes o inconformidades, por compra de actividades de snorkel u otras fuera de nuestra agencia*</strong></em></li>\n</ul>\n<ul style=\"list-style-type: square;\">\n<li><strong>Las tarifas estan sujetas a cambios y modificaciones sin previo aviso&nbsp;</strong></li>\n</ul>\n</div>\n</div>\n</div>\n</div>\n</div>\n</section>\n<footer class=\"footer footer-dark pt-6 position-relative\">\n<div class=\"footer-content\">\n<div class=\"container\">\n<div class=\"row\">\n<div class=\"col-md-2 col-sm-4 order-sm-2\">\n<div class=\"widget\">\n<p>&nbsp;</p>\n</div>\n</div>\n</div>\n</div>\n</div>\n</footer>','incluye','no incluye','<ul>\n<li>La agencia de viajes se reserva el derecho a cambiar de operador tur&iacute;stico o trasporte si fuera necesario por otro de igual o mejor categor&iacute;a.</li>\n<li>El no cumplimiento parcial o total de los servicios por motivos ajenos y de fuerza mayor (terceros, clim&aacute;ticos, etc.) nos exonera de cargo y reembolso alguno.</li>\n<li><strong>Recomendamos que los paseos en lancha o barco se programen para los primeros d&iacute;as de sus vacaciones por que dependen de condiciones clim&aacute;ticas.</strong></li>\n<li>El no presentarse en la hora y el d&iacute;a indicado despu&eacute;s de realizada la reserva genera un&nbsp;<strong>no show&nbsp;</strong>y se cobra un 100%.</li>\n<li>Tarifas no reembolsables.</li>\n<li>Debido a la actual situaci&oacute;n mundial por covid 19 se pueden presentar&nbsp;<strong>cambios de fecha y horarios&nbsp;</strong>de la actividad por protocolos de bioseguridad</li>\n<li>Revisa nuestros&nbsp;<strong><a href=\"http://jetsetviajes.com/home/terminos\">t&eacute;rminos y condiciones</a></strong>&nbsp;que aplican a todas las ofertas.</li>\n</ul>','video',4,NULL),(39,39,'<ul style=\"list-style-type: circle;\">\n<li>Recorrido terrestre de 60 minutos hasta el sector de Palangana, entrada al parque Tayrona</li>\n<li>Llegamos al mirador de las Siete Olas, donde nos bajamos a tomar fotos 10 minutos</li>\n<li>Bajamos hasta el sector de Neguanje, para abordar una lancha 8 minutos hasta Playa Cristal</li>\n<li>Siete Olas, hermosa playa donde podemos disfrutar del hermoso mar cristalino y pasar una excelente tarde</li>\n<li>Disfrutaremos de un delicioso almuerzo en esta hermosa playa</li>\n</ul>','<ul>\n<li>Se recomienda llevar vestido de ba&ntilde;o, bloqueador solar, gorra y zapatos de neopreno.&nbsp;</li>\n<li>Verifica con un asesor las restricciones de las actividades y la disponibilidad.</li>\n</ul>','8 horas','<ul style=\"list-style-type: square;\">\n<li><em><strong>Jet Set Viajes NO tiene asesores fuera de la oficina, por lo tanto NO se hace responsable de inconvenientes, accidentes o inconformidades, por compra de actividades de snorkel u otras fuera de nuestra agencia*</strong></em></li>\n<li><strong>Las tarifas estan sujetas a cambios y modificaciones sin previo aviso&nbsp;</strong></li>\n</ul>','incluye','no incluye','<ul>\n<li>La agencia de viajes se reserva el derecho a cambiar de operador tur&iacute;stico o trasporte si fuera necesario por otro de igual o mejor categor&iacute;a.</li>\n<li>El no cumplimiento parcial o total de los servicios por motivos ajenos y de fuerza mayor (terceros, clim&aacute;ticos, etc.) nos exonera de cargo y reembolso alguno.</li>\n<li><strong>Recomendamos que los paseos en lancha o barco se programen para los primeros d&iacute;as de sus vacaciones por que dependen de condiciones clim&aacute;ticas.</strong></li>\n<li>El no presentarse en la hora y el d&iacute;a indicado despu&eacute;s de realizada la reserva genera un&nbsp;<strong>no show&nbsp;</strong>y se cobra un 100%.</li>\n<li>Tarifas no reembolsables.</li>\n<li>Debido a la actual situaci&oacute;n mundial por covid 19 se pueden presentar&nbsp;<strong>cambios de fecha y horarios&nbsp;</strong>de la actividad por protocolos de bioseguridad</li>\n<li>Revisa nuestros&nbsp;<strong><a href=\"http://jetsetviajes.com/home/terminos\">t&eacute;rminos y condiciones</a></strong>&nbsp;que aplican a todas las ofertas.</li>\n</ul>','video',16,NULL),(40,40,'<ul>\n<li>Realizamos un recorrido panor&aacute;mico por las Islas del Archipielago</li>\n<li>Llegamos a una de las mas tradicionales y reconocidas islas del Rosario</li>\n<li>Disfrutaras de un delicioso almuerzo tipo buffet</li>\n<li>Contamos con piscina para ti y los mas peque&ntilde;os</li>\n<li>Comodas instalaciones con sillas asoleadoras, bar y restaurante</li>\n<li>Opcion de snorkel o paseos por los manglares</li>\n</ul>','<ul>\n<li>Se recomienda llevar vestido de ba&ntilde;o, bloqueador solar, gorra y zapatos de neopreno.&nbsp;</li>\n<li>Verifica con un asesor las restricciones de las actividades y la disponibilidad.</li>\n<li>Mujeres en embarazo consultar restricciones.</li>\n</ul>','8 horas','<ul>\n<li><em><strong>Jet Set Viajes NO tiene asesores fuera de la oficina, por lo tanto NO se hace responsable de inconvenientes, accidentes o inconformidades, por compra de actividades de snorkel u otras fuera de nuestra agencia*</strong></em></li>\n<li><strong>Las tarifas estan sujetas a cambios y modificaciones sin previo aviso&nbsp;</strong></li>\n</ul>','incluye','no incluye','<ul>\n<li>La agencia de viajes se reserva el derecho a cambiar de operador tur&iacute;stico o trasporte si fuera necesario por otro de igual o mejor categor&iacute;a.</li>\n<li>El no cumplimiento parcial o total de los servicios por motivos ajenos y de fuerza mayor (terceros, clim&aacute;ticos, etc.) nos exonera de cargo y reembolso alguno.</li>\n<li><strong>Recomendamos que los paseos en lancha o barco se programen para los primeros d&iacute;as de sus vacaciones por que dependen de condiciones clim&aacute;ticas.</strong></li>\n<li>El no presentarse en la hora y el d&iacute;a indicado despu&eacute;s de realizada la reserva genera un&nbsp;<strong>no show&nbsp;</strong>y se cobra un 100%.</li>\n<li>Tarifas no reembolsables.</li>\n<li>Debido a la actual situaci&oacute;n mundial por covid 19 se pueden presentar&nbsp;<strong>cambios de fecha y horarios</strong>&nbsp;de la actividad por protocolos de bioseguridad</li>\n<li>Revisa nuestros&nbsp;<strong><a href=\"http://jetsetviajes.com/home/terminos\">t&eacute;rminos y condiciones</a></strong>&nbsp;que aplican a todas las ofertas.</li>\n</ul>','video',26,NULL),(41,41,'descripción','info general','tiempo','observaciones voucher','incluye','no incluye','dudas y consultas','video',21,NULL),(42,42,'<ul style=\"list-style-type: circle;\">\n<li>Recorrido de 10 minutos en lancha desde la Bah&iacute;a del Rodadero hasta Playa Blanca</li>\n<li>Excelte pasadia para compartir en familia, tranquilo, soleado con una hermosa arena blanca y un mar azul turquesa</li>\n<li><span style=\"vertical-align: inherit;\"><span style=\"vertical-align: inherit;\">Actividades para realizar en esta espectacular playa, snorkeling en aguas color turquesa (pagando un valor adicional)</span></span></li>\n<li>Puedes tomar la opci&ograve;n de almorzar un delicioso plato tipico estilo buffet en nuestro restaurante de Playa Blanca</li>\n</ul>\n<p>Segun su modalidad tendras la opcion de almorzar en Playa Blanca&nbsp; <strong>La Pikua</strong></p>','<ul style=\"list-style-type: circle;\">\n<li>Se recomienda llevar vestido de ba&ntilde;o, bloqueador solar, gorra y zapatos de neopreno.&nbsp;</li>\n<li>Verifica con tu asesor las <strong>restricciones</strong> de las actividades y la disponibilidad.</li>\n</ul>','8 horas','<ul style=\"list-style-type: square;\">\n<li><em><strong>Armatumochila.com NO tiene asesores fuera de la oficina, por lo tanto NO se hace responsable de inconvenientes, accidentes o inconformidades, por compra de actividades de snorkel u otras fuera de nuestra agencia*</strong></em></li>\n<li><strong>Las tarifas estan sujetas a cambios y modificaciones sin previo aviso&nbsp;</strong></li>\n</ul>','incluye','no incluye','<ul style=\"list-style-type: circle;\">\n<li><strong>ARMA TU MOCHILA NO</strong> tiene asesores fuera de la oficina, por lo tanto NO se hace responsable de inconvenientes, accidentes o inconformidades, por compra de actividades fuera de nuestra agencia o pagina web&nbsp;</li>\n<li>Las tarifas estan sujetas a cambios y modificaciones sin previo aviso.&nbsp;</li>\n<li><strong>ARMA TU MOCHILA</strong> se reserva el derecho a cambiar de operador tur&iacute;stico o trasporte si fuera necesario por otro de igual o mejor categor&iacute;a.&nbsp;</li>\n<li>El no cumplimiento parcial o total de los servicios por motivos ajenos y de fuerza mayor (terceros, clim&aacute;ticos, etc.) nos exonera de cargo y reembolso alguno.&nbsp;</li>\n<li>Recomendamos que los paseos en lancha o barco se programen para los primeros d&iacute;as de sus vacaciones por que dependen de condiciones clim&aacute;ticas.&nbsp;</li>\n<li>El no presentarse en la hora y el d&iacute;a indicado despu&eacute;s de realizada la reserva genera un no show y se cobra un 100%.</li>\n<li>Tarifas no reembolsables.</li>\n<li>Debido a la actual situaci&oacute;n mundial por <strong>covid 19</strong> se pueden presentar cambios de fecha y horarios de la actividad por protocolos de bioseguridad.</li>\n<li>Revisa nuestros t&eacute;rminos y condiciones que aplican a todas las ofertas.</li>\n</ul>','video',1,NULL),(43,43,'<ul style=\"list-style-type: circle;\">\n<li>Nos dirigimos en bote con fondo de vidrio hasta el Acuario</li>\n<li>Este recorrido se realiza comodamente sentados mirando a traves del vidrio&nbsp;</li>\n<li>No es necesario saber nadar ni sumergirse</li>\n<li>Luego de unas horas nos dirigimos a la zona de mantarayas para observarlas en su habitat natural</li>\n<li>No se realizara ninguna actividad de interaccion que ponga en peligro las especies marinas</li>\n<li>Seguimos hacia la bahia para conocer el muelle departamental y sus alrededores</li>\n<li>LLegamos a una bella e importante zona de nuestro ecosistema \"los manglares\"</li>\n<li>Se recorren durante un rato para conocer la importancia y belleza de este lugar</li>\n<li>El trayecto bajo condiciones atmosf&eacute;ricas normales es un recorrido tranquilo apto para adultos mayores y ni&ntilde;os.</li>\n</ul>','<ul>\n<li>Se recomienda llevar vestido de ba&ntilde;o, bloqueador solar, gorra y zapatos de neopreno.&nbsp;</li>\n<li>Verifica con un asesor las restricciones de las actividades y la disponibilidad.</li>\n</ul>','5 horas','<ul>\n<li><em><strong>Jet Set Viajes NO tiene asesores fuera de la oficina, por lo tanto NO se hace responsable de inconvenientes, accidentes o inconformidades, por compra de actividades fuera de nuestra agencia*</strong></em></li>\n<li><strong>Las tarifas estan sujetas a cambios y modificaciones sin previo aviso&nbsp;</strong></li>\n</ul>','incluye','no incluye','<ul>\n<li>La agencia de viajes se reserva el derecho a cambiar de operador tur&iacute;stico o trasporte si fuera necesario por otro de igual o mejor categor&iacute;a.</li>\n<li>El no cumplimiento parcial o total de los servicios por motivos ajenos y de fuerza mayor (terceros, clim&aacute;ticos, etc.) nos exonera de cargo y reembolso alguno.</li>\n<li><strong>Recomendamos que los paseos en lancha o barco se programen para los primeros d&iacute;as de sus vacaciones por que dependen de condiciones clim&aacute;ticas.</strong></li>\n<li>El no presentarse en la hora y el d&iacute;a indicado despu&eacute;s de realizada la reserva genera un&nbsp;<strong>no show&nbsp;</strong>y se cobra un 100%.</li>\n<li>Tarifas no reembolsables.</li>\n<li>Debido a la actual situaci&oacute;n mundial por covid 19 se pueden presentar&nbsp;<strong>cambios de fecha y horarios&nbsp;</strong>de la actividad por protocolos de bioseguridad</li>\n<li>Revisa nuestros&nbsp;<strong><a href=\"http://jetsetviajes.com/home/terminos\">t&eacute;rminos y condiciones</a></strong>&nbsp;que aplican a todas las ofertas.</li>\n</ul>','video',5,NULL),(44,44,'descripción','info general','tiempo','observaciones voucher','incluye','no incluye','dudas y consultas','video',44,NULL),(45,45,'<ul style=\"list-style-type: circle;\">\n<li>Comparte con tu familia, amigos y disfruta en este maravilloso tour de la navidad</li>\n<li>Sorpr&eacute;ndete con la magia de las figuras iluminadas que Medell&iacute;n, Envigado, Sabaneta o Itag&uuml;&iacute; tienen preparadas para ti</li>\n<li>Acomp&aacute;&ntilde;anos a partir del 03 de diciembre de 2021 hasta el 11 de enero de 2022</li>\n<li>&iexcl;Experiencias y momentos! Que deseamos vivir contigo</li>\n<li><span class=\"gdlr-core-icon-list-content\">Recorrido por los principales alumbrados con 3 paradas con descenso, entre ellos puede ser: </span></li>\n<li><span class=\"gdlr-core-icon-list-content\">Parques del R&iacute;o, Parque Norte, Itag&uuml;&iacute;, Envigado o Sabaneta</span></li>\n<li><span class=\"gdlr-core-icon-list-caption\">El recorrido puede cambiar o modificarse seg&uacute;n movilidad vehicular y disponibilidad</span></li>\n</ul>','<ul>\n<li>Se recomienda llevar ropa comoda, bloqueador solar y gorra</li>\n<li>Verifica con un asesor las restricciones de las actividades y la disponibilidad</li>\n<li class=\" gdlr-core-skin-divider clearfix\">\n<div class=\"gdlr-core-icon-list-content-wrap\"><span class=\"gdlr-core-icon-list-content\">Los d&iacute;as que opere el Turibus de 2 pisos, se tendr&aacute; en cuenta las personas que compraron anticipadamente para ubicarse en el segundo piso. </span></div>\n</li>\n<li class=\" gdlr-core-skin-divider clearfix\">\n<div class=\"gdlr-core-icon-list-content-wrap\"><span class=\"gdlr-core-icon-list-content\">No se guardan asientos</span></div>\n</li>\n<li class=\" gdlr-core-skin-divider clearfix\">\n<div class=\"gdlr-core-icon-list-content-wrap\"><span class=\"gdlr-core-icon-list-content\">No se garantiza el Turibus de 2 pisos para los recorridos navide&ntilde;os</span></div>\n</li>\n</ul>','5 horas','<ul style=\"list-style-type: square;\">\n<li><strong>Las tarifas estan sujetas a cambios y modificaciones sin previo aviso&nbsp;</strong></li>\n<li><strong>Este plan opera del 03 de diciembre de 2021 al 11 de enero de 2022.</strong></li>\n</ul>','incluye','no incluye','<ul>\n<li>La agencia de viajes se reserva el derecho a cambiar de operador tur&iacute;stico o trasporte si fuera necesario por otro de igual o mejor categor&iacute;a.</li>\n<li>El no cumplimiento parcial o total de los servicios por motivos ajenos y de fuerza mayor (terceros, clim&aacute;ticos, etc.) nos exonera de cargo y reembolso alguno.</li>\n<li>El no presentarse en la hora y el d&iacute;a indicado despu&eacute;s de realizada la reserva genera un <strong>no show </strong>y se cobra un 100%.</li>\n<li>Tarifas no reembolsables.</li>\n<li>Debido a la actual situaci&oacute;n mundial por covid 19 se pueden presentar <strong>cambios de fecha y horarios</strong> de la actividad por protocolos de bioseguridad</li>\n<li>Revisa nuestros <strong><a href=\"../../home/terminos\">t&eacute;rminos y condiciones</a></strong>&nbsp;que aplican a todas las ofertas.</li>\n</ul>','video',2,NULL),(46,46,'descripción','info general','tiempo','observaciones voucher','incluye','no incluye','dudas y consultas','video',17,NULL),(47,47,'descripción','info general','tiempo','observaciones voucher','incluye','no incluye','dudas y consultas','video',18,NULL),(48,48,'descripción','info general','tiempo','observaciones voucher','incluye','no incluye','dudas y consultas','video',2,NULL),(49,49,'descripción','info general','tiempo','observaciones voucher','incluye','no incluye','dudas y consultas','video',4,NULL),(50,50,'descripción','info general','tiempo','observaciones voucher','incluye','no incluye','dudas y consultas','video',5,NULL),(51,51,'descripción','info general','tiempo','observaciones voucher','incluye','no incluye','dudas y consultas','video',14,NULL),(52,52,'<ul style=\"list-style-type: circle;\">\n<li>Nos dirigimos en lancha hasta el Acuario y Johnny Cay</li>\n<li>Gozate la magia del caribe con unos cocolocos o pi&ntilde;as coladas al ritmo del reggae</li>\n<li>Luego de unas horas nos dirigimos a la zona de mantarayas para observarlas en su habitat natural</li>\n<li>No se realizara ninguna actividad de interaccion que ponga en peligro las especies marinas</li>\n<li>Paseo por la bahia para conocer el muelle departamental y sus alrededores</li>\n<li>LLegamos a una zona vital de nuestro ecosistema \"los manglares\"</li>\n<li>Se recorren durante un rato para conocer la importancia y belleza de este lugar</li>\n</ul>','<ul>\n<li>Se recomienda llevar vestido de ba&ntilde;o, bloqueador solar, gorra y zapatos de neopreno.&nbsp;</li>\n<li>Verifica con un asesor las restricciones de las actividades y la disponibilidad.</li>\n<li>Mujeres en embarazo y adultos mayores consultar restricciones.</li>\n<li>No esta permitido el ingreso de alimentos ni bebidas a los cayos.</li>\n<li>Cuando cierran JOHNNY CAY lo reemplazamos por las hermosas playas de ROCKY CAY.</li>\n</ul>','8 horas','<ul>\n<li><em><strong>Jet Set Viajes NO tiene asesores fuera de la oficina, por lo tanto NO se hace responsable de inconvenientes, accidentes o inconformidades, por compra de actividades fuera de nuestra agencia*</strong></em></li>\n<li><strong>Las tarifas estan sujetas a cambios y modificaciones sin previo aviso&nbsp;</strong></li>\n</ul>','incluye','no incluye','<ul>\n<li>La agencia de viajes se reserva el derecho a cambiar de operador tur&iacute;stico o trasporte si fuera necesario por otro de igual o mejor categor&iacute;a.</li>\n<li>El no cumplimiento parcial o total de los servicios por motivos ajenos y de fuerza mayor (terceros, clim&aacute;ticos, etc.) nos exonera de cargo y reembolso alguno.</li>\n<li><strong>Recomendamos que los paseos en lancha o barco se programen para los primeros d&iacute;as de sus vacaciones por que dependen de condiciones clim&aacute;ticas.</strong></li>\n<li>El no presentarse en la hora y el d&iacute;a indicado despu&eacute;s de realizada la reserva genera un&nbsp;<strong>no show&nbsp;</strong>y se cobra un 100%.</li>\n<li>Tarifas no reembolsables.</li>\n<li>Debido a la actual situaci&oacute;n mundial por covid 19 se pueden presentar&nbsp;<strong>cambios de fecha y horarios&nbsp;</strong>de la actividad por protocolos de bioseguridad</li>\n<li>Revisa nuestros&nbsp;<strong><a href=\"http://jetsetviajes.com/home/terminos\">t&eacute;rminos y condiciones</a></strong>&nbsp;que aplican a todas las ofertas.</li>\n</ul>','video',7,NULL),(53,53,'<ul>\n<li>Recorrido de 10 minutos en lancha hasta el Acuario&nbsp;</li>\n<li>Luego de disfrutar de los shows y del ingreso a los museos</li>\n<li>Interactua con los delfines y nada con ellos durante 7 minutos dentro del mar&nbsp;</li>\n<li>Te puedes sumergir con ellos en las peceras y tomarse fotos</li>\n<li>Despues puedes pasar una tarde inolvidable en Playa Blanca, hermoso lugar de aguas claras y arena blanca</li>\n<li>En Playa Blanca disfrutaras de un delicioso almuerzo tipico en nuestro restaurante La Pikua</li>\n</ul>','<ul>\n<li>Se recomienda llevar vestido de ba&ntilde;o, bloqueador solar, gorra y zapatos de neopreno.&nbsp;</li>\n<li>Verifica con un asesor las restricciones de las actividades y la disponibilidad.</li>\n</ul>','8 horas','<ul style=\"list-style-type: square;\">\n<li><em><strong>Jet Set Viajes NO tiene asesores fuera de la oficina, por lo tanto NO se hace responsable de inconvenientes, accidentes o inconformidades, por compra de actividades de snorkel u otras fuera de nuestra agencia*</strong></em></li>\n<li><strong>Las tarifas estan sujetas a cambios y modificaciones sin previo aviso&nbsp;</strong></li>\n</ul>','incluye','no incluye','<ul>\n<li>La agencia de viajes se reserva el derecho a cambiar de operador tur&iacute;stico o trasporte si fuera necesario por otro de igual o mejor categor&iacute;a.</li>\n<li>El no cumplimiento parcial o total de los servicios por motivos ajenos y de fuerza mayor (terceros, clim&aacute;ticos, etc.) nos exonera de cargo y reembolso alguno.</li>\n<li><strong>Recomendamos que los paseos en lancha o barco se programen para los primeros d&iacute;as de sus vacaciones por que dependen de condiciones clim&aacute;ticas.</strong></li>\n<li>El no presentarse en la hora y el d&iacute;a indicado despu&eacute;s de realizada la reserva genera un&nbsp;<strong>no show&nbsp;</strong>y se cobra un 100%.</li>\n<li>Tarifas no reembolsables.</li>\n<li>Debido a la actual situaci&oacute;n mundial por covid 19 se pueden presentar&nbsp;<strong>cambios de fecha y horarios&nbsp;</strong>de la actividad por protocolos de bioseguridad</li>\n<li>Revisa nuestros&nbsp;<strong><a href=\"http://jetsetviajes.com/home/terminos\">t&eacute;rminos y condiciones</a></strong>&nbsp;que aplican a todas las ofertas.</li>\n</ul>','video',18,NULL),(54,54,'<ul>\n<li>G&oacute;zate la mas maravillosa fiesta nocturna con bebidas a bordo y diversi&oacute;n</li>\n<li>Disfrutaremos de bar abierto, ron con cola, vodka con naranja, gaseosa, agua</li>\n<li>Durante este recorrido tenemos m&uacute;sica, concursos y mucha diversi&oacute;n a bordo</li>\n<li>Bailes t&iacute;picos y recreaci&oacute;n dirigida</li>\n</ul>\n<p>De acuerdo a la modalidad puedes salir en el recorrido de Lunes, MIercoles, Viernes y Sabado en el <strong>Yate Rumba</strong> o los Domingos en la <strong>Rumba Rasta.</strong></p>','<ul>\n<li>Se recomienda llevar zapatos comodos, no tacones</li>\n<li>Verifica con un asesor las restricciones de las actividades y la disponibilidad</li>\n<li>No esta premitido el ingreso de menores de edad</li>\n</ul>','3 horas','<ul style=\"list-style-type: square;\">\n<li><em><strong>Jet Set Viajes NO tiene asesores fuera de la oficina, por lo tanto NO se hace responsable de inconvenientes, accidentes o inconformidades, por compra de actividades fuera de nuestra agencia*</strong></em></li>\n<li><strong>Las tarifas estan sujetas a cambios y modificaciones sin previo aviso&nbsp;</strong></li>\n</ul>','incluye','no incluye','<ul>\n<li>La agencia de viajes se reserva el derecho a cambiar de operador tur&iacute;stico o trasporte si fuera necesario por otro de igual o mejor categor&iacute;a.</li>\n<li>El no cumplimiento parcial o total de los servicios por motivos ajenos y de fuerza mayor (terceros, clim&aacute;ticos, etc.) nos exonera de cargo y reembolso alguno.</li>\n<li><strong>Recomendamos que los paseos en lancha o barco se programen para los primeros d&iacute;as de sus vacaciones por que dependen de condiciones clim&aacute;ticas.</strong></li>\n<li>El no presentarse en la hora y el d&iacute;a indicado despu&eacute;s de realizada la reserva genera un&nbsp;<strong>no show&nbsp;</strong>y se cobra un 100%.</li>\n<li>Tarifas no reembolsables.</li>\n<li>Debido a la actual situaci&oacute;n mundial por covid 19 se pueden presentar&nbsp;<strong>cambios de fecha y horarios&nbsp;</strong>de la actividad por protocolos de bioseguridad</li>\n<li>Revisa nuestros&nbsp;<strong><a href=\"http://jetsetviajes.com/home/terminos\">t&eacute;rminos y condiciones</a></strong>&nbsp;que aplican a todas las ofertas.</li>\n</ul>','video',8,NULL),(55,55,'descripción','info general','tiempo','observaciones voucher','incluye','no incluye','dudas y consultas','video',55,NULL),(56,56,'descripción','info general','tiempo','observaciones voucher','incluye','no incluye','dudas y consultas','video',56,NULL),(57,57,'descripción','info general','tiempo','observaciones voucher','incluye','no incluye','dudas y consultas','video',57,NULL),(58,58,'descripción','info general','tiempo','observaciones voucher','incluye','no incluye','dudas y consultas','video',18,NULL),(59,59,'descripción','info general','tiempo','observaciones voucher','incluye','no incluye','dudas y consultas','video',20,NULL),(60,60,'descripción','info general','tiempo','observaciones voucher','incluye','no incluye','dudas y consultas','video',19,NULL),(63,63,'descripción','info general','tiempo','observaciones voucher','incluye','no incluye','dudas y consultas','video',30,NULL),(64,64,'descripción','info general','tiempo','observaciones voucher','incluye','no incluye','dudas y consultas','video',4,NULL),(65,65,'<ul style=\"list-style-type: circle;\">\n<li>Recorrido de 45 minutos en c&oacute;modos vehiculos climatizados hasta la isla de Baru&nbsp;</li>\n<li>Antes de llegar a Playa Blanca en Baru ingresaremos al mas hermoso aviario natural</li>\n<li>Realizamos un recorrido de 2 horas&nbsp;</li>\n<li>Veremos diferentes especies de aves como pavos, tucanes, patos, em&uacute;s, arucos, loros, &aacute;guilas,</li>\n<li>lechuzas, gavilanes, p&aacute;jaros, halcones, cisnes, flamencos y muchos m&aacute;s</li>\n<li>Nos dirigimos a playa Blanca Baru sector Playa Tranquila, donde disfrutaremos de las blancas playas y el hermoso mar</li>\n<li>Estadia en nuestro Club de Playa <strong>Jet Set Beach</strong>&nbsp; con un delicioso almuerzo y mucho mas</li>\n</ul>\n<p>&nbsp;</p>','<ul>\n<li>Se recomienda llevar vestido de ba&ntilde;o, bloqueador solar, gorra y zapatos de neopreno.&nbsp;</li>\n<li>Verifica con un asesor las restricciones de las actividades y la disponibilidad.</li>\n</ul>','8 horas','<ul style=\"list-style-type: square;\">\n<li><em><strong>Jet Set Viajes NO tiene asesores fuera de la oficina, por lo tanto NO se hace responsable de inconvenientes, accidentes o inconformidades, por compra de actividades de snorkel u otras fuera de nuestra agencia*</strong></em></li>\n<li><strong>Las tarifas estan sujetas a cambios y modificaciones sin previo aviso&nbsp;</strong></li>\n<li><strong>Debes reclamar tu boleta de ingreso en Jet Set Viajes</strong></li>\n</ul>\n<p>&nbsp;</p>','incluye','no incluye','<ul>\n<li>La agencia de viajes se reserva el derecho a cambiar de operador tur&iacute;stico o trasporte si fuera necesario por otro de igual o mejor categor&iacute;a.</li>\n<li>El no cumplimiento parcial o total de los servicios por motivos ajenos y de fuerza mayor (terceros, clim&aacute;ticos, etc.) nos exonera de cargo y reembolso alguno.</li>\n<li>El no presentarse en la hora y el d&iacute;a indicado despu&eacute;s de realizada la reserva genera un <strong>no show </strong>y se cobra un 100%.</li>\n<li>Tarifas no reembolsables.</li>\n<li>Debido a la actual situaci&oacute;n mundial por covid 19 se pueden presentar <strong>cambios de fecha y horarios</strong> de la actividad por protocolos de bioseguridad</li>\n<li>Revisa nuestras&nbsp;<strong><a href=\"../../home/terminos\">t&eacute;rminos y condiciones</a></strong>&nbsp;que aplican a todas las ofertas.</li>\n</ul>','video',20,NULL),(66,66,'descripción','info general','tiempo','observaciones voucher','incluye','no incluye','dudas y consultas','video',22,NULL),(67,67,'descripción','info general','tiempo','observaciones voucher','incluye','no incluye','dudas y consultas','video',31,NULL),(68,68,'descripción','info general','tiempo','observaciones voucher','incluye','no incluye','dudas y consultas','video',32,NULL),(69,69,'descripción','info general','tiempo','observaciones voucher','incluye','no incluye','dudas y consultas','video',33,NULL),(70,70,'<ul style=\"list-style-type: circle;\">\n<li>Medell&iacute;n, la ciudad m&aacute;s innovadora del mundo</li>\n<li>Titulo otorgado en el a&ntilde;o 2013 por un concurso promovido por el diario The Wall Street Journal </li>\n<li>Con obras incluyentes como el Metro, Metro Cables, Metro Plus</li>\n<li>Ciclo v&iacute;as con estaciones de bicicletas p&uacute;blicas, Parques Bibliotecas, Centro Cultural Moravia</li>\n<li>Escaleras el&eacute;ctricas de la comuna 13</li>\n<li>Transporte en veh&iacute;culos especiales de turismo</li>\n</ul>\n<p>&nbsp;</p>','<ul>\n<li>Se recomienda llevar ropa comoda, bloqueador solar y gorra</li>\n<li>Verifica con un asesor las restricciones de las actividades y la disponibilidad</li>\n</ul>','4 horas ','<ul style=\"list-style-type: square;\">\n<li><strong>Las tarifas estan sujetas a cambios y modificaciones sin previo aviso&nbsp;</strong></li>\n</ul>','incluye','no incluye','<ul>\n<li>La agencia de viajes se reserva el derecho a cambiar de operador tur&iacute;stico o trasporte si fuera necesario por otro de igual o mejor categor&iacute;a.</li>\n<li>El no cumplimiento parcial o total de los servicios por motivos ajenos y de fuerza mayor (terceros, clim&aacute;ticos, etc.) nos exonera de cargo y reembolso alguno.</li>\n<li>El no presentarse en la hora y el d&iacute;a indicado despu&eacute;s de realizada la reserva genera un <strong>no show </strong>y se cobra un 100%.</li>\n<li>Tarifas no reembolsables.</li>\n<li>Debido a la actual situaci&oacute;n mundial por covid 19 se pueden presentar <strong>cambios de fecha y horarios</strong> de la actividad por protocolos de bioseguridad</li>\n<li>Revisa nuestros<strong> <a href=\"../../home/terminos\">t&eacute;rminos y condiciones</a></strong>&nbsp;que aplican a todas las ofertas.</li>\n</ul>','video',2,NULL),(71,71,'descripción','info general','tiempo','observaciones voucher','incluye','no incluye','dudas y consultas','video',6,NULL),(72,72,'descripción','info general','tiempo','observaciones voucher','incluye','no incluye','dudas y consultas','video',7,NULL),(73,73,'<ul style=\"list-style-type: circle;\">\n<li>Vuela desde el Acuario hasta Playa Blanca o viceversa a 18 metros de altura</li>\n<li>Despu&eacute;s de subir a la plataforma nos tiraremos y disfrutaremos del Canopy</li>\n<li>Podr&aacute;s vivir una inolvidable experiencia, llena de adrenalina y aventura</li>\n<li>Consiste en una polea suspendida por cables montados en un declive o inclinaci&oacute;n</li>\n<li>Se dise&ntilde;an para que se impulsen por gravedad y puedan deslizarse mediante un cable</li>\n<li>La actividad une el Acuario con Playa Blanca, es decir el Canopy ira hasta la Bah&iacute;a de Playa Blanca</li>\n<li>Tendr&aacute; aproximadamente un kil&oacute;metro de recorrido</li>\n<li>Descubre lo excitante y atrevido que puede ser esta actividad</li>\n</ul>\n<p>De acuerdo a la modalidad realizaras 1 o 2 vuelos, disfrutaras de pasadia en Playa Blanca y deberas llegar hasta el Canopy&nbsp; o te llevamos desde la bahia del Rodadero.</p>','<ul>\n<li>Se recomienda llevar vestido de ba&ntilde;o, bloqueador solar, gorra y zapatos de neopreno.&nbsp;</li>\n<li>Verifica con un asesor las restricciones de las actividades y la disponibilidad.</li>\n<li>Es una actividad de alta emoci&oacute;n y adrenalina.</li>\n</ul>','Desde 30 minutos','<ul>\n<li><em><strong>Armatumochila.com NO tiene asesores fuera de la oficina, por lo tanto NO se hace responsable de inconvenientes, accidentes o inconformidades, por compra de actividades de snorkel u otras fuera de nuestra agencia*</strong></em></li>\n<li><strong>Las tarifas estan sujetas a cambios y modificaciones sin previo aviso&nbsp;</strong></li>\n</ul>','incluye','no incluye','<ul>\n<li>La agencia de viajes se reserva el derecho a cambiar de operador tur&iacute;stico o trasporte si fuera necesario por otro de igual o mejor categor&iacute;a.</li>\n<li>El no cumplimiento parcial o total de los servicios por motivos ajenos y de fuerza mayor (terceros, clim&aacute;ticos, etc.) nos exonera de cargo y reembolso alguno.</li>\n<li><strong>Recomendamos que los paseos en lancha o barco se programen para los primeros d&iacute;as de sus vacaciones por que dependen de condiciones clim&aacute;ticas.</strong></li>\n<li>El no presentarse en la hora y el d&iacute;a indicado despu&eacute;s de realizada la reserva genera un&nbsp;<strong>no show&nbsp;</strong>y se cobra un 100%.</li>\n<li>Tarifas no reembolsables.</li>\n<li>Debido a la actual situaci&oacute;n mundial por covid 19 se pueden presentar&nbsp;<strong>cambios de fecha y horarios&nbsp;</strong>de la actividad por protocolos de bioseguridad</li>\n<li>Revisa nuestros&nbsp;<strong><a href=\"http://jetsetviajes.com/home/terminos\">t&eacute;rminos y condiciones</a></strong>&nbsp;que aplican a todas las ofertas.</li>\n</ul>','video',2,NULL),(74,74,'<ul style=\"list-style-type: circle;\">\n<li>A solo 50 minutos de Cartagena de Indias encontramos el volcan de lodo del Totumo</li>\n<li>Disfruta de un refrescante ba&ntilde;o de lodo medicinal y de un relajante masaje&nbsp;</li>\n<li>Puedes decidir si te enjuagas en la cienaga o dejas que las nativas te enjuaguen&nbsp;</li>\n<li>Si estamos en verano nos dirigimos a Galerazamba para conocer las minas de sal&nbsp;</li>\n<li>Llegamos al Mar Rosa para tomarnos fantasticas fotos</li>\n<li>Despues de esta experiencia nos dirigimos hacia Playa Manzanillo para almorzar</li>\n<li>Este lugar es tranquilo y pasaras una tarde libre de stress y sin gente a tu alrededor</li>\n</ul>\n<p>Contamos con 2 modalidades basico y tradicional.</p>','<ul>\n<li>Se recomienda llevar vestido de ba&ntilde;o, bloqueador solar y gorra.</li>\n<li>Verifica con un asesor las restricciones de las actividades y la disponibilidad.</li>\n<li><strong>La visita al Mar Rosa es un obsequio que esta sujeto a condiciones climaticas.</strong></li>\n</ul>','Desde 4 horas','<ul style=\"list-style-type: square;\">\n<li><em><strong>Jet Set Viajes NO tiene asesores fuera de la oficina, por lo tanto NO se hace responsable de inconvenientes, accidentes o inconformidades, por compra de actividades de snorkel u otras fuera de nuestra agencia*</strong></em></li>\n<li><strong>Las tarifas estan sujetas a cambios y modificaciones sin previo aviso&nbsp;</strong></li>\n</ul>','incluye','no incluye','<ul>\n<li>La agencia de viajes se reserva el derecho a cambiar de operador tur&iacute;stico o trasporte si fuera necesario por otro de igual o mejor categor&iacute;a.</li>\n<li>El no cumplimiento parcial o total de los servicios por motivos ajenos y de fuerza mayor (terceros, clim&aacute;ticos, etc.) nos exonera de cargo y reembolso alguno.</li>\n<li>El no presentarse en la hora y el d&iacute;a indicado despu&eacute;s de realizada la reserva genera un <strong>no show </strong>y se cobra un 100%.</li>\n<li>Tarifas no reembolsables.</li>\n<li>Debido a la actual situaci&oacute;n mundial por covid 19 se pueden presentar <strong>cambios de fecha y horarios</strong> de la actividad por protocolos de bioseguridad</li>\n<li>Revisa nuestras&nbsp;<strong><a href=\"../../home/terminos\">t&eacute;rminos y condiciones</a></strong>&nbsp;que aplican a todas las ofertas.</li>\n</ul>','video',13,NULL),(75,75,'descripción','info general','tiempo','observaciones voucher','incluye','no incluye','dudas y consultas','video',23,NULL),(76,76,'descripción','info general','tiempo','observaciones voucher','incluye','no incluye','dudas y consultas','video',24,NULL),(77,77,'descripción','info general','tiempo','observaciones voucher','incluye','no incluye','dudas y consultas','video',35,NULL),(78,78,'descripción','info general','tiempo','observaciones voucher','incluye','no incluye','dudas y consultas','video',78,NULL),(79,79,'descripción','info general','tiempo','observaciones voucher','incluye','no incluye','dudas y consultas','video',25,NULL),(80,80,'descripción','info general','tiempo','observaciones voucher','incluye','no incluye','dudas y consultas','video',36,NULL),(81,81,'descripción','info general','tiempo','observaciones voucher','incluye','no incluye','dudas y consultas','video',37,NULL),(82,82,'descripción','info general','tiempo','observaciones voucher','incluye','no incluye','dudas y consultas','video',26,NULL),(83,83,'descripción','info general','tiempo','observaciones voucher','incluye','no incluye','dudas y consultas','video',38,NULL),(84,84,'descripción','info general','tiempo','observaciones voucher','incluye','no incluye','dudas y consultas','video',39,NULL),(86,86,'descripción','info general','tiempo','observaciones voucher','incluye','no incluye','dudas y consultas','video',33,NULL),(87,87,'descripción','info general','tiempo','observaciones voucher','incluye','no incluye','dudas y consultas','video',27,NULL),(90,90,'descripción','info general','tiempo','observaciones voucher','incluye','no incluye','dudas y consultas','video',28,NULL),(92,92,'<ul style=\"list-style-type: circle;\">\n<li>Nuestra actividad empieza en lancha desde Cartagena hasta las islas del Rosario</li>\n<li>Llegaremos a Isla del Pirata donde nos recibiran con un coctel de bienvenida</li>\n<li>Nos deleitaremos con un delicioso almuerzo tipico isle&ntilde;o&nbsp;</li>\n<li>Si prefieres puedes usar un bono consumible de 40.000 cop / 10 us en el restaurante</li>\n<li>Disfruta frente al mar y relajate en sus aguas azules</li>\n<li>Recorre nuestros senderos ecologicos</li>\n<li>Este es un lugar lleno de paz y naturaleza</li>\n</ul>','<ul>\n<li>Se recomienda llevar vestido de ba&ntilde;o, bloqueador solar, gorra y zapatos de neopreno.&nbsp;</li>\n<li>Verifica con un asesor las restricciones de las actividades y la disponibilidad.</li>\n<li>Mujeres en embarazo consultar restricciones.</li>\n</ul>','8 horas','<ul style=\"list-style-type: square;\">\n<li><em><strong>Jet Set Viajes NO tiene asesores fuera de la oficina, por lo tanto NO se hace responsable de inconvenientes, accidentes o inconformidades, por compra de actividades de snorkel u otras fuera de nuestra agencia*</strong></em></li>\n<li><strong>Las tarifas estan sujetas a cambios y modificaciones sin previo aviso&nbsp;</strong></li>\n</ul>\n<p>&nbsp;</p>','incluye','no incluye','<ul>\n<li>La agencia de viajes se reserva el derecho a cambiar de operador tur&iacute;stico o trasporte si fuera necesario por otro de igual o mejor categor&iacute;a.</li>\n<li>El no cumplimiento parcial o total de los servicios por motivos ajenos y de fuerza mayor (terceros, clim&aacute;ticos, etc.) nos exonera de cargo y reembolso alguno.</li>\n<li><strong>Recomendamos que los paseos en lancha o barco se programen para los primeros d&iacute;as de sus vacaciones por que dependen de condiciones clim&aacute;ticas.</strong></li>\n<li>El no presentarse en la hora y el d&iacute;a indicado despu&eacute;s de realizada la reserva genera un&nbsp;<strong>no show&nbsp;</strong>y se cobra un 100%.</li>\n<li>Tarifas no reembolsables.</li>\n<li>Debido a la actual situaci&oacute;n mundial por covid 19 se pueden presentar <strong>cambios de fecha y horarios</strong> de la actividad por protocolos de bioseguridad</li>\n<li>Revisa nuestros&nbsp;<strong><a href=\"http://jetsetviajes.com/home/terminos\">t&eacute;rminos y condiciones</a>&nbsp;</strong>que aplican a todas las ofertas.</li>\n</ul>','video',28,NULL),(93,93,'<ul style=\"list-style-type: circle;\">\n<li>A pocos pasos de la zona hotelera y turistica encuentras Wala Beach Club</li>\n<li>Hermoso lugar para pasar el dia y disfrutar del mar y el magico atardecer&nbsp;</li>\n<li>Instalaciones boutique a tu disposicion, piscina, camas de playa y acceso al mar</li>\n<li>Puedes llegar en el momento que desees, eres bienvenido desde las 8 de la ma&ntilde;ana</li>\n<li>Disfruta del atardecer desde nuestras instalaciones&nbsp;</li>\n<li>Unico Club de Playa donde puedes disfrutar hasta las 8 de la noche</li>\n</ul>\n<p>De acuerdo a la modalidad disfrutaras de almuerzo y pasadia o atardecer con un exquisito snack.</p>','<ul>\n<li>Se recomienda llevar vestido de ba&ntilde;o, bloqueador solar, gorra y zapatos de neopreno.&nbsp;</li>\n<li>Verifica con un asesor las restricciones de las actividades y la disponibilidad.</li>\n</ul>','Desde 4 horas','<ul>\n<li><em><strong>J</strong><strong>et Set Viajes NO tiene asesores fuera de la oficina, por lo tanto NO se hace responsable de inconvenientes, accidentes o inconformidades, por compra de actividades de snorkel u otras fuera de nuestra agencia*</strong></em></li>\n<li><em><strong>Las tarifas estan sujetas a cambios y modificaciones sin previo aviso&nbsp;</strong></em></li>\n</ul>','incluye','no incluye','<ul>\n<li>La agencia de viajes se reserva el derecho a cambiar de operador tur&iacute;stico o trasporte si fuera necesario por otro de igual o mejor categor&iacute;a.</li>\n<li>El no cumplimiento parcial o total de los servicios por motivos ajenos y de fuerza mayor (terceros, clim&aacute;ticos, etc.) nos exonera de cargo y reembolso alguno.</li>\n<li>El no presentarse en la hora y el d&iacute;a indicado despu&eacute;s de realizada la reserva genera un&nbsp;<strong>no show&nbsp;</strong>y se cobra un 100%.</li>\n<li>Tarifas no reembolsables.</li>\n<li>Debido a la actual situaci&oacute;n mundial por covid 19 se pueden presentar&nbsp;<strong>cambios de fecha y horarios&nbsp;</strong>de la actividad por protocolos de bioseguridad</li>\n<li>Revisa nuestros&nbsp;<strong><a href=\"http://jetsetviajes.com/home/terminos\">t&eacute;rminos y condiciones</a></strong>&nbsp;que aplican a todas las ofertas.</li>\n</ul>','video',16,NULL),(94,94,'descripción','info general','tiempo','observaciones voucher','incluye','no incluye','dudas y consultas','video',94,NULL),(95,95,'descripción','info general','tiempo','observaciones voucher','incluye','no incluye','dudas y consultas','video',20,NULL),(96,96,'<ul style=\"list-style-type: circle;\">\n<li>Disfruta de un excelente Parque Tem&aacute;tico, ubicado en el Municipio de Puerto Triunfo (Antioquia)</li>\n<li>Este parque se ha convertido en una de los mas visitados de la regi&oacute;n, gracias a su variedad de animales y atracciones acu&aacute;ticas</li>\n<li>Recorre con nosotros parte de las 2.995 hect&aacute;reas y disfruta de este maravilloso parque y su clima</li>\n<li>Diviertete al m&aacute;ximo en este hermoso lugar conoce el Parque de Hipop&oacute;tamos, Santuario de Fauna y flora</li>\n<li>Parque Jur&aacute;sico, Museo Africano, la Gran sabana Africana, pista a&eacute;rea, Museo memorial</li>\n<li>&ldquo;Parque del Conocimiento&rdquo;, habitat de los felinos, isla de los monos, h&aacute;bitat de los suricatos.</li>\n<li>Conoce a Vanesa (Hipop&oacute;tamo) icono del Parque y a Vera (Rinoceronte) la consentida del parque</li>\n</ul>\n<p>&nbsp;</p>','<ul>\n<li>Se recomienda llevar ropa comoda, bloqueador solar, gorra, vestido de ba&ntilde;o y ropa abrigada para la noche</li>\n<li>Verifica con un asesor las restricciones de las actividades y la disponibilidad</li>\n<li>Menores de 3 a&ntilde;os el valor a pagar es del 10%. Este valor solo cubre la tarjeta de asistencia m&eacute;dica.</li>\n<li>Sin embargo, en la taquilla del parque verificaran su estatura y si es mayor a 90 cm, alli le informaran el valor a pagar para el ingreso a este</li>\n<li>(Este valor se debe pagar directamente en el Parque Hacienda N&aacute;poles)</li>\n</ul>\n<p>&nbsp;</p>','12 HORAS','<ul style=\"list-style-type: square;\">\n<li><strong>Las tarifas estan sujetas a cambios y modificaciones sin previo aviso&nbsp;</strong></li>\n<li>Los dias lunes no opera el Parque por mantenimiento</li>\n<li>Si el dia lunes es festivo, no se opera el&nbsp; martes</li>\n</ul>','incluye','no incluye','<ul>\n<li>La agencia de viajes se reserva el derecho a cambiar de operador tur&iacute;stico o trasporte si fuera necesario por otro de igual o mejor categor&iacute;a.</li>\n<li>El no cumplimiento parcial o total de los servicios por motivos ajenos y de fuerza mayor (terceros, clim&aacute;ticos, etc.) nos exonera de cargo y reembolso alguno.</li>\n<li>El no presentarse en la hora y el d&iacute;a indicado despu&eacute;s de realizada la reserva genera un <strong>no show </strong>y se cobra un 100%.</li>\n<li>Tarifas no reembolsables.</li>\n<li>Debido a la actual situaci&oacute;n mundial por covid 19 se pueden presentar <strong>cambios de fecha y horarios</strong> de la actividad por protocolos de bioseguridad</li>\n<li>Revisa nuestros <strong><a href=\"../../home/terminos\">t&eacute;rminos y condiciones</a></strong>&nbsp;que aplican a todas las ofertas.</li>\n</ul>','video',4,NULL),(97,97,'descripción','info general','tiempo','observaciones voucher','incluye','no incluye','dudas y consultas','video',42,NULL),(98,98,'descripción','info general','tiempo','observaciones voucher','incluye','no incluye','dudas y consultas','video',98,NULL),(99,99,'<ul style=\"list-style-type: circle;\">\n<li>\n<blockquote>En el&nbsp;<span class=\"texto15\">Oceanario Islas del Rosario</span> usted puede disfrutar de todas las maravillas, belleza y colorido de la vida marina del Parque Nacional Natural Corales del Rosario.</blockquote>\n</li>\n<li>\n<blockquote>Podras disfrutar de un excelente show de delfines y tiburones.</blockquote>\n</li>\n<li>\n<blockquote>Tambien por un valor adicional podras tener la experiencia de nadar he interactuar con los delfines ( este valor se debe pagar directamente en el oceanario).</blockquote>\n</li>\n<li>\n<blockquote>Como actividad adicional podras hacer Snorkel, donde nadar&aacute;s con varias especies marinas.</blockquote>\n</li>\n</ul>','<ul style=\"list-style-type: circle;\">\n<li>\n<blockquote>Para esta actividad debes estar en la isla de san martin de pajarales, llegar alla por tus medios o comprar con nosotros el plan de islas del rosario, o playa blanca baru.</blockquote>\n</li>\n<li>\n<blockquote>Se recomienda llevar ropa comoda, vestido de ba&ntilde;o, bloqueador solar, gorra.&nbsp;</blockquote>\n</li>\n<li>\n<blockquote>Verifica con tu asesor las restricciones de las actividades y la disponibilidad.</blockquote>\n</li>\n</ul>','1 hora','<ul style=\"list-style-type: square;\">\n<li><em><strong>ARMA TU MOCHILA NO tiene asesores fuera de la oficina, por lo tanto NO se hace responsable de inconvenientes, accidentes o inconformidades, por compra de actividades fuera de nuestra agencia o pagina web*</strong></em></li>\n<li><em><strong>Las tarifas estan sujetas a cambios y modificaciones sin previo aviso.</strong></em></li>\n</ul>','incluye','no incluye','<ul style=\"list-style-type: circle;\">\n<li>\n<blockquote>ARMA TU MOCHILA se reserva el derecho a cambiar de operador tur&iacute;stico o trasporte si fuera necesario por otro de igual o mejor categor&iacute;a.</blockquote>\n</li>\n<li>\n<blockquote>El no cumplimiento parcial o total de los servicios por motivos ajenos y de fuerza mayor (terceros, clim&aacute;ticos, etc.) nos exonera de cargo y reembolso alguno.</blockquote>\n</li>\n<li>\n<blockquote><strong>Recomendamos que los paseos en lancha o barco se programen para los primeros d&iacute;as de sus vacaciones por que dependen de condiciones clim&aacute;ticas.</strong></blockquote>\n</li>\n<li>\n<blockquote>El no presentarse en la hora y el d&iacute;a indicado despu&eacute;s de realizada la reserva genera un&nbsp;<strong>no show&nbsp;</strong>y se cobra un 100%.</blockquote>\n</li>\n<li>\n<blockquote>Tarifas no reembolsables.</blockquote>\n</li>\n<li>\n<blockquote>Debido a la actual situaci&oacute;n mundial por covid 19 se pueden presentar <strong>cambios de fecha y horarios</strong> de la actividad por protocolos de bioseguridad</blockquote>\n</li>\n<li>\n<blockquote>Revisa nuestros<strong>&nbsp;<a href=\"../../home/terminos\">t&eacute;rminos y condiciones</a></strong>&nbsp;que aplican a todas las ofertas.</blockquote>\n</li>\n</ul>','video',2,NULL),(100,100,'descripción','info general','tiempo','observaciones voucher','incluye','no incluye','dudas y consultas','video',43,NULL),(101,101,'<ul style=\"list-style-type: circle;\">\n<li>Nuestra actividad empieza en lancha desde Cartagena hasta las islas del Rosario</li>\n<li>Realizamos un recorrido panor&aacute;mico por las Islas del Archipielago</li>\n<li>Nos recibiran en Bendita Beach con un delicioso coctel de bienvenida</li>\n<li>Tenemos la opcion de llegar a San Martin de Pajarales donde esta el Oceanario</li>\n<li>Ingresaremos para ver el show de delfines y tiburones adem&aacute;s de exhibici&oacute;n de especies marinas</li>\n<li>En Bendita Beach te incluimos un delicioso almuerzo con 3 opciones para elegir</li>\n<li>Vive un dia fantastico con 3 playas a tu disposicion, kayacs y mas</li>\n<li>Comodas instalaciones con camas de playa, bar y restaurante</li>\n<li>Piscina con agua de mar para ni&ntilde;os</li>\n</ul>','<ul>\n<li>Se recomienda llevar vestido de ba&ntilde;o, bloqueador solar, gorra y zapatos de neopreno.&nbsp;</li>\n<li>Verifica con un asesor las restricciones de las actividades y la disponibilidad.</li>\n<li>Mujeres en embarazo consultar restricciones.</li>\n</ul>','8 horas','<ul style=\"list-style-type: square;\">\n<li><em><strong>Jet Set Viajes NO tiene asesores fuera de la oficina, por lo tanto NO se hace responsable de inconvenientes, accidentes o inconformidades, por compra de actividades de snorkel u otras fuera de nuestra agencia*</strong></em></li>\n<li><strong>Las tarifas estan sujetas a cambios y modificaciones sin previo aviso&nbsp;</strong></li>\n</ul>','incluye','no incluye','<ul>\n<li>La agencia de viajes se reserva el derecho a cambiar de operador tur&iacute;stico o trasporte si fuera necesario por otro de igual o mejor categor&iacute;a.</li>\n<li>El no cumplimiento parcial o total de los servicios por motivos ajenos y de fuerza mayor (terceros, clim&aacute;ticos, etc.) nos exonera de cargo y reembolso alguno.</li>\n<li><strong>Recomendamos que los paseos en lancha o barco se programen para los primeros d&iacute;as de sus vacaciones por que dependen de condiciones clim&aacute;ticas.</strong></li>\n<li>El no presentarse en la hora y el d&iacute;a indicado despu&eacute;s de realizada la reserva genera un&nbsp;<strong>no show&nbsp;</strong>y se cobra un 100%.</li>\n<li>Tarifas no reembolsables.</li>\n<li>Debido a la actual situaci&oacute;n mundial por covid 19 se pueden presentar <strong>cambios de fecha y horarios</strong> de la actividad por protocolos de bioseguridad</li>\n<li>Revisa nuestros&nbsp;<strong><a href=\"http://jetsetviajes.com/home/terminos\">t&eacute;rminos y condiciones</a></strong>&nbsp;que aplican a todas las ofertas.</li>\n</ul>','video',31,NULL),(102,102,'descripción','info general','tiempo','observaciones voucher','incluye','no incluye','dudas y consultas','video',102,NULL),(103,103,'descripción','info general','tiempo','observaciones voucher','incluye','no incluye','dudas y consultas','video',29,NULL),(104,104,'descripción','info general','tiempo','observaciones voucher','incluye','no incluye','dudas y consultas','video',30,NULL),(105,105,'descripción','info general','tiempo','observaciones voucher','incluye','no incluye','dudas y consultas','video',44,NULL),(106,106,'descripción','info general','tiempo','observaciones voucher','incluye','no incluye','dudas y consultas','video',31,NULL),(107,107,'<ul style=\"list-style-type: circle;\">\n<li>Nuestra actividad empieza en lancha desde Cartagena hasta las islas del Rosario</li>\n<li>Realizamos un recorrido panor&aacute;mico y llegamos a isla Grande donde se encuentra Bora Bora</li>\n<li>Nos recibiran con un delicioso coctel de bienvenida</li>\n<li>Incluye un delicioso almuerzo con 3 o 5 opciones para elegir</li>\n<li>Disfruta de un dia espectacular lleno de emocion y diversion en un sitio exclusivo y privado</li>\n<li>Comodas instalaciones con camas de playa, bar, restaurante, dj en vivo</li>\n</ul>\n<p>Contamos con 2 modalidades el area del Club y area VIP.</p>','<ul>\n<li>Se recomienda llevar vestido de ba&ntilde;o, bloqueador solar, gorra y zapatos de neopreno.&nbsp;</li>\n<li>Verifica con un asesor las restricciones de las actividades y la disponibilidad.</li>\n<li>Mujeres en embarazo consultar restricciones.</li>\n</ul>','8 horas','<ul style=\"list-style-type: square;\">\n<li><em><strong>Jet Set Viajes NO tiene asesores fuera de la oficina, por lo tanto NO se hace responsable de inconvenientes, accidentes o inconformidades, por compra de actividades de snorkel u otras fuera de nuestra agencia*</strong></em></li>\n<li><strong>Las tarifas estan sujetas a cambios y modificaciones sin previo aviso&nbsp;</strong></li>\n</ul>','incluye','no incluye','<ul>\n<li>La agencia de viajes se reserva el derecho a cambiar de operador tur&iacute;stico o trasporte si fuera necesario por otro de igual o mejor categor&iacute;a.</li>\n<li>El no cumplimiento parcial o total de los servicios por motivos ajenos y de fuerza mayor (terceros, clim&aacute;ticos, etc.) nos exonera de cargo y reembolso alguno.</li>\n<li><strong>Recomendamos que los paseos en lancha o barco se programen para los primeros d&iacute;as de sus vacaciones por que dependen de condiciones clim&aacute;ticas.</strong></li>\n<li>El no presentarse en la hora y el d&iacute;a indicado despu&eacute;s de realizada la reserva genera un&nbsp;<strong>no show&nbsp;</strong>y se cobra un 100%.</li>\n<li>Tarifas no reembolsables.</li>\n<li>Debido a la actual situaci&oacute;n mundial por covid 19 se pueden presentar <strong>cambios de fecha y horarios</strong> de la actividad por protocolos de bioseguridad</li>\n<li>Revisa nuestros&nbsp;<strong><a href=\"http://jetsetviajes.com/home/terminos\">t&eacute;rminos y condiciones</a>&nbsp;</strong>que aplican a todas las ofertas.</li>\n</ul>','video',32,NULL),(108,108,'<ul style=\"list-style-type: circle;\">\n<li>Salimos del muelle a una maravillosa aventura en la ma&ntilde;ana o al atardecer</li>\n<li>Recorremos varias playas y bahias para verlas en un recorrido panoramico</li>\n<li>Musica a bordo de acuerdo a la modalidad</li>\n<li>Puedes difrutar de almuerzo, licores o entrada al Acuario</li>\n<li>Actividad de snorkel o buceo de superficie&nbsp;</li>\n<li>En el recorrido del atardecer vive una verdadera fiesta a bordo</li>\n<li>Puedes disfrutar de tarde de playa en Inca Inca o fogata&nbsp;</li>\n</ul>\n<p>De acuerdo con la modalidad escogida tendr&aacute;s opci&oacute;n de almuerzo, barra libre o rumba con tambopapayera.</p>','<ul>\n<li>Se recomienda llevar vestido de ba&ntilde;o, bloqueador solar, gorra y zapatos de neopreno.&nbsp;</li>\n<li>Verifica con un asesor las restricciones de las actividades y la disponibilidad.</li>\n</ul>','desde 4 horas','<ul style=\"list-style-type: square;\">\n<li><em><strong>Jet Set Viajes NO tiene asesores fuera de la oficina, por lo tanto NO se hace responsable de inconvenientes, accidentes o inconformidades, por compra de actividades de snorkel u otras fuera de nuestra agencia*</strong></em></li>\n<li><strong>Las tarifas estan sujetas a cambios y modificaciones sin previo aviso&nbsp;</strong></li>\n</ul>','incluye','no incluye','<ul>\n<li>La agencia de viajes se reserva el derecho a cambiar de operador tur&iacute;stico o trasporte si fuera necesario por otro de igual o mejor categor&iacute;a.</li>\n<li>El no cumplimiento parcial o total de los servicios por motivos ajenos y de fuerza mayor (terceros, clim&aacute;ticos, etc.) nos exonera de cargo y reembolso alguno.</li>\n<li><strong>Recomendamos que los paseos en lancha o barco se programen para los primeros d&iacute;as de sus vacaciones por que dependen de condiciones clim&aacute;ticas.</strong></li>\n<li>El no presentarse en la hora y el d&iacute;a indicado despu&eacute;s de realizada la reserva genera un&nbsp;<strong>no show&nbsp;</strong>y se cobra un 100%.</li>\n<li>Tarifas no reembolsables.</li>\n<li>Debido a la actual situaci&oacute;n mundial por covid 19 se pueden presentar&nbsp;<strong>cambios de fecha y horarios&nbsp;</strong>de la actividad por protocolos de bioseguridad</li>\n<li>Revisa nuestros&nbsp;<strong><a href=\"http://jetsetviajes.com/home/terminos\">t&eacute;rminos y condiciones</a></strong>&nbsp;que aplican a todas las ofertas.</li>\n</ul>','video',11,NULL),(109,109,'descripción','info general','tiempo','observaciones voucher','incluye','no incluye','dudas y consultas','video',32,NULL),(110,110,'descripción','info general','tiempo','observaciones voucher','incluye','no incluye','dudas y consultas','video',33,NULL),(111,111,'descripción','info general','tiempo','observaciones voucher','incluye','no incluye','dudas y consultas','video',45,NULL),(112,112,'<ul style=\"list-style-type: circle;\">\n<li>Disfruta de una romantica cena en un exclusivo restaurante</li>\n<li>Empezamos con un delicioso coctel de bienvenida para los 2</li>\n<li>Comparte una excelente entrada con diferentes opciones</li>\n<li>Escoge alguno de nuestros deliciosos platos fuertes</li>\n<li>Podras finalizar con un exquisito postre&nbsp;</li>\n<li>Si es fin de semana tenemos musica en vivo</li>\n</ul>\n<p>De acuerdo a la modalidad escogida podras realizar primero un romantico paseo en coche por la ciudad amurallada y luego cenar en uno de los 2 elegantes restaurantes que tenemos para ti.</p>','<ul>\n<li>Por favor indicanos con anticipacion el menu a escoger</li>\n<li>Debes de comprar 1 solo cupo para 2 personas&nbsp;</li>\n<li>Verifica con un asesor las restricciones de las actividades y la disponibilidad</li>\n</ul>\n<p>&nbsp;</p>','3 horas','<ul style=\"list-style-type: square;\">\n<li><em><strong>Jet Set Viajes NO tiene asesores fuera de la oficina, por lo tanto NO se hace responsable de inconvenientes, accidentes o inconformidades, por compra de actividades de snorkel u otras fuera de nuestra agencia*</strong></em></li>\n<li><strong>Las tarifas estan sujetas a cambios y modificaciones sin previo aviso&nbsp;</strong></li>\n</ul>\n<p>&nbsp;</p>','incluye','no incluye','<ul>\n<li>La agencia de viajes se reserva el derecho a cambiar de operador tur&iacute;stico o trasporte si fuera necesario por otro de igual o mejor categor&iacute;a.</li>\n<li>El no cumplimiento parcial o total de los servicios por motivos ajenos y de fuerza mayor (terceros, clim&aacute;ticos, etc.) nos exonera de cargo y reembolso alguno.</li>\n<li>El no presentarse en la hora y el d&iacute;a indicado despu&eacute;s de realizada la reserva genera un <strong>no show </strong>y se cobra un 100%.</li>\n<li>Tarifas no reembolsables.</li>\n<li>Debido a la actual situaci&oacute;n mundial por covid 19 se pueden presentar <strong>cambios de fecha y horarios </strong>de la actividad por protocolos de bioseguridad</li>\n<li>Revisa nuestros <strong><a href=\"../../home/terminos\">t&eacute;rminos y condiciones</a></strong>&nbsp;que aplican a todas las ofertas.</li>\n</ul>','video',29,NULL),(113,113,'','<p>info general</p>','','<p>observaciones voucher</p>','incluye','no incluye','<p>dudas y consultas</p>','video',46,NULL),(114,114,'descripción','info general','tiempo','observaciones voucher','incluye','no incluye','dudas y consultas','video',9,NULL),(115,115,'<ul style=\"list-style-type: circle;\">\n<li>Recorrido cultural e hist&oacute;rico de 4 horas, por la ciudad de Santa Marta</li>\n<li>VIsitaras los sitios de inter&eacute;s como: la Quinta de san Pedro Alejandrino, monumento a Carlos el Pibe Valderrama,</li>\n<li>Catedral Bas&iacute;lica de Santa Marta, Museo Tayrona, principales calles y avenidas,</li>\n<li>Mirador de Taganga, bah&iacute;a de Santa Marta y mas</li>\n<li>Todo el tiempo estaras acompa&ntilde;ado de un guia certificado<br /><br /></li>\n</ul>\n<p>De acuerdo a la modalidad escogida tendras la opcion de ingresar a la Quinta de San Pedro Alejandrino o solo un recorrido panoramico por la ciudad</p>','<ul>\n<li>Se recomienda llevar ropa comoda, bloqueador solar y gorra&nbsp;</li>\n<li>Verifica con un asesor las restricciones de las actividades y la disponibilidad</li>\n</ul>','4 horas ','<ul style=\"list-style-type: square;\">\n<li><em><strong>Jet Set Viajes NO tiene asesores fuera de la oficina, por lo tanto NO se hace responsable de inconvenientes, accidentes o inconformidades, por compra de actividades de snorkel u otras fuera de nuestra agencia*</strong></em></li>\n<li><strong>Las tarifas estan sujetas a cambios y modificaciones sin previo aviso&nbsp;</strong></li>\n</ul>','incluye','no incluye','<ul>\n<li>La agencia de viajes se reserva el derecho a cambiar de operador tur&iacute;stico o trasporte si fuera necesario por otro de igual o mejor categor&iacute;a.</li>\n<li>El no cumplimiento parcial o total de los servicios por motivos ajenos y de fuerza mayor (terceros, clim&aacute;ticos, etc.) nos exonera de cargo y reembolso alguno.</li>\n<li>El no presentarse en la hora y el d&iacute;a indicado despu&eacute;s de realizada la reserva genera un&nbsp;<strong>no show&nbsp;</strong>y se cobra un 100%.</li>\n<li>Tarifas no reembolsables.</li>\n<li>Debido a la actual situaci&oacute;n mundial por covid 19 se pueden presentar&nbsp;<strong>cambios de fecha y horarios&nbsp;</strong>de la actividad por protocolos de bioseguridad</li>\n<li>Revisa nuestros&nbsp;<strong><a href=\"http://jetsetviajes.com/home/terminos\">t&eacute;rminos y condiciones</a></strong>&nbsp;que aplican a todas las ofertas.</li>\n</ul>','video',9,NULL),(116,116,'descripción','info general','tiempo','observaciones voucher','incluye','no incluye','dudas y consultas','video',34,NULL),(118,118,'descripción','info general','tiempo','observaciones voucher','incluye','no incluye','dudas y consultas','video',10,NULL),(119,119,'descripción','info general','tiempo','observaciones voucher','incluye','no incluye','dudas y consultas','video',35,NULL),(120,120,'<ul style=\"list-style-type: circle;\">\n<li>Recorrido hasta Minca pueblo cafetero de la Sierra Nevada</li>\n<li>Cuenta con 600 habitantes aproximadamente y se encuentra a unos 660 mts sobre el nivel del mar</li>\n<li>Se ubica a unos 14 km desde Santa Marta atravesando la monta&ntilde;a y se llega por carretera</li>\n<li>Luego nos dirigimos al mirador de Taganga un peque&ntilde;o pueblo t&iacute;pico de pescadores</li>\n<li>Disfrutaremos de los hermosos paisajes y de la bah&iacute;a, abordamos una lancha hacia Playa Grande</li>\n<li>En Playa Grande podemos almorzar y pasar el resto de la tarde</li>\n<li>De regreso pasamos por Santa Marta y su hermosa bah&iacute;a realizando un peque&ntilde;o city tour panor&aacute;mico</li>\n</ul>\n<p>De acuerdo con la modalidad escogida tendr&aacute;s opci&oacute;n de ir a Taganga, Playa Grande y tener tarde de playa o pasar todo el dia en MInca disfrutando del clima y paisaje mientras aprendes del cafe y del cacao.</p>','<ul>\n<li>Se recomienda llevar vestido de ba&ntilde;o, bloqueador solar, gorra y zapatos de neopreno.&nbsp;</li>\n<li>Verifica con un asesor las restricciones de las actividades y la disponibilidad.</li>\n</ul>','8 horas','<ul style=\"list-style-type: square;\">\n<li><em><strong>Jet Set Viajes NO tiene asesores fuera de la oficina, por lo tanto NO se hace responsable de inconvenientes, accidentes o inconformidades, por compra de actividades de snorkel u otras fuera de nuestra agencia*</strong></em></li>\n<li><strong>Las tarifas estan sujetas a cambios y modificaciones sin previo aviso&nbsp;</strong></li>\n</ul>','incluye','no incluye','<ul>\n<li>La agencia de viajes se reserva el derecho a cambiar de operador tur&iacute;stico o trasporte si fuera necesario por otro de igual o mejor categor&iacute;a.</li>\n<li>El no cumplimiento parcial o total de los servicios por motivos ajenos y de fuerza mayor (terceros, clim&aacute;ticos, etc.) nos exonera de cargo y reembolso alguno.</li>\n<li><strong>Recomendamos que los paseos en lancha o barco se programen para los primeros d&iacute;as de sus vacaciones por que dependen de condiciones clim&aacute;ticas.</strong></li>\n<li>El no presentarse en la hora y el d&iacute;a indicado despu&eacute;s de realizada la reserva genera un&nbsp;<strong>no show&nbsp;</strong>y se cobra un 100%.</li>\n<li>Tarifas no reembolsables.</li>\n<li>Debido a la actual situaci&oacute;n mundial por covid 19 se pueden presentar&nbsp;<strong>cambios de fecha y horarios&nbsp;</strong>de la actividad por protocolos de bioseguridad</li>\n<li>Revisa nuestros&nbsp;<strong><a href=\"http://jetsetviajes.com/home/terminos\">t&eacute;rminos y condiciones</a></strong>&nbsp;que aplican a todas las ofertas.</li>\n</ul>','video',12,NULL),(121,121,'<ul style=\"list-style-type: circle;\">\n<li><span style=\"vertical-align: inherit;\"><span style=\"vertical-align: inherit;\">Realizamos un excelente paseo por la bah&iacute;a de Cartagena por 90 minutos aproximadamente</span></span></li>\n<li><span style=\"vertical-align: inherit;\"><span style=\"vertical-align: inherit;\">A bordo de nuestro hermoso yate disfrutaremos del hermoso atardecer de Cartagena</span></span></li>\n<li><span style=\"vertical-align: inherit;\"><span style=\"vertical-align: inherit;\">Disfruta de barra abierta de Cuba Libre, ron punch, limonada, agua y gaseosa</span></span></li>\n<li>Puedes escoger la salida con cena incluida a 3 tiempos</li>\n<li>Salidas de Miercoles a Domingo</li>\n</ul>\n<p>De acuerdo a la modalidad seleccionada podras ver el atardecer o cenar a bordo en la salida de las 7 de la noche.</p>\n<p>&nbsp;</p>\n<p>&nbsp;</p>','<ul>\n<li>Se recomienda llevar zapatos comodos no tacones</li>\n<li>Verifica con un asesor las restricciones de las actividades y la disponibilidad</li>\n</ul>','2 horas','<ul>\n<li><em><strong>Jet Set Viajes NO tiene asesores fuera de la oficina, por lo tanto NO se hace responsable de inconvenientes, accidentes o inconformidades, por compra de actividades de snorkel u otras fuera de nuestra agencia*</strong></em></li>\n<li><strong>Las tarifas estan sujetas a cambios y modificaciones sin previo aviso&nbsp;</strong></li>\n</ul>','incluye','no incluye','<ul>\n<li>La agencia de viajes se reserva el derecho a cambiar de operador tur&iacute;stico o trasporte si fuera necesario por otro de igual o mejor categor&iacute;a.</li>\n<li>El no cumplimiento parcial o total de los servicios por motivos ajenos y de fuerza mayor (terceros, clim&aacute;ticos, etc.) nos exonera de cargo y reembolso alguno.</li>\n<li><strong>Recomendamos que los paseos en lancha o barco se programen para los primeros d&iacute;as de sus vacaciones por que dependen de condiciones clim&aacute;ticas.</strong></li>\n<li>El no presentarse en la hora y el d&iacute;a indicado despu&eacute;s de realizada la reserva genera un&nbsp;<strong>no show&nbsp;</strong>y se cobra un 100%.</li>\n<li>Tarifas no reembolsables.</li>\n<li>Debido a la actual situaci&oacute;n mundial por covid 19 se pueden presentar&nbsp;<strong>cambios de fecha y horarios</strong>&nbsp;de la actividad por protocolos de bioseguridad</li>\n<li>Revisa nuestras&nbsp;<strong><a href=\"../../home/terminos\">t&eacute;rminos y condiciones</a></strong>&nbsp;que aplican a todas las ofertas.</li>\n</ul>','video',20,NULL),(122,122,'descripción','info general','tiempo','observaciones voucher','incluye','no incluye','dudas y consultas','video',47,NULL),(123,123,'descripción','info general','tiempo','observaciones voucher','incluye','no incluye','dudas y consultas','video',36,NULL),(124,124,'descripción','info general','tiempo','observaciones voucher','incluye','no incluye','dudas y consultas','video',37,NULL),(125,125,'descripción','info general','tiempo','observaciones voucher','incluye','no incluye','dudas y consultas','video',38,NULL),(126,126,'descripción','info general','tiempo','observaciones voucher','incluye','no incluye','dudas y consultas','video',39,NULL),(127,127,'<ul style=\"list-style-type: circle;\">\n<li>Realizamos un recorrido terrestre desde la ciudad de Santa Marta hasta llegar a la ciudad de Cartagena</li>\n<li>Recorrido de 4 horas aproximadamente en veh&iacute;culos con aire acondicionado</li>\n<li>Visitamos sus principales sitios de inter&eacute;s: Castillo de San Felipe, Conventos, monumento a los zapatos viejos,</li>\n<li>Palacio de la Inquisici&oacute;n, Plaza de la Aduana, Monumento India Catalina, Ciudad Amurallada</li>\n<li>Tenemos opciones de conocer la isla de Baru y tener un excelente dia de playa en este bella isla</li>\n<li>En la isla podemos almorzar con varias opciones y disfrutar del mar azul turquesa y la arena blanca</li>\n</ul>\n<p>De acuerdo con la modalidad escogida tendr&aacute;s opci&oacute;n de ingresar al Castillo de San Felipe, subir al mirador de la Popa o llegar hasta Playa Tranquila en la Isla de Baru.</p>','<ul>\n<li>Se recomienda llevar ropa comoda, bloqueador solar y gorra</li>\n<li>Verifica con un asesor las restricciones de las actividades y la disponibilidad</li>\n</ul>','12 horas','<ul style=\"list-style-type: square;\">\n<li><em><strong>Jet Set Viajes NO tiene asesores fuera de la oficina, por lo tanto NO se hace responsable de inconvenientes, accidentes o inconformidades, por compra de actividades de snorkel u otras fuera de nuestra agencia*</strong></em></li>\n<li><strong>Las tarifas estan sujetas a cambios y modificaciones sin previo aviso&nbsp;</strong></li>\n</ul>','incluye','no incluye','<ul>\n<li>La agencia de viajes se reserva el derecho a cambiar de operador tur&iacute;stico o trasporte si fuera necesario por otro de igual o mejor categor&iacute;a.</li>\n<li>El no cumplimiento parcial o total de los servicios por motivos ajenos y de fuerza mayor (terceros, clim&aacute;ticos, etc.) nos exonera de cargo y reembolso alguno.</li>\n<li>El no presentarse en la hora y el d&iacute;a indicado despu&eacute;s de realizada la reserva genera un&nbsp;<strong>no show&nbsp;</strong>y se cobra un 100%.</li>\n<li>Tarifas no reembolsables.</li>\n<li>Debido a la actual situaci&oacute;n mundial por covid 19 se pueden presentar&nbsp;<strong>cambios de fecha y horarios</strong>&nbsp;de la actividad por protocolos de bioseguridad</li>\n<li>Revisa nuestros<strong>&nbsp;<a href=\"../../home/terminos\">t&eacute;rminos y condiciones</a></strong>&nbsp;que aplican a todas las ofertas.</li>\n</ul>','video',40,NULL),(128,128,'descripción','info general','tiempo','observaciones voucher','incluye','no incluye','dudas y consultas','video',41,NULL),(129,129,'<ul style=\"list-style-type: circle;\">\n<li>Vive la experiencia unica de nadar rodeado de peces multicolores mientras los alimentas de tu propia mano.</li>\n<li>Realiza snorkel o buceo de superficie con mascaras profesionales practicas e higienicas.</li>\n<li>Puedes hacer la actividad si estas en Playa Blanca Baru o podemos llevarte desde Cartagena.</li>\n<li>Saldremos en lancha para realizar un recorrido panoramico por las Islas del Rosario.</li>\n<li>No es necesario saber nadar ni tener ninguna experiencia previa.</li>\n</ul>\n<p>De acuerdo a la modalidad puedes llegar desde Cartagena y pasar todo el dia en Playa Blanca Bar&uacute; y disfrutar un delicioso almuerzo y dia de playa o si estas en Baru, Playa Blanca llegar a <strong>KALINAGO BEACH</strong> a la hora acordada con nosotros y realizar el snorkel.</p>\n<p>&nbsp;</p>','<ul>\n<li>Se recomienda llevar vestido de ba&ntilde;o, bloqueador solar, gorra y zapatos de neopreno.</li>\n<li>Verifica con tu asesor las restricciones de las actividades y la disponibilidad.</li>\n</ul>','Desde 30 minutos','<ul>\n<li data-aria-posinset=\"1\" data-aria-level=\"1\"><strong><em><span data-contrast=\"auto\">ARMA TU MOCHILA.COM&nbsp; NO tiene asesores fuera de la oficina, por lo tanto NO se hace responsable de inconvenientes, accidentes o inconformidades, por compra de actividades fuera de nuestra agencia o&nbsp;pagina&nbsp;web*</span></em></strong>&nbsp;</li>\n<li data-aria-posinset=\"2\" data-aria-level=\"1\"><strong><span data-contrast=\"auto\">Las tarifas&nbsp;estan&nbsp;sujetas a cambios y modificaciones sin previo aviso.</span></strong>&nbsp;</li>\n</ul>','incluye','no incluye','<ul>\n<li data-aria-posinset=\"1\" data-aria-level=\"1\"><strong><span data-contrast=\"auto\">ARMA TU MOCHILA.COM</span></strong><span data-contrast=\"auto\">&nbsp;se reserva el derecho a cambiar de operador tur&iacute;stico o trasporte si fuera necesario por otro de igual o mejor categor&iacute;a.</span>&nbsp;</li>\n<li data-aria-posinset=\"2\" data-aria-level=\"1\"><span data-contrast=\"auto\">El no cumplimiento parcial o total de los servicios por motivos ajenos y de fuerza mayor (terceros, clim&aacute;ticos, etc.) nos exonera de cargo y reembolso alguno.</span>&nbsp;</li>\n<li data-aria-posinset=\"3\" data-aria-level=\"1\"><strong><span data-contrast=\"auto\">Recomendamos que los paseos en lancha o barco se programen para los primeros d&iacute;as de sus vacaciones por que dependen de condiciones clim&aacute;ticas.</span></strong>&nbsp;</li>\n<li data-aria-posinset=\"4\" data-aria-level=\"1\"><span data-contrast=\"auto\">El no presentarse en la hora y el d&iacute;a indicado despu&eacute;s de realizada la reserva genera un&nbsp;</span><strong><span data-contrast=\"auto\">no show&nbsp;</span></strong><span data-contrast=\"auto\">y se cobra un 100%.</span>&nbsp;</li>\n<li data-aria-posinset=\"5\" data-aria-level=\"1\"><span data-contrast=\"auto\">Tarifas no reembolsables.</span>&nbsp;</li>\n<li data-aria-posinset=\"6\" data-aria-level=\"1\"><span data-contrast=\"auto\">Debido a la actual situaci&oacute;n mundial por&nbsp;covid&nbsp;19 se pueden presentar&nbsp;</span><strong><span data-contrast=\"auto\">cambios de fecha y horarios</span></strong><span data-contrast=\"auto\">&nbsp;de la actividad por protocolos de bioseguridad</span>&nbsp;</li>\n<li data-aria-posinset=\"7\" data-aria-level=\"1\"><span data-contrast=\"auto\">Revisa nuestros</span><strong><span data-contrast=\"auto\">&nbsp;</span></strong><a href=\"https://onenote.officeapps.live.com/home/terminos\"><strong><span data-contrast=\"auto\">t&eacute;rminos y condiciones</span></strong></a><strong><span data-contrast=\"auto\">&nbsp;que aplican a todas las ofertas.</span></strong>&nbsp;</li>\n</ul>','video',7,NULL),(130,130,'descripción','info general','tiempo','observaciones voucher','incluye','no incluye','dudas y consultas','video',48,NULL),(131,131,'','','','','incluye','no incluye','','video',49,NULL),(132,132,'<ul style=\"list-style-type: circle;\">\n<li>Nuestro recorrido empieza en lancha deportiva desde Cartagena hasta las islas del Rosario.</li>\n<li>Realizamos un recorrido panor&aacute;mico y llegamos hasta la hermosa Isla privada \"Isla del Pirata\".</li>\n<li>Disfrutaremos de un delicioso coctel de bienvenida y snack o refrigerio y ba&ntilde;o de mar por 1 hora aprox.</li>\n<li>Realizamos snorkel con equipos profesionales e higi&eacute;nicos,&nbsp; o en San Martin de Pajarales ingresamoas al Oceanario para ver el show de delfines y tiburones ademas de exibicion de especies marinas.</li>\n<li>Luego llegaremos a nuestro club de playa Jet Set Beach ubicado en el sector de Playa Tranquila.</li>\n<li>Disfruta de un delicioso almuerzo y coctel de camarones o porcion de frutas,</li>\n<li>Descansa frente al mar y sumerjete en sus aguas azul turquesa y de arena blanca.</li>\n</ul>\n<p>De acuerdo con la modalidad escogida tendr&aacute;s opci&oacute;n de ba&ntilde;o con plancton o regresaras a las 3 de la tarde a Cartagena.</p>','<p>RECOMENDACIONES&nbsp;</p>\n<ul>\n<li>Se recomienda llevar vestido de ba&ntilde;o, bloqueador solar, gorra y zapatos de neopreno.&nbsp;</li>\n<li>Verifica con un asesor las restricciones de las actividades y la disponibilidad</li>\n</ul>\n<p>&nbsp;</p>\n<p>&nbsp;</p>\n<p>&nbsp;</p>','tiempo','<p>IMPORTANTE:</p>\n<p><em><strong> Jet Set Viajes NO tiene asesores fuera de la oficina, por lo tanto NO se hace responsable de inconvenientes, accidentes o inconformidades, por compra de actividades de snorkel u otras fuera de nuestra agencia*</strong></em></p>','incluye','no incluye','<p>PARA TENER EN CUENTA:</p>\n<ul>\n<li>La agencia de viajes se reserva el derecho a cambiar de operador tur&iacute;stico o trasporte si fuera necesario por otro de igual o mejor categor&iacute;a.</li>\n<li>El no cumplimiento parcial o total de los servicios por motivos ajenos y de fuerza mayor (terceros, clim&aacute;ticos, etc.) nos exonera de cargo y reembolso alguno.</li>\n<li>Recomendamos que los paseos en lancha o barco se programen para los primeros d&iacute;as de sus vacaciones por que dependen de condiciones clim&aacute;ticas.</li>\n<li>El no presentarse en la hora y el d&iacute;a indicado despu&eacute;s de realizada la reserva genera un <strong>no show </strong>y se cobra un 100%.</li>\n<li>Tarifas no reembolsables.</li>\n<li>Debido a la actual situaci&oacute;n mundial por covid 19 se pueden presentar cambios de fecha y horarios de la actividad por protocolos de bioseguridad</li>\n<li>Revisa nuestras&nbsp;<a href=\"http://v20.jetsetviajes.com/home/terminos\">t&eacute;rminos y condiciones</a>&nbsp;que aplican a todas las ofertas.</li>\n</ul>','video',50,NULL),(133,133,'descripción','info general','tiempo','observaciones voucher','incluye','no incluye','dudas y consultas','video',51,NULL),(134,134,'<ul>\n<li>Si tienes vehiculo o el medio de trasporte para llegar a la Isla de Baru este plan es ideal&nbsp;</li>\n<li>Tambien podemos llevarte en un recorrido de 45 minutos en vehiculos climatizados ( valor adicional)</li>\n<li>Realizaremos una caminata de 2 horas por mas de 7 hectareas</li>\n<li>Recorrido por 3 ecosistemas diferentes, Selva h&uacute;meda tropica, Zona de litorales,y Desierto, y 22 exhibiciones.</li>\n<li>Veremos diferentes especies de aves como pavos, tucanes, patos, loros, &aacute;guilas,</li>\n<li>lechuzas, gavilanes, halcones, cisnes, flamencos y muchos m&aacute;s</li>\n<li>Ofrecemos 2 show de aves a las 11.30 am y 3.30 pm</li>\n<li>Ultimo ingreso 3.00 pm.</li>\n</ul>','<ul>\n<li>Se recomienda llevar ropa comoda, bloqueador solar y gorra</li>\n<li>Verifica con tu asesor las restricciones de las actividades y la disponibilidad</li>\n</ul>','Desde 2 horas','<ul style=\"list-style-type: square;\">\n<li data-aria-posinset=\"1\" data-aria-level=\"1\"><strong><em><span data-contrast=\"auto\">ARMA TU MOCHILA NO tiene asesores fuera de la oficina, por lo tanto NO se hace responsable de inconvenientes, accidentes o inconformidades, por compra de actividades fuera de nuestra agencia o&nbsp;pagina&nbsp;web*</span></em></strong>&nbsp;</li>\n<li data-aria-posinset=\"2\" data-aria-level=\"1\"><strong><span data-contrast=\"auto\">Las tarifas&nbsp;estan&nbsp;sujetas a cambios y modificaciones sin previo aviso.</span></strong>&nbsp;</li>\n</ul>','incluye','no incluye','<ul>\n<li data-aria-posinset=\"1\" data-aria-level=\"1\"><span data-contrast=\"auto\">ARMA TU MOCHILA se reserva el derecho a cambiar de operador tur&iacute;stico o trasporte si fuera necesario por otro de igual o mejor categor&iacute;a.</span>&nbsp;</li>\n<li data-aria-posinset=\"2\" data-aria-level=\"1\"><span data-contrast=\"auto\">El no cumplimiento parcial o total de los servicios por motivos ajenos y de fuerza mayor (terceros, clim&aacute;ticos, etc.) nos exonera de cargo y reembolso alguno.</span>&nbsp;</li>\n<li data-aria-posinset=\"3\" data-aria-level=\"1\"><strong><span data-contrast=\"auto\">Recomendamos que los paseos en lancha o barco se programen para los primeros d&iacute;as de sus vacaciones por que dependen de condiciones clim&aacute;ticas.</span></strong>&nbsp;</li>\n<li data-aria-posinset=\"4\" data-aria-level=\"1\"><span data-contrast=\"auto\">El no presentarse en la hora y el d&iacute;a indicado despu&eacute;s de realizada la reserva genera un&nbsp;</span><strong><span data-contrast=\"auto\">no show&nbsp;</span></strong><span data-contrast=\"auto\">y se cobra un 100%.</span>&nbsp;</li>\n<li data-aria-posinset=\"5\" data-aria-level=\"1\"><span data-contrast=\"auto\">Tarifas no reembolsables.</span>&nbsp;</li>\n<li data-aria-posinset=\"6\" data-aria-level=\"1\"><span data-contrast=\"auto\">Debido a la actual situaci&oacute;n mundial por&nbsp;covid&nbsp;19 se pueden presentar&nbsp;</span><strong><span data-contrast=\"auto\">cambios de fecha y horarios</span></strong><span data-contrast=\"auto\">&nbsp;de la actividad por protocolos de bioseguridad</span>&nbsp;</li>\n<li data-aria-posinset=\"7\" data-aria-level=\"1\"><span data-contrast=\"auto\">Revisa nuestros</span><strong><span data-contrast=\"auto\">&nbsp;</span></strong><a href=\"https://onenote.officeapps.live.com/home/terminos\"><strong><span data-contrast=\"auto\">t&eacute;rminos y condiciones</span></strong></a><strong><span data-contrast=\"auto\">&nbsp;que aplican a todas las ofertas.</span></strong>&nbsp;</li>\n</ul>\n<p>&nbsp;</p>','video',4,NULL),(135,135,'<ul style=\"list-style-type: circle;\">\n<li>En esta experiencia podras interactuar con los peces disfrutando a su vez de el hermoso paisaje qiue nos ofrecen las profundidades de nuestras aguas cristalinas ,no es necesario saber nadar.</li>\n<li>Bucea en las aguas azul turquesa del mar caribe y contempla la riqueza de nuestros arrecifes de corales.</li>\n<li>Si estas en Playa Blanca Baru puedes hacer esta acituvidad, o podemos llevarte desde Cartagena ( costo adicional).</li>\n<li>De esta manera podras disfrutar de un maravilloso pasadia en nuestra Playa <strong>KALINAGO BEACH.</strong></li>\n<li>Despues de bucear podras relajate un poco mas frente a las blancas arenas de nuestro caribe colombiano, disfrutando de un delicioso almuerzo tipico.</li>\n<li>No es necesario saber nadar ni tener ninguna experiencia previa y si eres buzo certificado escoge la inmersion avenzada</li>\n</ul>\n<p>De acuerdo con la modalidad escogida tendr&aacute;s opci&oacute;n de pasadia en<strong> KALINAGO BEACH&nbsp;</strong>o solo el mini curso de buceo o mini experiencia si ya estas en Playa Blanca Baru.&nbsp;</p>','<ul>\n<li><strong>La actividad no se debe realizar si tu vuelos esta destro de las 24 horas antes de la salida, ni el dia de tu vuelo de llegada.</strong></li>\n<li>Se recomienda llevar vestido de ba&ntilde;o, bloqueador solar, gorra y zapatos de neopreno.</li>\n<li>Verifica con tu asesor las restricciones de las actividades y la disponibilidad.</li>\n</ul>','Desde 30 minutos','<ul style=\"list-style-type: square;\">\n<li data-aria-posinset=\"1\" data-aria-level=\"1\"><strong><em><span data-contrast=\"auto\">ARMA TU MOCHILA.COM&nbsp; NO tiene asesores fuera de la oficina, por lo tanto NO se hace responsable de inconvenientes, accidentes o inconformidades, por compra de actividades fuera de nuestra agencia o&nbsp;pagina&nbsp;web*</span></em></strong>&nbsp;</li>\n<li data-aria-posinset=\"2\" data-aria-level=\"1\"><strong><span data-contrast=\"auto\">Las tarifas estan sujetas a cambios y modificaciones sin previo aviso.</span></strong></li>\n</ul>','incluye','no incluye','<ul>\n<li data-aria-posinset=\"1\" data-aria-level=\"1\"><strong><span data-contrast=\"auto\">ARMA TU MOCHILA.COM</span></strong><span data-contrast=\"auto\">&nbsp;se reserva el derecho a cambiar de operador tur&iacute;stico o trasporte si fuera necesario por otro de igual o mejor categor&iacute;a.</span>&nbsp;</li>\n<li data-aria-posinset=\"2\" data-aria-level=\"1\"><span data-contrast=\"auto\">El no cumplimiento parcial o total de los servicios por motivos ajenos y de fuerza mayor (terceros, clim&aacute;ticos, etc.) nos exonera de cargo y reembolso alguno.</span>&nbsp;</li>\n<li data-aria-posinset=\"3\" data-aria-level=\"1\"><strong><span data-contrast=\"auto\">Recomendamos que los paseos en lancha o barco se programen para los primeros d&iacute;as de sus vacaciones por que dependen de condiciones clim&aacute;ticas.</span></strong>&nbsp;</li>\n<li data-aria-posinset=\"4\" data-aria-level=\"1\"><span data-contrast=\"auto\">El no presentarse en la hora y el d&iacute;a indicado despu&eacute;s de realizada la reserva genera un&nbsp;</span><strong><span data-contrast=\"auto\">no show&nbsp;</span></strong><span data-contrast=\"auto\">y se cobra un 100%.</span>&nbsp;</li>\n<li data-aria-posinset=\"5\" data-aria-level=\"1\"><span data-contrast=\"auto\">Tarifas no reembolsables.</span>&nbsp;</li>\n<li data-aria-posinset=\"6\" data-aria-level=\"1\"><span data-contrast=\"auto\">Debido a la actual situaci&oacute;n mundial por&nbsp;covid&nbsp;19 se pueden presentar&nbsp;</span><strong><span data-contrast=\"auto\">cambios de fecha y horarios</span></strong><span data-contrast=\"auto\">&nbsp;de la actividad por protocolos de bioseguridad</span>&nbsp;</li>\n<li data-aria-posinset=\"7\" data-aria-level=\"1\"><span data-contrast=\"auto\">Revisa nuestros</span><strong><span data-contrast=\"auto\">&nbsp;</span></strong><a href=\"https://onenote.officeapps.live.com/home/terminos\"><strong><span data-contrast=\"auto\">t&eacute;rminos y condiciones</span></strong></a><strong><span data-contrast=\"auto\">&nbsp;que aplican a todas las ofertas.</span></strong>&nbsp;</li>\n</ul>','video',9,NULL),(136,136,'descripción','info general','tiempo','observaciones voucher','incluye','no incluye','dudas y consultas','video',53,NULL),(137,137,'descripción','info general','tiempo','observaciones voucher','incluye','no incluye','dudas y consultas','video',42,NULL),(138,138,'<p>descripci&oacute;n</p>','<p>info general</p>','tiempo','<p>observaciones voucher</p>','incluye','no incluye','<p>dudas y consultas</p>','video',54,NULL),(139,139,'<p>descripci&oacute;n</p>','<p>info general</p>','tiempo','<p>observaciones voucher</p>','incluye','no incluye','<p>dudas y consultas</p>','video',55,NULL),(140,140,'<ul style=\"list-style-type: circle;\">\n<li>Nuestro recorrido empieza por los barrios turisticos El Laguito, Bocagrande y Castillo.</li>\n<li>Haremos dos paradas tecnicas para entender un poco mejor la historia de los lugares que eestamos visitando y poder tomarnos algunas fotografias.</li>\n<li>Luego pasaremos por el muelle de la bodeguita para llegar a los zapatos viejos, El Castillo de San Felipe, y la India Catalina.</li>\n<li>Recorrido peatonal guiado, por las principales y pintorescas callecitas de el centro historico.</li>\n<li>Finalizamos nuestro recorrido en las murallas de Cartagena.</li>\n</ul>\n<p>De acuerdo con la modalidad escogida tendr&aacute;s opci&oacute;n de ingresar al Castillo de San Felipe, o de recorrido privado o compartido.</p>','<ul>\n<li>Se recomienda llevar ropa comoda, bloqueador solar y gorra.</li>\n<li>El horario se acordara con la agencia de acuerdo a solicitud y disponibilidad.</li>\n<li>Verifica con tu asesor las restricciones de las actividades y la disponibilidad.</li>\n</ul>','Desde 3 horas ','<ul style=\"list-style-type: square;\">\n<li data-aria-posinset=\"1\" data-aria-level=\"1\"><strong><em><span data-contrast=\"auto\">ARMA TU MOCHILA.COM&nbsp; NO tiene asesores fuera de la oficina, por lo tanto NO se hace responsable de inconvenientes, accidentes o inconformidades, por compra de actividades fuera de nuestra agencia o&nbsp;pagina&nbsp;web*</span></em></strong>&nbsp;</li>\n<li data-aria-posinset=\"2\" data-aria-level=\"1\"><strong><span data-contrast=\"auto\">Las tarifas&nbsp;estan&nbsp;sujetas a cambios y modificaciones sin previo aviso.</span></strong>&nbsp;</li>\n</ul>','incluye','no incluye','<ul>\n<li data-aria-posinset=\"1\" data-aria-level=\"1\"><strong><span data-contrast=\"auto\">ARMA TU MOCHILA.COM</span></strong><span data-contrast=\"auto\">&nbsp;se reserva el derecho a cambiar de operador tur&iacute;stico o trasporte si fuera necesario por otro de igual o mejor categor&iacute;a.</span>&nbsp;</li>\n<li data-aria-posinset=\"2\" data-aria-level=\"1\"><span data-contrast=\"auto\">El no cumplimiento parcial o total de los servicios por motivos ajenos y de fuerza mayor (terceros, clim&aacute;ticos, etc.) nos exonera de cargo y reembolso alguno.</span>&nbsp;</li>\n<li data-aria-posinset=\"3\" data-aria-level=\"1\"><strong><span data-contrast=\"auto\">Recomendamos que los paseos en lancha o barco se programen para los primeros d&iacute;as de sus vacaciones por que dependen de condiciones clim&aacute;ticas.</span></strong>&nbsp;</li>\n<li data-aria-posinset=\"4\" data-aria-level=\"1\"><span data-contrast=\"auto\">El no presentarse en la hora y el d&iacute;a indicado despu&eacute;s de realizada la reserva genera un&nbsp;</span><strong><span data-contrast=\"auto\">no show&nbsp;</span></strong><span data-contrast=\"auto\">y se cobra un 100%.</span>&nbsp;</li>\n<li data-aria-posinset=\"5\" data-aria-level=\"1\"><span data-contrast=\"auto\">Tarifas no reembolsables.</span>&nbsp;</li>\n<li data-aria-posinset=\"6\" data-aria-level=\"1\"><span data-contrast=\"auto\">Debido a la actual situaci&oacute;n mundial por&nbsp;covid&nbsp;19 se pueden presentar&nbsp;</span><strong><span data-contrast=\"auto\">cambios de fecha y horarios</span></strong><span data-contrast=\"auto\">&nbsp;de la actividad por protocolos de bioseguridad</span>&nbsp;</li>\n<li data-aria-posinset=\"7\" data-aria-level=\"1\"><span data-contrast=\"auto\">Revisa nuestros</span><strong><span data-contrast=\"auto\">&nbsp;</span></strong><a href=\"https://onenote.officeapps.live.com/home/terminos\"><strong><span data-contrast=\"auto\">t&eacute;rminos y condiciones</span></strong></a><strong><span data-contrast=\"auto\"> que aplican a todas las ofertas.</span></strong></li>\n</ul>','video',8,NULL),(141,141,'<ul style=\"list-style-type: circle;\">\n<li>Recorrido de 5 horas hasta el Parque Tayrona</li>\n<li>Pasando por la ciudad de Barranquilla</li>\n<li>Al llegar a el parque Tayrona tienes la oportunidad de caminar por las hermosas playas&nbsp;</li>\n<li>Podras conocer el mirador de las 7 olas</li>\n<li>Disfruta una tarde de playa en el mejor lugar del parque Tayrona</li>\n</ul>\n<p>De acuerdo a la modalidad podras conocer el mirador de las 7 olas y Playa Cristal o realizar una caminata por mas de 10 playas hasta llegar a Cabo San Juan del Guia.</p>','<ul>\n<li>Se recomienda llevar vestido de ba&ntilde;o, bloqueador solar, gorra, zapatos de neopreno y ropa de cambio.</li>\n<li>Verifica con un asesor las restricciones de las actividades y la disponibilidad.</li>\n<li>Se debe tener en cuenta que para la modalidad de Cabo San Juan se camina por un trayecto de 2 horas de ida y 2 de regreso&nbsp;</li>\n<li>Se puede alquilar caballo para no tener que caminar&nbsp;</li>\n</ul>','1 dia ','<ul>\n<li><em><strong>Jet Set Viajes NO tiene asesores fuera de la oficina, por lo tanto NO se hace responsable de inconvenientes, accidentes o inconformidades, por compra de actividades de snorkel u otras fuera de nuestra agencia*</strong></em></li>\n<li><strong>Las tarifas estan sujetas a cambios y modificaciones sin previo aviso&nbsp;</strong></li>\n</ul>','incluye','no incluye','<ul>\n<li>La agencia de viajes se reserva el derecho a cambiar de operador tur&iacute;stico o trasporte si fuera necesario por otro de igual o mejor categor&iacute;a.</li>\n<li>El no cumplimiento parcial o total de los servicios por motivos ajenos y de fuerza mayor (terceros, clim&aacute;ticos, etc.) nos exonera de cargo y reembolso alguno.</li>\n<li>El no presentarse en la hora y el d&iacute;a indicado despu&eacute;s de realizada la reserva genera un&nbsp;<strong>no show&nbsp;</strong>y se cobra un 100%.</li>\n<li>Tarifas no reembolsables.</li>\n<li>Debido a la actual situaci&oacute;n mundial por covid 19 se pueden presentar&nbsp;<strong>cambios de fecha y horarios</strong>&nbsp;de la actividad por protocolos de bioseguridad</li>\n<li>Revisa nuestras&nbsp;<strong><a href=\"../../home/terminos\">t&eacute;rminos y condiciones</a></strong>&nbsp;que aplican a todas las ofertas.</li>\n</ul>','video',34,NULL),(142,142,'descripción','info general','tiempo','observaciones voucher','incluye','no incluye','dudas y consultas','video',57,NULL),(143,143,'descripción','info general','tiempo','observaciones voucher','incluye','no incluye','dudas y consultas','video',58,NULL),(144,144,'descripción','info general','tiempo','observaciones voucher','incluye','no incluye','dudas y consultas','video',59,NULL),(145,145,'descripción','info general','tiempo','observaciones voucher','incluye','no incluye','dudas y consultas','video',43,NULL),(146,146,'descripción','info general','tiempo','observaciones voucher','incluye','no incluye','dudas y consultas','video',44,NULL),(147,147,'descripción','info general','tiempo','observaciones voucher','incluye','no incluye','dudas y consultas','video',45,NULL),(148,148,'descripción','info general','tiempo','observaciones voucher','incluye','no incluye','dudas y consultas','video',46,NULL),(149,149,'<ul>\n<li>Fantastica experiencia a tan solo 10 minutos del Rodadero</li>\n<li>Conoce los mas hermosos animales marinos en nuestro espectaculo de 2 horas</li>\n<li>Ingresa el Museo Tayrona, Museo del Mar y conoce las maravillas de nuestros antepasados</li>\n<li>Tambien tendras la opcion de nadar con los delfines, hermosos e inteligentes animales</li>\n<li>15 acuarios de vidrio con 805 animales como tiburones, tortugas marinas, delfines, leones marinos, crust&aacute;ceos, peces&nbsp;&nbsp;</li>\n<li>Cuenta con 13 piscinas con conexi&oacute;n directa con el mar Caribe</li>\n</ul>','<ul>\n<li>Se recomienda llevar vestido de ba&ntilde;o, bloqueador solar, gorra y zapatos de neopreno.&nbsp;</li>\n<li>Verifica con un asesor las restricciones de las actividades y la disponibilidad.</li>\n</ul>','2 horas','<ul style=\"list-style-type: square;\">\n<li><em><strong>Armatumochila.com NO tiene asesores fuera de la oficina, por lo tanto NO se hace responsable de inconvenientes, accidentes o inconformidades, por compra de actividades de snorkel u otras fuera de nuestra agencia*</strong></em></li>\n<li><strong>Las tarifas estan sujetas a cambios y modificaciones sin previo aviso&nbsp;</strong></li>\n</ul>','incluye','no incluye','<ul>\n<li>La agencia de viajes se reserva el derecho a cambiar de operador tur&iacute;stico o trasporte si fuera necesario por otro de igual o mejor categor&iacute;a.</li>\n<li>El no cumplimiento parcial o total de los servicios por motivos ajenos y de fuerza mayor (terceros, clim&aacute;ticos, etc.) nos exonera de cargo y reembolso alguno.</li>\n<li><strong>Recomendamos que los paseos en lancha o barco se programen para los primeros d&iacute;as de sus vacaciones por que dependen de condiciones clim&aacute;ticas.</strong></li>\n<li>El no presentarse en la hora y el d&iacute;a indicado despu&eacute;s de realizada la reserva genera un&nbsp;<strong>no show&nbsp;</strong>y se cobra un 100%.</li>\n<li>Tarifas no reembolsables.</li>\n<li>Debido a la actual situaci&oacute;n mundial por covid 19 se pueden presentar&nbsp;<strong>cambios de fecha y horarios</strong>&nbsp;de la actividad por protocolos de bioseguridad</li>\n<li>Revisa nuestros<strong>&nbsp;<a href=\"../../home/terminos\">t&eacute;rminos y condiciones</a></strong>&nbsp;que aplican a todas las ofertas.</li>\n</ul>','video',3,NULL),(150,150,'descripción','info general','tiempo','observaciones voucher','incluye','no incluye','dudas y consultas','video',60,NULL),(151,151,'descripción','info general','tiempo','observaciones voucher','incluye','no incluye','dudas y consultas','video',61,NULL),(153,153,'descripción','info general','tiempo','observaciones voucher','incluye','no incluye','dudas y consultas','video',62,NULL),(154,154,'<ul style=\"list-style-type: circle;\">\n<li><span style=\"vertical-align: inherit;\"><span style=\"vertical-align: inherit;\">Salimos de Cartagena en veh&iacute;culo climatizado o directo en lancha&nbsp;</span></span></li>\n<li>Si llegamos en vehiculo tomaremos una lancha en Tolu hasta las islas&nbsp;</li>\n<li><span style=\"vertical-align: inherit;\"><span style=\"vertical-align: inherit;\"><span style=\"vertical-align: inherit;\"><span style=\"vertical-align: inherit;\"><span style=\"vertical-align: inherit;\"><span style=\"vertical-align: inherit;\"><span style=\"vertical-align: inherit;\"><span style=\"vertical-align: inherit;\">Veremos Santa Cruz del Islote, ubicado frente al Golfo de Morrosquillo</span></span></span></span></span></span></span></span></li>\n<li><span style=\"vertical-align: inherit;\"><span style=\"vertical-align: inherit;\"><span style=\"vertical-align: inherit;\"><span style=\"vertical-align: inherit;\"><span style=\"vertical-align: inherit;\"><span style=\"vertical-align: inherit;\"><span style=\"vertical-align: inherit;\"><span style=\"vertical-align: inherit;\">Es famoso por atribu&iacute;rsela ser la isla m&aacute;s densamente poblada de la Tierra</span></span></span></span></span></span></span></span></li>\n<li><span style=\"vertical-align: inherit;\"><span style=\"vertical-align: inherit;\"><span style=\"vertical-align: inherit;\"><span style=\"vertical-align: inherit;\"><span style=\"vertical-align: inherit;\"><span style=\"vertical-align: inherit;\"><span style=\"vertical-align: inherit;\"><span style=\"vertical-align: inherit;\"><span style=\"vertical-align: inherit;\"><span style=\"vertical-align: inherit;\">Llegamos a Isla Palma o a Isla Mucura donde almorzaremos disfrutando de un d&iacute;a de playa&nbsp;</span></span></span></span></span></span></span></span></span></span></li>\n<li>Pasaremos la tarde frente al mar azul turquesa y disfrutando del sol y la playa blanca</li>\n</ul>\n<blockquote>\n<div style=\"text-align: left;\">De acuerdo a la modalidad escogida tendr&aacute;s opci&oacute;n de llegar en lancha desde Cartagena hasta las islas o en vehiculo hasta Tolu y luego tomar una lancha, tambien puedes escoger entre una isla privada o publica</div>\n</blockquote>','<ul>\n<li>Se recomienda llevar vestido de ba&ntilde;o, bloqueador solar, gorra y zapatos de neopreno.&nbsp;</li>\n<li>Verifica con un asesor las restricciones de las actividades y la disponibilidad.</li>\n<li>Mujeres en embarazo consultar restricciones.</li>\n</ul>','1 dia ','<ul style=\"list-style-type: square;\">\n<li><em><strong>Jet Set Viajes NO tiene asesores fuera de la oficina, por lo tanto NO se hace responsable de inconvenientes, accidentes o inconformidades, por compra de actividades de snorkel u otras fuera de nuestra agencia*</strong></em></li>\n<li><strong>Las tarifas estan sujetas a cambios y modificaciones sin previo aviso&nbsp;</strong></li>\n</ul>','incluye','no incluye','<ul>\n<li>La agencia de viajes se reserva el derecho a cambiar de operador tur&iacute;stico o trasporte si fuera necesario por otro de igual o mejor categor&iacute;a.</li>\n<li>El no cumplimiento parcial o total de los servicios por motivos ajenos y de fuerza mayor (terceros, clim&aacute;ticos, etc.) nos exonera de cargo y reembolso alguno.</li>\n<li><strong>Recomendamos que los paseos en lancha o barco se programen para los primeros d&iacute;as de sus vacaciones por que dependen de condiciones clim&aacute;ticas.</strong></li>\n<li>El no presentarse en la hora y el d&iacute;a indicado despu&eacute;s de realizada la reserva genera un&nbsp;<strong>no show&nbsp;</strong>y se cobra un 100%.</li>\n<li>Tarifas no reembolsables.</li>\n<li>Debido a la actual situaci&oacute;n mundial por covid 19 se pueden presentar&nbsp;<strong>cambios de fecha y horarios&nbsp;</strong>de la actividad por protocolos de bioseguridad</li>\n<li>Revisa nuestros&nbsp;<strong><a href=\"http://jetsetviajes.com/home/terminos\">t&eacute;rminos y condiciones</a></strong>&nbsp;que aplican a todas las ofertas.</li>\n</ul>','video',30,NULL),(155,155,'descripción','info general','tiempo','observaciones voucher','incluye','no incluye','dudas y consultas','video',64,NULL),(156,156,'descripción','info general','tiempo','observaciones voucher','incluye','no incluye','dudas y consultas','video',21,NULL),(157,157,'','','','','incluye','no incluye','','video',65,NULL),(158,158,'descripción','info general','tiempo','observaciones voucher','incluye','no incluye','dudas y consultas','video',66,NULL),(159,159,'<ul style=\"list-style-type: circle;\">\n<li>Nuestro recorrido empieza en vehiculo climatizado desde Cartagena hacia la Isla de Baru</li>\n<li>Al llegar a Playa Blanca Baru tomamos una lancha por un tiempo de 7 minutos hasta Playa Tranquila</li>\n<li>En Playa Tranquila en nuestro Club de Playa <strong>Jet Set Beach </strong>recibimos un coctel de bienvenida&nbsp;</li>\n<li>Realizamos snorkel con equipos profesionales e higi&eacute;nicos en Punta Iguana o Cabo Tortuga</li>\n<li>Luego tomamos la lancha para dirigirnos a las Islas del Rosario a San Martin de Pajarales</li>\n<li>Al llegar a&nbsp; San Martin de Pajarales ingresamos al Oceanario para ver el show de delfines y tiburones, exhibici&oacute;n de especies marinas</li>\n<li>Luego volveremos al medio dia a nuestro club de playa <strong>Jet Set Beach</strong>&nbsp;</li>\n<li>Incluye un delicioso almuerzo y coctel de camarones o porcion de frutas</li>\n<li>Descansa frente al mar de playa blanca, en Playa Tranquila el resto de la tarde, este es un lugar exclusivo lejos del ruido y de aglomeracion de turistas puedes sumergirte en sus aguas azul turquesa</li>\n</ul>\n<p>De acuerdo a la modalidad seleccionada nadaras en plancton, visitaras el Aviario mas grande de latinoamerica o regresaras a las 3 de la tarde.</p>','<ul>\n<li>Se recomienda llevar vestido de ba&ntilde;o, bloqueador solar, gorra y zapatos de neopreno.&nbsp;</li>\n<li>Verifica con un asesor las restricciones de las actividades y la disponibilidad.</li>\n<li>Mujeres en embarazo consultar restricciones.</li>\n<li>La modalidad de 4 destinos no incluye el impuesto de extranjeria $20.000/8 us (se pagan en la agencia)</li>\n</ul>','Desde 8 horas','<ul style=\"list-style-type: square;\">\n<li><em><strong>Jet Set Viajes NO tiene asesores fuera de la oficina, por lo tanto NO se hace responsable de inconvenientes, accidentes o inconformidades, por compra de actividades de snorkel u otras fuera de nuestra agencia*</strong></em></li>\n<li><strong>Las tarifas estan sujetas a cambios y modificaciones sin previo aviso&nbsp;</strong></li>\n</ul>','incluye','no incluye','<ul>\n<li>La agencia de viajes se reserva el derecho a cambiar de operador tur&iacute;stico o trasporte si fuera necesario por otro de igual o mejor categor&iacute;a.</li>\n<li>El no cumplimiento parcial o total de los servicios por motivos ajenos y de fuerza mayor (terceros, clim&aacute;ticos, etc.) nos exonera de cargo y reembolso alguno.</li>\n<li><strong>Recomendamos que los paseos en lancha o barco se programen para los primeros d&iacute;as de sus vacaciones por que dependen de condiciones clim&aacute;ticas.</strong></li>\n<li>El no presentarse en la hora y el d&iacute;a indicado despu&eacute;s de realizada la reserva genera un <strong>no show </strong>y se cobra un 100%.</li>\n<li>Tarifas no reembolsables.</li>\n<li>Debido a la actual situaci&oacute;n mundial por covid 19 se pueden presentar <strong>cambios de fecha y horarios </strong>de la actividad por protocolos de bioseguridad</li>\n<li>Revisa nuestros <strong><a href=\"http://jetsetviajes.com/home/terminos\">t&eacute;rminos y condiciones</a></strong>&nbsp;que aplican a todas las ofertas.</li>\n</ul>','video',22,NULL),(160,160,'descripción','info general','tiempo','observaciones voucher','incluye','no incluye','dudas y consultas','video',68,NULL),(161,161,'<ul style=\"list-style-type: circle;\">\n<li>Nos dirigimos en vehiculo climatizado hacia un sector a 25 minutos de Cartagena&nbsp;</li>\n<li>Podras disfrutar de un dia de playa, sol y descanso inolvidable</li>\n<li>En la playa puedes disfrutar de un refrigerio tipico de la costa:</li>\n<li>arepa de huevo &oacute; trio de patacones con suero y bebida</li>\n<li>Servicio de ba&ntilde;os, hamacas, carpas y sillas reposeras o asoleadoras</li>\n<li>Almuerzo con 2 opciones deliciosas; pollo o pescado frito con ensalada&nbsp;</li>\n</ul>\n<p>Disfrutaremos de un dia de playa en un sector lejos de el ruido de la ciudad.</p>','<ul>\n<li>Se recomienda llevar vestido de ba&ntilde;o, bloqueador solar, gorra y zapatos de neopreno.&nbsp;</li>\n<li>Verifica con un asesor las restricciones de las actividades y la disponibilidad.</li>\n</ul>','8 horas','<ul>\n<li><em><strong>Jet Set Viajes NO tiene asesores fuera de la oficina, por lo tanto NO se hace responsable de inconvenientes, accidentes o inconformidades, por compra de actividades de snorkel u otras fuera de nuestra agencia*</strong></em></li>\n<li><strong>Las tarifas estan sujetas a cambios y modificaciones sin previo aviso&nbsp;</strong></li>\n</ul>','incluye','no incluye','<ul>\n<li>La agencia de viajes se reserva el derecho a cambiar de operador tur&iacute;stico o trasporte si fuera necesario por otro de igual o mejor categor&iacute;a.</li>\n<li>El no cumplimiento parcial o total de los servicios por motivos ajenos y de fuerza mayor (terceros, clim&aacute;ticos, etc.) nos exonera de cargo y reembolso alguno.</li>\n<li>El no presentarse en la hora y el d&iacute;a indicado despu&eacute;s de realizada la reserva genera un&nbsp;<strong>no show&nbsp;</strong>y se cobra un 100%.</li>\n<li>Tarifas no reembolsables.</li>\n<li>Debido a la actual situaci&oacute;n mundial por covid 19 se pueden presentar&nbsp;<strong>cambios de fecha y horarios&nbsp;</strong>de la actividad por protocolos de bioseguridad</li>\n<li>Revisa nuestros&nbsp;<strong><a href=\"http://jetsetviajes.com/home/terminos\">t&eacute;rminos y condiciones</a></strong>&nbsp;que aplican a todas las ofertas.</li>\n</ul>','video',10,NULL),(162,162,'descripción','info general','tiempo','observaciones voucher','incluye','no incluye','dudas y consultas','video',70,NULL),(164,164,'descripción','info general','tiempo','observaciones voucher','incluye','no incluye','dudas y consultas','video',71,NULL),(165,165,'<p>descripci&oacute;n</p>','<p>info general</p>','tiempo','<p>observaciones voucher</p>','incluye','no incluye','<p>dudas y consultas</p>','video',72,NULL),(166,166,'descripción','info general','tiempo','observaciones voucher','incluye','no incluye','dudas y consultas','video',73,NULL),(167,167,'<p>descripci&oacute;n</p>','<p>info general</p>','tiempo','<p>observaciones voucher</p>','incluye','no incluye','<p>dudas y consultas</p>','video',74,NULL),(168,168,'descripción','info general','tiempo','observaciones voucher','incluye','no incluye','dudas y consultas','video',75,NULL),(169,169,'<ul style=\"list-style-type: circle;\">\n<li>Nuestra experiencia inicia con un recorrido en vehiculo climatizado hasta Playa Blanca Baru.</li>\n<li>Recorrido en lancha durante 7 minutos hasta el sector de Playa Tranquila.</li>\n<li>Luego llegaremos a nuestro Playa <strong>KALINAGO BEACH I&nbsp; y II</strong> ubicadas en el sector de Playa Tranquila y playa blanca.</li>\n<li>Nuestras playas cuentan con zona privada, bar y restaurante.</li>\n<li>Tambien podr&aacute;s disfrutar de sillas y camas reposeras ( de acuerdo a modalidad tiene costo adicional y vendr&aacute; incluida).</li>\n<li>Realiza actividades adicionales como el plancton o snorkel.</li>\n<li>Si quieres conocer el oceanario puedes comprar la actividad con nosotros.<strong>&nbsp;</strong></li>\n</ul>\n<p>&nbsp;</p>','<ul>\n<li>Se recomienda llevar vestido de ba&ntilde;o, bloqueador solar, gorra y zapatos de neopreno.&nbsp;</li>\n<li>Verifica con tu asesor las restricciones de las actividades y la disponibilidad.</li>\n</ul>','8 horas','<ul style=\"list-style-type: square;\">\n<li data-aria-posinset=\"1\" data-aria-level=\"1\"><strong><em><span data-contrast=\"auto\">ARMA TU MOCHILA.COM&nbsp; NO tiene asesores fuera de la oficina, por lo tanto NO se hace responsable de inconvenientes, accidentes o inconformidades, por compra de actividades fuera de nuestra agencia o&nbsp;pagina&nbsp;web*</span></em></strong>&nbsp;</li>\n<li data-aria-posinset=\"2\" data-aria-level=\"1\"><strong><span data-contrast=\"auto\">Las tarifas&nbsp;estan&nbsp;sujetas a cambios y modificaciones sin previo aviso.</span></strong>&nbsp;</li>\n</ul>','incluye','no incluye','<ul style=\"font-weight: 400;\">\n<li data-aria-posinset=\"1\" data-aria-level=\"1\"><strong><span data-contrast=\"auto\">ARMA TU MOCHILA.COM</span></strong><span data-contrast=\"auto\">&nbsp;se reserva el derecho a cambiar de operador tur&iacute;stico o trasporte si fuera necesario por otro de igual o mejor categor&iacute;a.</span>&nbsp;</li>\n<li data-aria-posinset=\"2\" data-aria-level=\"1\"><span data-contrast=\"auto\">El no cumplimiento parcial o total de los servicios por motivos ajenos y de fuerza mayor (terceros, clim&aacute;ticos, etc.) nos exonera de cargo y reembolso alguno.</span>&nbsp;</li>\n<li data-aria-posinset=\"3\" data-aria-level=\"1\"><strong><span data-contrast=\"auto\">Recomendamos que los paseos en lancha o barco se programen para los primeros d&iacute;as de sus vacaciones por que dependen de condiciones clim&aacute;ticas.</span></strong>&nbsp;</li>\n<li data-aria-posinset=\"4\" data-aria-level=\"1\"><span data-contrast=\"auto\">El no presentarse en la hora y el d&iacute;a indicado despu&eacute;s de realizada la reserva genera un&nbsp;</span><strong><span data-contrast=\"auto\">no show&nbsp;</span></strong><span data-contrast=\"auto\">y se cobra un 100%.</span>&nbsp;</li>\n<li data-aria-posinset=\"5\" data-aria-level=\"1\"><span data-contrast=\"auto\">Tarifas no reembolsables.</span>&nbsp;</li>\n<li data-aria-posinset=\"6\" data-aria-level=\"1\"><span data-contrast=\"auto\">Debido a la actual situaci&oacute;n mundial por&nbsp;covid&nbsp;19 se pueden presentar&nbsp;</span><strong><span data-contrast=\"auto\">cambios de fecha y horarios</span></strong><span data-contrast=\"auto\">&nbsp;de la actividad por protocolos de bioseguridad</span>&nbsp;</li>\n<li data-aria-posinset=\"7\" data-aria-level=\"1\"><span data-contrast=\"auto\">Revisa nuestros</span><strong><span data-contrast=\"auto\">&nbsp;</span></strong><a href=\"https://onenote.officeapps.live.com/home/terminos\"><strong><span data-contrast=\"auto\">t&eacute;rminos y condiciones</span></strong></a><strong><span data-contrast=\"auto\">&nbsp;que aplican a todas las ofertas.</span></strong>&nbsp;</li>\n</ul>','video',11,NULL),(170,170,'descripción','info general','tiempo','observaciones voucher','incluye','no incluye','dudas y consultas','video',76,NULL),(171,171,'descripción','info general','tiempo','observaciones voucher','incluye','no incluye','dudas y consultas','video',171,NULL),(172,172,'descripción','info general','tiempo','observaciones voucher','incluye','no incluye','dudas y consultas','video',77,NULL),(173,173,'descripción','info general','tiempo','observaciones voucher','incluye','no incluye','dudas y consultas','video',78,NULL),(174,174,'<p>descripci&oacute;n</p>','<p>info general</p>','tiempo','<p>observaciones voucher</p>','incluye','no incluye','<p>dudas y consultas</p>','video',79,NULL),(175,175,'<ul>\n<li>Espectacular recorrido de 30 minutos desde Playa Blanca hasta el sector de Islas del Rosario</li>\n<li>Pasamos frente a algunas de estas bellas Islas para conocer su historia y anecdotas</li>\n<li>Haremos una parada en San Martin de Pajarales donde se encuentra el Oceanario&nbsp;</li>\n<li>Hermoso lugar dedicado a la conservacion y rehabilitacion de especies marinas</li>\n<li>Puedes tomarte una hermosa foto con el delfin o nadar con ellos&nbsp;</li>\n<li>Recorre el tunel marino y conoce hermosas especies como caballitos de mar y langostas</li>\n</ul>','<ul>\n<li>Se recomienda llevar vestido de ba&ntilde;o, bloqueador solar, gorra y zapatos de neopreno.&nbsp;</li>\n<li>Verifica con un asesor las restricciones de las actividades y la disponibilidad.</li>\n</ul>','2 horas','<ul style=\"list-style-type: square;\">\n<li><em><strong>Jet Set Viajes NO tiene asesores fuera de la oficina, por lo tanto NO se hace responsable de inconvenientes, accidentes o inconformidades, por compra de actividades de snorkel u otras fuera de nuestra agencia*</strong></em></li>\n<li><strong>Las tarifas estan sujetas a cambios y modificaciones sin previo aviso&nbsp;</strong></li>\n</ul>','incluye','no incluye','<ul>\n<li>La agencia de viajes se reserva el derecho a cambiar de operador tur&iacute;stico o trasporte si fuera necesario por otro de igual o mejor categor&iacute;a.</li>\n<li>El no cumplimiento parcial o total de los servicios por motivos ajenos y de fuerza mayor (terceros, clim&aacute;ticos, etc.) nos exonera de cargo y reembolso alguno.</li>\n<li><strong>Recomendamos que los paseos en lancha o barco se programen para los primeros d&iacute;as de sus vacaciones por que dependen de condiciones clim&aacute;ticas.</strong></li>\n<li>El no presentarse en la hora y el d&iacute;a indicado despu&eacute;s de realizada la reserva genera un&nbsp;<strong>no show&nbsp;</strong>y se cobra un 100%.</li>\n<li>Tarifas no reembolsables.</li>\n<li>Debido a la actual situaci&oacute;n mundial por covid 19 se pueden presentar <strong>cambios de fecha y horarios</strong> de la actividad por protocolos de bioseguridad</li>\n<li>Revisa nuestros<strong>&nbsp;<a href=\"../../home/terminos\">t&eacute;rminos y condiciones</a></strong>&nbsp;que aplican a todas las ofertas.</li>\n</ul>','video',15,NULL),(176,176,'descripción','info general','tiempo','observaciones voucher','incluye','no incluye','dudas y consultas','video',81,NULL),(177,177,'','','','','incluye','no incluye','','video',82,NULL),(178,178,'<ul style=\"list-style-type: circle;\">\n<li>Salimos del Muelle antes de la puesta del sol para disfrutar de mar y la brisa del caribe</li>\n<li>Enamorate del magico atardecer del caribe Colombiano a bordo del Phantom</li>\n<li>Musica a bordo, diferentes ambientes dentro de la embarcacion para que elijas</li>\n<li>Disfruta de variados cocteles con y sin licor, agua y gaseosa</li>\n<li>Baila al ritmo de la musica y de las olas del mar</li>\n<li>No puedes faltar a esta cita con el atardecer&nbsp;</li>\n<li>Los ni&ntilde;os menores de 12 a&ntilde;os disfrutan gratis de esta actividad</li>\n</ul>','<ul>\n<li>Se recomienda llevar zapatos comodos no tacones</li>\n<li>Verifica con un asesor las restricciones de las actividades y la disponibilidad</li>\n</ul>','2 horas','<ul>\n<li><em><strong>Jet Set Viajes NO tiene asesores fuera de la oficina, por lo tanto NO se hace responsable de inconvenientes, accidentes o inconformidades, por compra de actividades de snorkel u otras fuera de nuestra agencia*</strong></em></li>\n<li><strong>Las tarifas estan sujetas a cambios y modificaciones sin previo aviso&nbsp;</strong></li>\n</ul>','incluye','no incluye','<ul>\n<li>La agencia de viajes se reserva el derecho a cambiar de operador tur&iacute;stico o trasporte si fuera necesario por otro de igual o mejor categor&iacute;a.</li>\n<li>El no cumplimiento parcial o total de los servicios por motivos ajenos y de fuerza mayor (terceros, clim&aacute;ticos, etc.) nos exonera de cargo y reembolso alguno.</li>\n<li><strong>Recomendamos que los paseos en lancha o barco se programen para los primeros d&iacute;as de sus vacaciones por que dependen de condiciones clim&aacute;ticas.</strong></li>\n<li>El no presentarse en la hora y el d&iacute;a indicado despu&eacute;s de realizada la reserva genera un&nbsp;<strong>no show&nbsp;</strong>y se cobra un 100%.</li>\n<li>Tarifas no reembolsables.</li>\n<li>Debido a la actual situaci&oacute;n mundial por covid 19 se pueden presentar&nbsp;<strong>cambios de fecha y horarios</strong>&nbsp;de la actividad por protocolos de bioseguridad</li>\n<li>Revisa nuestras&nbsp;<strong><a href=\"../../home/terminos\">t&eacute;rminos y condiciones</a></strong>&nbsp;que aplican a todas las ofertas.</li>\n</ul>','video',19,NULL),(179,179,'descripción','info general','tiempo','observaciones voucher','incluye','no incluye','dudas y consultas','video',84,NULL),(180,180,'<ul style=\"list-style-type: circle;\">\n<li>Nuestro experiencia nos llevara por las calles modernas de los barrios turisticos.&nbsp;</li>\n<li>Tambien conoceremos la parte tradicional de Getsemani .</li>\n<li>Se puede disfrutar de la comida tipica y de un delicioso jugo de fruta natural.</li>\n<li>Conoce la cultura de este famoso barrio, su arte y gastronomia.</li>\n<li>Cocina de la mas alta gama en comida tipica e internacional.</li>\n<li>Demostraciones de arte callejero.</li>\n<li>Nuestro guia historiador te transportar&agrave; a otras epocas con la historia de este lugar.&nbsp;</li>\n</ul>\n<p>De acuerdo a la modalidad escogida te <em>pasaremos a buscar a tu hotel</em>, cena o primer plato.</p>','<ul>\n<li>Se recomienda llevar ropa comoda, bloqueador solar y gorra para el tour diurno</li>\n<li>Verifica con un asesor las restricciones de las actividades y la disponibilidad</li>\n</ul>\n<p>&nbsp;</p>','Desde 1 hora','<ul style=\"list-style-type: square;\">\n<li class=\"public-DraftStyleDefault-unorderedListItem public-DraftStyleDefault-reset public-DraftStyleDefault-depth0 public-DraftStyleDefault-listLTR\" data-block=\"true\" data-editor=\"5uhct\" data-offset-key=\"e56ek2d3-0-0\">\n<div class=\"public-DraftStyleDefault-block public-DraftStyleDefault-ltr\" data-offset-key=\"e56ek2d3-0-0\"><strong>ARMA TU MOCHILA NO tiene asesores fuera de la oficina, por lo tanto NO se hace responsable de inconvenientes, accidentes o inconformidades, por compra de actividades fuera de nuestra agencia o pagina web*</strong></div>\n</li>\n<li class=\"public-DraftStyleDefault-unorderedListItem public-DraftStyleDefault-depth0 public-DraftStyleDefault-listLTR\" data-block=\"true\" data-editor=\"5uhct\" data-offset-key=\"dvagh053-0-0\">\n<div class=\"public-DraftStyleDefault-block public-DraftStyleDefault-ltr\" data-offset-key=\"dvagh053-0-0\"><strong>Las tarifas est&agrave;n sujetas a cambios y modificaciones sin previo aviso.</strong></div>\n</li>\n</ul>','incluye','no incluye','<ul>\n<li class=\"public-DraftStyleDefault-unorderedListItem public-DraftStyleDefault-reset public-DraftStyleDefault-depth0 public-DraftStyleDefault-listLTR\" data-block=\"true\" data-editor=\"5uhct\" data-offset-key=\"bptqma2e-0-0\">\n<div class=\"public-DraftStyleDefault-block public-DraftStyleDefault-ltr\" data-offset-key=\"bptqma2e-0-0\"><strong>ARMA TU MOCHILA</strong><span data-offset-key=\"bptqma2e-0-1\"><span data-text=\"true\"> se reserva el derecho a cambiar de operador tur&iacute;stico o trasporte si fuera necesario por otro de igual o mejor categor&iacute;a.</span></span></div>\n</li>\n<li class=\"public-DraftStyleDefault-unorderedListItem public-DraftStyleDefault-depth0 public-DraftStyleDefault-listLTR\" data-block=\"true\" data-editor=\"5uhct\" data-offset-key=\"2b9ig7be-0-0\">\n<div class=\"public-DraftStyleDefault-block public-DraftStyleDefault-ltr\" data-offset-key=\"2b9ig7be-0-0\"><span data-offset-key=\"2b9ig7be-0-0\"><span data-text=\"true\">El no cumplimiento parcial o total de los servicios por motivos ajenos y de fuerza mayor (terceros, clim&aacute;ticos, etc.) nos exonera de cargo y reembolso alguno.</span></span></div>\n</li>\n<li class=\"public-DraftStyleDefault-unorderedListItem public-DraftStyleDefault-depth0 public-DraftStyleDefault-listLTR\" data-block=\"true\" data-editor=\"5uhct\" data-offset-key=\"7no8fac8-0-0\">\n<div class=\"public-DraftStyleDefault-block public-DraftStyleDefault-ltr\" data-offset-key=\"7no8fac8-0-0\"><span data-offset-key=\"7no8fac8-0-0\"><span data-text=\"true\">Recomendamos que los paseos en lancha o barco se programen para los primeros d&iacute;as de sus vacaciones por que dependen de condiciones clim&aacute;ticas.</span></span></div>\n</li>\n<li class=\"public-DraftStyleDefault-unorderedListItem public-DraftStyleDefault-depth0 public-DraftStyleDefault-listLTR\" data-block=\"true\" data-editor=\"5uhct\" data-offset-key=\"3fq811b0-0-0\">\n<div class=\"public-DraftStyleDefault-block public-DraftStyleDefault-ltr\" data-offset-key=\"3fq811b0-0-0\"><span data-offset-key=\"3fq811b0-0-0\"><span data-text=\"true\">El no presentarse en la hora y el d&iacute;a indicado despu&eacute;s de realizada la reserva genera un </span></span><span data-offset-key=\"3fq811b0-0-1\"><span data-text=\"true\">no show </span></span><span data-offset-key=\"3fq811b0-0-2\"><span data-text=\"true\">y se cobra un 100%.</span></span></div>\n</li>\n<li class=\"public-DraftStyleDefault-unorderedListItem public-DraftStyleDefault-depth0 public-DraftStyleDefault-listLTR\" data-block=\"true\" data-editor=\"5uhct\" data-offset-key=\"a8dtbed8-0-0\">\n<div class=\"public-DraftStyleDefault-block public-DraftStyleDefault-ltr\" data-offset-key=\"a8dtbed8-0-0\"><span data-offset-key=\"a8dtbed8-0-0\"><span data-text=\"true\">Tarifas no reembolsables.</span></span></div>\n</li>\n<li class=\"public-DraftStyleDefault-unorderedListItem public-DraftStyleDefault-depth0 public-DraftStyleDefault-listLTR\" data-block=\"true\" data-editor=\"5uhct\" data-offset-key=\"dnjam98d-0-0\">\n<div class=\"public-DraftStyleDefault-block public-DraftStyleDefault-ltr\" data-offset-key=\"dnjam98d-0-0\"><span data-offset-key=\"dnjam98d-0-0\"><span data-text=\"true\">Debido a la actual situaci&oacute;n mundial por covid 19 se pueden presentar </span></span><span data-offset-key=\"dnjam98d-0-1\"><span data-text=\"true\">cambios de fecha y horarios</span></span><span data-offset-key=\"dnjam98d-0-2\"><span data-text=\"true\"> de la actividad por protocolos de bioseguridad</span></span></div>\n</li>\n<li class=\"public-DraftStyleDefault-unorderedListItem public-DraftStyleDefault-depth0 public-DraftStyleDefault-listLTR\" data-block=\"true\" data-editor=\"5uhct\" data-offset-key=\"1qk9sd3e-0-0\">\n<div class=\"public-DraftStyleDefault-block public-DraftStyleDefault-ltr\" data-offset-key=\"1qk9sd3e-0-0\"><span data-offset-key=\"1qk9sd3e-0-0\"><span data-text=\"true\">Revisa nuestros</span></span><span data-offset-key=\"1qk9sd3e-0-1\"><span data-text=\"true\"> t&eacute;rminos y condiciones</span></span><span data-offset-key=\"1qk9sd3e-0-2\"><span data-text=\"true\"> que aplican a todas las ofertas.</span></span></div>\n</li>\n</ul>','video',1,NULL),(181,181,'descripción','info general','tiempo','observaciones voucher','incluye','no incluye','dudas y consultas','video',85,NULL),(182,182,'<ul style=\"list-style-type: circle;\">\n<li>Esta experiencia empieza en un vehiculo climatizado hasta Playa Blanca Baru.</li>\n<li>Puedes disfrutar de esta maravillosa experiencia en playa Blanca Baru.</li>\n<li>Nos trasladaremos en lancha durante 5 minutos hasta la cienaga.</li>\n<li>Ahi tendremos nuestra experiencia de ba&ntilde;o de plancton bioluminoscente para ver como nuestro cuerpo y el agua brillan al movernos.</li>\n</ul>\n<p>De acuerdo con la modalidad escogida tendr&aacute;s opci&oacute;n de pasadia en<strong> Playa Blanca Baru</strong> o solo ba&ntilde;o con plancton si ya estas en Playa Blanca Baru o podemos llevarte desde Cartagena.</p>','<ul>\n<li>Se recomienda llevar vestido de ba&ntilde;o, bloqueador solar, gorra y zapatos de neopreno.&nbsp;</li>\n<li><strong>Ropa de cambio y toalla, en la noche hace frio despues de la actividad.</strong></li>\n<li>Verifica con tu asesor las restricciones de las actividades y la disponibilidad.</li>\n</ul>','Desde 3 horas ','<ul>\n<li data-aria-posinset=\"1\" data-aria-level=\"1\"><strong><em><span data-contrast=\"auto\">ARMA TU MOCHILA NO tiene asesores fuera de la oficina, por lo tanto NO se hace responsable de inconvenientes, accidentes o inconformidades, por compra de actividades fuera de nuestra agencia o&nbsp;pagina&nbsp;web*</span></em></strong>&nbsp;</li>\n<li data-aria-posinset=\"2\" data-aria-level=\"1\"><strong><span data-contrast=\"auto\">Las tarifas&nbsp;estan&nbsp;sujetas a cambios y modificaciones sin previo aviso.</span></strong>&nbsp;</li>\n</ul>\n<p>&nbsp;</p>','incluye','no incluye','<ul style=\"font-weight: 400;\">\n<li data-aria-posinset=\"1\" data-aria-level=\"1\"><span data-contrast=\"auto\">ARMA TU MOCHILA se reserva el derecho a cambiar de operador tur&iacute;stico o trasporte si fuera necesario por otro de igual o mejor categor&iacute;a.</span>&nbsp;</li>\n<li data-aria-posinset=\"2\" data-aria-level=\"1\"><span data-contrast=\"auto\">El no cumplimiento parcial o total de los servicios por motivos ajenos y de fuerza mayor (terceros, clim&aacute;ticos, etc.) nos exonera de cargo y reembolso alguno.</span>&nbsp;</li>\n<li data-aria-posinset=\"3\" data-aria-level=\"1\"><strong><span data-contrast=\"auto\">Recomendamos que los paseos en lancha o barco se programen para los primeros d&iacute;as de sus vacaciones por que dependen de condiciones clim&aacute;ticas.</span></strong>&nbsp;</li>\n<li data-aria-posinset=\"4\" data-aria-level=\"1\"><span data-contrast=\"auto\">El no presentarse en la hora y el d&iacute;a indicado despu&eacute;s de realizada la reserva genera un&nbsp;</span><strong><span data-contrast=\"auto\">no show&nbsp;</span></strong><span data-contrast=\"auto\">y se cobra un 100%.</span>&nbsp;</li>\n<li data-aria-posinset=\"5\" data-aria-level=\"1\"><span data-contrast=\"auto\">Tarifas no reembolsables.</span>&nbsp;</li>\n<li data-aria-posinset=\"6\" data-aria-level=\"1\"><span data-contrast=\"auto\">Debido a la actual situaci&oacute;n mundial por&nbsp;covid&nbsp;19 se pueden presentar&nbsp;</span><strong><span data-contrast=\"auto\">cambios de fecha y horarios</span></strong><span data-contrast=\"auto\">&nbsp;de la actividad por protocolos de bioseguridad</span>&nbsp;</li>\n<li data-aria-posinset=\"7\" data-aria-level=\"1\"><span data-contrast=\"auto\">Revisa nuestros</span><strong><span data-contrast=\"auto\">&nbsp;</span></strong><a href=\"https://onenote.officeapps.live.com/home/terminos\"><strong><span data-contrast=\"auto\">t&eacute;rminos y condiciones</span></strong></a><strong><span data-contrast=\"auto\">&nbsp;que aplican a todas las ofertas.</span></strong>&nbsp;</li>\n</ul>','video',5,NULL),(183,183,'<p>descripci&oacute;n</p>','<p>info general</p>','tiempo','<p>observaciones voucher</p>','incluye','no incluye','<p>dudas y consultas</p>','video',86,NULL),(184,184,'descripción','info general','tiempo','observaciones voucher','incluye','no incluye','dudas y consultas','video',184,NULL),(188,188,'','<p>info general</p>','tiempo','<p>observaciones voucher</p>','incluye','no incluye','<p>dudas y consultas</p>','video',87,NULL),(189,189,'descripción','info general','tiempo','observaciones voucher','incluye','no incluye','dudas y consultas','video',35,NULL),(190,190,'<p>descripci&oacute;n</p>','<p>info general</p>','tiempo','<p>observaciones voucher</p>','incluye','no incluye','<p>dudas y consultas</p>','video',89,NULL),(192,192,'<ul style=\"list-style-type: circle;\">\n<li>Nuestra actividad empieza llegando a la zona asignada por las entidades maritimas&nbsp;</li>\n<li>Podra ser el Acuario, Inca Inca o Isla Pelicano de acuerdo al dia</li>\n<li>Nos sumergimos desde un planchon mar&iacute;timo para caminar por la blanca arena&nbsp;</li>\n<li>Con todo el equipo de seguridad: escafandra y un guia acompa&ntilde;ante&nbsp;</li>\n<li>Veremos la riqueza del fondo marino de nuestro mar Caribe</li>\n<li>Camina mientras te relajas y disfrutas del espectaculo marino frente a tus ojos</li>\n<li>Puedes pasar el resto de dia en la playa de Inca Inca o regresar de nuevo al muelle</li>\n<li>Las lanchas realizan recorridos cada 40 minutos</li>\n</ul>','<ul>\n<li>Se recomienda llevar vestido de ba&ntilde;o, bloqueador solar, gorra y zapatos de neopreno.&nbsp;</li>\n<li>Verifica con un asesor las restricciones de las actividades y la disponibilidad.</li>\n</ul>','Desde 1 hora','<ul style=\"list-style-type: square;\">\n<li><em><strong>Jet Set Viajes NO tiene asesores fuera de la oficina, por lo tanto NO se hace responsable de inconvenientes, accidentes o inconformidades, por compra de actividades de snorkel u otras fuera de nuestra agencia*</strong></em></li>\n<li><strong>Las tarifas estan sujetas a cambios y modificaciones sin previo aviso&nbsp;</strong></li>\n</ul>','incluye','no incluye','<ul>\n<li>La agencia de viajes se reserva el derecho a cambiar de operador tur&iacute;stico o trasporte si fuera necesario por otro de igual o mejor categor&iacute;a.</li>\n<li>El no cumplimiento parcial o total de los servicios por motivos ajenos y de fuerza mayor (terceros, clim&aacute;ticos, etc.) nos exonera de cargo y reembolso alguno.</li>\n<li><strong>Recomendamos que los paseos en lancha o barco se programen para los primeros d&iacute;as de sus vacaciones por que dependen de condiciones clim&aacute;ticas.</strong></li>\n<li>El no presentarse en la hora y el d&iacute;a indicado despu&eacute;s de realizada la reserva genera un&nbsp;<strong>no show&nbsp;</strong>y se cobra un 100%.</li>\n<li>Tarifas no reembolsables.</li>\n<li>Debido a la actual situaci&oacute;n mundial por covid 19 se pueden presentar&nbsp;<strong>cambios de fecha y horarios&nbsp;</strong>de la actividad por protocolos de bioseguridad</li>\n<li>Revisa nuestros&nbsp;<strong><a href=\"http://jetsetviajes.com/home/terminos\">t&eacute;rminos y condiciones</a></strong>&nbsp;que aplican a todas las ofertas.</li>\n</ul>','video',10,NULL),(193,193,'descripción','info general','tiempo','observaciones voucher','incluye','no incluye','dudas y consultas','video',47,NULL),(194,194,'<ul style=\"list-style-type: circle;\">\n<li>Salimos desde las 8.00 am hacia la Guajira, para llegar al pueblo Palomino</li>\n<li>Palomino es una bella localidad situada al norte del pa&iacute;s, cuenta con una ubicaci&oacute;n ideal</li>\n<li>Nos permite rodearnos de algunos de los grandes tesoros naturales y culturales de nuestro pa&iacute;s</li>\n<li>Las aguas que llegan a las orillas del caribe suelen ser c&aacute;lidas y de oleaje calmado</li>\n<li>En algunas temporadas de vientos fuertes podemos practicar deportes como kitesur o surf</li>\n<li>Tenemos la opcion de ir primero a Tayronaka antiguo asentamiento ind&iacute;gena&nbsp;</li>\n<li>Replica casi exacta de Ciudad Perdida, en donde recorreremos el sector acompa&ntilde;ado de gu&iacute;a profesional</li>\n<li>Luego visitamos el peque&ntilde;o museo Tayrona.&nbsp;</li>\n<li>Almorzaremos un delicioso plato tipico y tendremos tarde de ba&ntilde;o en Palomino</li>\n<li>Retornaremos a las 4.00 pm a Santa Marta</li>\n</ul>\n<p>&nbsp;</p>\n<p>&nbsp;</p>','<ul>\n<li>Se recomienda llevar vestido de ba&ntilde;o, bloqueador solar, gorra, repelente y zapatos de neopreno.&nbsp;</li>\n<li>Verifica con un asesor las restricciones de las actividades y la disponibilidad.</li>\n</ul>','8 horas','<ul>\n<li><em><strong>Jet Set Viajes NO tiene asesores fuera de la oficina, por lo tanto NO se hace responsable de inconvenientes, accidentes o inconformidades, por compra de actividades de snorkel u otras fuera de nuestra agencia*</strong></em></li>\n</ul>\n<ul style=\"list-style-type: square;\">\n<li><strong>Las tarifas estan sujetas a cambios y modificaciones sin previo aviso&nbsp;</strong></li>\n</ul>','incluye','no incluye','<ul>\n<li>La agencia de viajes se reserva el derecho a cambiar de operador tur&iacute;stico o trasporte si fuera necesario por otro de igual o mejor categor&iacute;a.</li>\n<li>El no cumplimiento parcial o total de los servicios por motivos ajenos y de fuerza mayor (terceros, clim&aacute;ticos, etc.) nos exonera de cargo y reembolso alguno.</li>\n<li>El no presentarse en la hora y el d&iacute;a indicado despu&eacute;s de realizada la reserva genera un&nbsp;<strong>no show&nbsp;</strong>y se cobra un 100%.</li>\n<li>Tarifas no reembolsables.</li>\n<li>Debido a la actual situaci&oacute;n mundial por covid 19 se pueden presentar&nbsp;<strong>cambios de fecha y horarios&nbsp;</strong>de la actividad por protocolos de bioseguridad</li>\n<li>Revisa nuestros&nbsp;<strong><a href=\"http://jetsetviajes.com/home/terminos\">t&eacute;rminos y condiciones</a></strong>&nbsp;que aplican a todas las ofertas.</li>\n</ul>','video',13,NULL),(195,195,'descripción','info general','tiempo','observaciones voucher','incluye','no incluye','dudas y consultas','video',48,NULL),(196,196,'descripción','info general','tiempo','observaciones voucher','incluye','no incluye','dudas y consultas','video',49,NULL),(197,197,'descripción','info general','tiempo','observaciones voucher','incluye','no incluye','dudas y consultas','video',50,NULL),(202,202,'descripción','info general','tiempo','observaciones voucher','incluye','no incluye','dudas y consultas','video',51,NULL),(203,203,'<ul style=\"list-style-type: circle;\">\n<li>Realizamos el recorrido por la bahia de Cartagena&nbsp;</li>\n<li>Navega disfrutando de la musica a bordo&nbsp;</li>\n<li>Gozate el atardecer mientras tomas una bebida refrescante</li>\n<li>Relajate con la hermosa noche estrellada y Cartagena de noche</li>\n<li>Baila al ritmo de la musica caribe&ntilde;a</li>\n<li>Souvenir neon para la noche caribe&ntilde;a de obsequio</li>\n</ul>\n<p>De acuerdo a la modalidad seleccionada podras ver el atardecer con musica crossover o la luna y las estrellas con parrando vallenato en vivo.</p>','<ul>\n<li>Se recomienda llevar zapatos comodos no tacones</li>\n<li>Verifica con un asesor las restricciones de las actividades y la disponibilidad</li>\n</ul>','2 horas','<ul style=\"list-style-type: square;\">\n<li><em><strong>Jet Set Viajes NO tiene asesores fuera de la oficina, por lo tanto NO se hace responsable de inconvenientes, accidentes o inconformidades, por compra de actividades de snorkel u otras fuera de nuestra agencia*</strong></em></li>\n<li><strong>Las tarifas estan sujetas a cambios y modificaciones sin previo aviso&nbsp;</strong></li>\n</ul>','incluye','no incluye','<ul>\n<li>La agencia de viajes se reserva el derecho a cambiar de operador tur&iacute;stico o trasporte si fuera necesario por otro de igual o mejor categor&iacute;a.</li>\n<li>El no cumplimiento parcial o total de los servicios por motivos ajenos y de fuerza mayor (terceros, clim&aacute;ticos, etc.) nos exonera de cargo y reembolso alguno.</li>\n<li><strong>Recomendamos que los paseos en lancha o barco se programen para los primeros d&iacute;as de sus vacaciones por que dependen de condiciones clim&aacute;ticas.</strong></li>\n<li>El no presentarse en la hora y el d&iacute;a indicado despu&eacute;s de realizada la reserva genera un <strong>no show </strong>y se cobra un 100%.</li>\n<li>Tarifas no reembolsables.</li>\n<li>Debido a la actual situaci&oacute;n mundial por covid 19 se pueden presentar <strong>cambios de fecha y horarios</strong> de la actividad por protocolos de bioseguridad</li>\n<li>Revisa nuestras&nbsp;<strong><a href=\"../../home/terminos\">t&eacute;rminos y condiciones</a></strong>&nbsp;que aplican a todas las ofertas.</li>\n</ul>','video',17,NULL),(204,204,'descripción','info general','tiempo','observaciones voucher','incluye','no incluye','dudas y consultas','video',90,NULL),(205,205,'descripción','info general','tiempo','observaciones voucher','incluye','no incluye','dudas y consultas','video',91,NULL),(206,206,'<ul style=\"list-style-type: circle;\">\n<li>Salida desde el muelle de Castillo Grande en lancha hasta Punta Arena.</li>\n<li>Podr&agrave;s hacer uso de las instalaciones del lugar.&nbsp;</li>\n<li>Bebida de bienvenida.</li>\n<li>Almuero tipico caribe&ntilde;o.</li>\n<li>Camas de playa, sillas asoleadoras, bohios, hamacas.</li>\n</ul>','<ul>\n<li>Se recomienda llevar ropa comoda, vestido de ba&ntilde;o, bloqueador solar, gorra.&nbsp;</li>\n<li>Verifica con tu asesor las restricciones de las actividades y la disponibilidad.</li>\n</ul>','8 horas','<ul style=\"list-style-type: square;\">\n<li><strong><em>ARMA TU MOCHILA NO tiene asesores fuera de la oficina, por lo tanto NO se hace responsable de inconvenientes, accidentes o inconformidades, por compra de actividades fuera de nuestra agencia o pagina web*</em></strong></li>\n<li><strong><em>Las tarifas estan sujetas a cambios y modificaciones sin previo aviso.</em></strong></li>\n</ul>','incluye','no incluye','<ul>\n<li>ARMA TU MOCHILA se reserva el derecho a cambiar de operador tur&iacute;stico o trasporte si fuera necesario por otro de igual o mejor categor&iacute;a.</li>\n<li>El no cumplimiento parcial o total de los servicios por motivos ajenos y de fuerza mayor (terceros, clim&aacute;ticos, etc.) nos exonera de cargo y reembolso alguno.</li>\n<li><strong>Recomendamos que los paseos en lancha o barco se programen para los primeros d&iacute;as de sus vacaciones por que dependen de condiciones clim&aacute;ticas.</strong></li>\n<li>El no presentarse en la hora y el d&iacute;a indicado despu&eacute;s de realizada la reserva genera un&nbsp;<strong>no show&nbsp;</strong>y se cobra un 100%.</li>\n<li>Tarifas no reembolsables.</li>\n<li>Debido a la actual situaci&oacute;n mundial por covid 19 se pueden presentar <strong>cambios de fecha y horarios</strong> de la actividad por protocolos de bioseguridad</li>\n<li>Revisa nuestros <strong><a href=\"../../home/terminos\">t&eacute;rminos y condiciones</a></strong>&nbsp;que aplican a todas las ofertas.</li>\n</ul>','video',12,NULL),(209,209,'','<p>info general</p>','','<p>observaciones voucher</p>','incluye','no incluye','<p>dudas y consultas</p>','video',92,NULL),(210,210,'','','tiempo','','incluye','no incluye','<p>dudas y consultas</p>','video',93,NULL),(211,211,'<ul style=\"list-style-type: circle;\">\n<li>Este recorrido empieza en lancha deportiva desde Cartagena hasta las islas del Rosario</li>\n<li>Realizamos una vista panor&aacute;mica y llegamos hasta la hermosa San Martin de Pajarales donde ingresamos al Oceanario para disfrutar del show de delfines y tiburones adem&aacute;s de exhibici&oacute;n de especies marinas</li>\n<li>Despues nos dirigimos a los bancos de peces y corales para realizar la actividad de snorkel</li>\n<li>En un recorrido de 30 minutos estaremos en nuestro Club de Playa<strong> Jet Set Beach</strong> ubicado en el sector de Playa Tranquila</li>\n<li>Disfruta de un delicioso almuerzo y coctel de la casa</li>\n<li>Descansa frente al mar de playa blanca, en Playa Tranquila el resto de la tarde, este es un lugar exclusivo lejos del ruido y de aglomeracion de turistas y sumerjete en sus aguas azul turquesa</li>\n</ul>','<ul>\n<li>Se recomienda llevar vestido de ba&ntilde;o, bloqueador solar, gorra y zapatos de neopreno.&nbsp;</li>\n<li>Verifica con un asesor las restricciones de las actividades y la disponibilidad.</li>\n<li>Mujeres en embarazo consultar restricciones.</li>\n</ul>','8 horas','<ul style=\"list-style-type: square;\">\n<li><em><strong>Jet Set Viajes NO tiene asesores fuera de la oficina, por lo tanto NO se hace responsable de inconvenientes, accidentes o inconformidades, por compra de actividades de snorkel u otras fuera de nuestra agencia*</strong></em></li>\n<li><strong>Las tarifas estan sujetas a cambios y modificaciones sin previo aviso&nbsp;</strong></li>\n</ul>','incluye','no incluye','<ul>\n<li>La agencia de viajes se reserva el derecho a cambiar de operador tur&iacute;stico o trasporte si fuera necesario por otro de igual o mejor categor&iacute;a.</li>\n<li>El no cumplimiento parcial o total de los servicios por motivos ajenos y de fuerza mayor (terceros, clim&aacute;ticos, etc.) nos exonera de cargo y reembolso alguno.</li>\n<li><strong>Recomendamos que los paseos en lancha o barco se programen para los primeros d&iacute;as de sus vacaciones por que dependen de condiciones clim&aacute;ticas.</strong></li>\n<li>El no presentarse en la hora y el d&iacute;a indicado despu&eacute;s de realizada la reserva genera un <strong>no show </strong>y se cobra un 100%.</li>\n<li>Tarifas no reembolsables.</li>\n<li>Debido a la actual situaci&oacute;n mundial por covid 19 se pueden presentar <strong>cambios de fecha y horarios </strong>de la actividad por protocolos de bioseguridad</li>\n<li>Revisa nuestros <strong><a href=\"http://jetsetviajes.com/home/terminos\">t&eacute;rminos y condiciones</a></strong>&nbsp;que aplican a todas las ofertas.</li>\n</ul>','video',24,NULL),(212,212,'descripción','info general','tiempo','observaciones voucher','incluye','no incluye','dudas y consultas','video',52,NULL),(213,213,'descripción','info general','tiempo','observaciones voucher','incluye','no incluye','dudas y consultas','video',53,NULL),(217,217,'<ul style=\"list-style-type: circle;\">\n<li>Salimos de Cartagena en lancha a las 8:00 am realizando un recorrido de 1 hora&nbsp;</li>\n<li>Panoramico por las Islas del Rosario, archipielago de 28 islas donde podemos ingresar al Ocenario en San Martin de Pajarales</li>\n<li>Disfrutar del show de delfines y tiburones y conocer diferentes especies marinas&nbsp;</li>\n<li>Recorre el tunel marino y fotografiar caballitos de mar y langostas</li>\n<li>Tambien tienes la opcion de realizar la actividad de snorkel o buceo de superficie con nuestras caretas profesionales completamente seguras e higienicas ya que no se necesita introducir el snorkel en la boca y respiraras normalmente</li>\n<li>Alimentaremos a los peces de nuestra propia mano y los veremos nadando a nuestro alrededor</li>\n<li>Te obsequiamos las fotos tomadas mientras te sumerges en las calidas y azules aguas del mar Caribe</li>\n<li>No necesitas saber nadar</li>\n</ul>','<ul>\n<li>Se recomienda llevar vestido de ba&ntilde;o, bloqueador solar, gorra y zapatos de neopreno.&nbsp;</li>\n<li>Verifica con un asesor las restricciones de las actividades y la disponibilidad.</li>\n<li>Mujeres en embarazo consultar restricciones.</li>\n</ul>','4 horas ','<ul style=\"list-style-type: square;\">\n<li><em><strong>Jet Set Viajes NO tiene asesores fuera de la oficina, por lo tanto NO se hace responsable de inconvenientes, accidentes o inconformidades, por compra de actividades de snorkel u otras fuera de nuestra agencia*</strong></em></li>\n<li><strong>Las tarifas estan sujetas a cambios y modificaciones sin previo aviso&nbsp;</strong></li>\n</ul>\n<p>&nbsp;</p>','incluye','no incluye','<ul>\n<li>La agencia de viajes se reserva el derecho a cambiar de operador tur&iacute;stico o trasporte si fuera necesario por otro de igual o mejor categor&iacute;a.</li>\n<li>El no cumplimiento parcial o total de los servicios por motivos ajenos y de fuerza mayor (terceros, clim&aacute;ticos, etc.) nos exonera de cargo y reembolso alguno.</li>\n<li><strong>Recomendamos que los paseos en lancha o barco se programen para los primeros d&iacute;as de sus vacaciones por que dependen de condiciones clim&aacute;ticas.</strong></li>\n<li>El no presentarse en la hora y el d&iacute;a indicado despu&eacute;s de realizada la reserva genera un <strong>no show </strong>y se cobra un 100%.</li>\n<li>Tarifas no reembolsables.</li>\n<li>Debido a la actual situaci&oacute;n mundial por covid 19 se pueden presentar <strong>cambios de fecha y horarios </strong>de la actividad por protocolos de bioseguridad</li>\n<li>Revisa nuestros <strong><a href=\"http://jetsetviajes.com/home/terminos\">t&eacute;rminos y condiciones</a></strong>&nbsp;que aplican a todas las ofertas.</li>\n</ul>','video',23,NULL),(218,218,'descripción','info general','tiempo','observaciones voucher','incluye','no incluye','dudas y consultas','video',94,NULL),(219,219,'<ul>\n<li>Nuestra actividad empieza buscandote en los hoteles de las principales zonas turisticas</li>\n<li>Al llegar al muelle nos trasportamos en lancha hasta las islas del Rosario</li>\n<li>Realizamos un recorrido panor&aacute;mico por las Islas del Archipielago</li>\n<li>Nos recibiran con frutas de temporada de bienvenida</li>\n<li>Podras deleitarte con un delicioso almuerzo tipico y postre</li>\n<li>Contamos con piscina para ti y los mas peque&ntilde;os</li>\n<li>Comodas instalaciones con sillas asoleadoras, bar y restaurante</li>\n</ul>','<ul>\n<li>Se recomienda llevar vestido de ba&ntilde;o, bloqueador solar, gorra y zapatos de neopreno.&nbsp;</li>\n<li>Verifica con un asesor las restricciones de las actividades y la disponibilidad.</li>\n<li>Mujeres en embarazo consultar restricciones.</li>\n</ul>','8 horas','<ul>\n<li><em><strong>Jet Set Viajes NO tiene asesores fuera de la oficina, por lo tanto NO se hace responsable de inconvenientes, accidentes o inconformidades, por compra de actividades de snorkel u otras fuera de nuestra agencia*</strong></em></li>\n<li><strong>Las tarifas estan sujetas a cambios y modificaciones sin previo aviso&nbsp;</strong></li>\n</ul>','incluye','no incluye','<ul>\n<li>La agencia de viajes se reserva el derecho a cambiar de operador tur&iacute;stico o trasporte si fuera necesario por otro de igual o mejor categor&iacute;a.</li>\n<li>El no cumplimiento parcial o total de los servicios por motivos ajenos y de fuerza mayor (terceros, clim&aacute;ticos, etc.) nos exonera de cargo y reembolso alguno.</li>\n<li><strong>Recomendamos que los paseos en lancha o barco se programen para los primeros d&iacute;as de sus vacaciones por que dependen de condiciones clim&aacute;ticas.</strong></li>\n<li>El no presentarse en la hora y el d&iacute;a indicado despu&eacute;s de realizada la reserva genera un&nbsp;<strong>no show&nbsp;</strong>y se cobra un 100%.</li>\n<li>Tarifas no reembolsables.</li>\n<li>Debido a la actual situaci&oacute;n mundial por covid 19 se pueden presentar&nbsp;<strong>cambios de fecha y horarios</strong>&nbsp;de la actividad por protocolos de bioseguridad</li>\n<li>Revisa nuestros&nbsp;<strong><a href=\"http://jetsetviajes.com/home/terminos\">t&eacute;rminos y condiciones</a></strong>&nbsp;que aplican a todas las ofertas.</li>\n</ul>','video',27,NULL),(220,220,'<ul style=\"list-style-type: circle;\">\n<li>Nuestro recorrido empieza en lancha deportiva desde Cartagena hasta las islas del Rosario.</li>\n<li>Realizamos un recorrido panor&aacute;mico y llegamos hasta la hermosa Isla privada \"Isla del Pirata\".</li>\n<li>Disfrutaremos de un delicioso coctel de bienvenida y snack o refrigerio y ba&ntilde;o de mar por 1 hora aprox.</li>\n<li>Realizamos snorkel con equipos profesionales e higi&eacute;nicos, o en San Martin de Pajarales ingresamos al Oceanario para ver el show de delfines y tiburones adem&aacute;s de exhibici&oacute;n de especies marinas.</li>\n<li>Luego llegaremos a nuestro club de playa <strong>Jet Set Beach</strong> ubicado en el sector de Playa Tranquila.</li>\n<li>Incluye un delicioso almuerzo y coctel de camarones o porcion de frutas.</li>\n<li>Descansa frente al mar de playa blanca, en Playa Tranquila el resto de la tarde, este es un lugar exclusivo lejos del ruido y de aglomeracion de turistas y sumerjete en sus aguas azul turquesa.&nbsp;</li>\n</ul>\n<p>De acuerdo a la modalidad seleccionada nadaras en plancton o regresaras a las 3 de la tarde.</p>','<ul>\n<li>Se recomienda llevar vestido de ba&ntilde;o, bloqueador solar, gorra y zapatos de neopreno.&nbsp;</li>\n<li>Verifica con un asesor las restricciones de las actividades y la disponibilidad.</li>\n<li>Mujeres en embarazo consultar restricciones.</li>\n</ul>','8 horas','<ul style=\"list-style-type: square;\">\n<li><em><strong>Jet Set Viajes NO tiene asesores fuera de la oficina, por lo tanto NO se hace responsable de inconvenientes, accidentes o inconformidades, por compra de actividades de snorkel u otras fuera de nuestra agencia*</strong></em></li>\n<li><strong>Las tarifas estan sujetas a cambios y modificaciones sin previo aviso&nbsp;</strong></li>\n</ul>','<p>Info incluye</p>','<p>info no incluye</p>','<ul>\n<li>La agencia de viajes se reserva el derecho a cambiar de operador tur&iacute;stico o trasporte si fuera necesario por otro de igual o mejor categor&iacute;a.</li>\n<li>El no cumplimiento parcial o total de los servicios por motivos ajenos y de fuerza mayor (terceros, clim&aacute;ticos, etc.) nos exonera de cargo y reembolso alguno.</li>\n<li><strong>Recomendamos que los paseos en lancha o barco se programen para los primeros d&iacute;as de sus vacaciones por que dependen de condiciones clim&aacute;ticas.</strong></li>\n<li>El no presentarse en la hora y el d&iacute;a indicado despu&eacute;s de realizada la reserva genera un <strong>no show </strong>y se cobra un 100%.</li>\n<li>Tarifas no reembolsables.</li>\n<li>Debido a la actual situaci&oacute;n mundial por covid 19 se pueden presentar <strong>cambios de fecha y horarios </strong>de la actividad por protocolos de bioseguridad</li>\n<li>Revisa nuestros <strong><a href=\"http://jetsetviajes.com/home/terminos\">t&eacute;rminos y condiciones</a></strong>&nbsp;que aplican a todas las ofertas.</li>\n</ul>','video',36,NULL),(221,221,'descripción','info general','tiempo','observaciones voucher','incluye','no incluye','dudas y consultas','video',95,NULL),(224,224,'descripción','info general','tiempo','observaciones voucher','incluye','no incluye','dudas y consultas','video',96,NULL),(225,225,'descripción','info general','tiempo','observaciones voucher','incluye','no incluye','dudas y consultas','video',97,NULL),(226,226,'descripción','info general','tiempo','observaciones voucher','incluye','no incluye','dudas y consultas','video',98,NULL),(227,227,'descripción','info general','tiempo','observaciones voucher','incluye','no incluye','dudas y consultas','video',99,NULL),(228,228,'descripción','info general','tiempo','observaciones voucher','incluye','no incluye','dudas y consultas','video',54,NULL),(232,233,'<ul>\n<li>Realiza 2 maravillosas actividades cuando vallas a Islas del Rosario</li>\n<li>En la primera conoceras el mas hermoso Oceanario de Colombia, vive la experiencia de ver show de delfines y tiburones</li>\n<li>Puedes recorrer el tunel marino y ver las peceras de caballitos de mar y langostas.</li>\n<li>Tambien tendras la opcion de tomarte una foto con el delfin o nadar durante unos minutos con estos inteligentes animales</li>\n<li>Incluimos tambien la oportunidad de que nades rodeado de peces multicolores y tu mismo los veas alimentarse</li>\n<li>Esto posible al realizar snorkel o buceo de superficie con mascaras profesionales practicas e higienicas</li>\n<li>No es necesario saber nadar ni tener ninguna experiencia previa para el snorkel o buceo de superficie</li>\n<li>Puedes hacer las 2 actividades cuando tienes el tour con Jet Set Viajes a <strong>Islas del Rosario Playa Tranquila</strong></li>\n</ul>','<ul>\n<li>Se recomienda llevar vestido de ba&ntilde;o, bloqueador solar, gorra y zapatos de neopreno.&nbsp;</li>\n<li>Verifica con un asesor las restricciones de las actividades y la disponibilidad.</li>\n</ul>','3 horas','<ul style=\"list-style-type: square;\">\n<li><em><strong>Jet Set Viajes NO tiene asesores fuera de la oficina, por lo tanto NO se hace responsable de inconvenientes, accidentes o inconformidades, por compra de actividades de snorkel u otras fuera de nuestra agencia*</strong></em></li>\n<li><strong>Las tarifas estan sujetas a cambios y modificaciones sin previo aviso&nbsp;</strong></li>\n</ul>',NULL,NULL,'<ul>\n<li>La agencia de viajes se reserva el derecho a cambiar de operador tur&iacute;stico o trasporte si fuera necesario por otro de igual o mejor categor&iacute;a.</li>\n<li>El no cumplimiento parcial o total de los servicios por motivos ajenos y de fuerza mayor (terceros, clim&aacute;ticos, etc.) nos exonera de cargo y reembolso alguno.</li>\n<li><strong>Recomendamos que los paseos en lancha o barco se programen para los primeros d&iacute;as de sus vacaciones por que dependen de condiciones clim&aacute;ticas.</strong></li>\n<li>El no presentarse en la hora y el d&iacute;a indicado despu&eacute;s de realizada la reserva genera un&nbsp;<strong>no show&nbsp;</strong>y se cobra un 100%.</li>\n<li>Tarifas no reembolsables.</li>\n<li>Debido a la actual situaci&oacute;n mundial por covid 19 se pueden presentar <strong>cambios de fecha y horarios</strong> de la actividad por protocolos de bioseguridad</li>\n<li>Revisa nuestros<strong>&nbsp;<a href=\"../../home/terminos\">t&eacute;rminos y condiciones</a></strong>&nbsp;que aplican a todas las ofertas.</li>\n</ul>',NULL,14,NULL),(233,265,NULL,NULL,NULL,NULL,NULL,NULL,NULL,NULL,55,NULL),(234,267,'<ul style=\"list-style-type: circle;\">\n<li>\n<blockquote>Le damos inicio a Nuestro recorrido pasando por los hoteles de Bocagrande, Castillo Grande y el Laguito.</blockquote>\n</li>\n<li>\n<blockquote>Haremos recorrido por los barrios residenciales y turisticos de la ciudad, pasando por el muelle de la bodeguita.</blockquote>\n</li>\n<li>\n<blockquote>Pasando luego por la torre del reloj, y las botas viejas, haciendo nuestra parada alli para tomarnos una fotografia y disfrutar de bailes tipicos.</blockquote>\n</li>\n<li>\n<blockquote>Luego bordearemos el castillo de san felipe de barajas, para pasar por el monumento de la india catalina.</blockquote>\n</li>\n<li>\n<blockquote>Pasaremos por las letras de Cartagena donde tendremos una segunda parada para tomarnos una fotografia.</blockquote>\n</li>\n<li>\n<blockquote>Todo el recorrido va animado con musica y recreador a bordo.</blockquote>\n</li>\n<li>\n<blockquote>Nuestro recorrido terminar&aacute; en una discoteca de Getsemani donde se pueden quedar y disfrutar el resto de la noche.</blockquote>\n</li>\n<li>\n<blockquote>De acuerdo a la modalidad recibiras una bebida de cortesia.</blockquote>\n</li>\n</ul>','<ul style=\"list-style-type: circle;\">\n<li>\n<blockquote>Los pasajeros que deseen quedarse en la discoteca su regreso es por sus propios medios.&nbsp;</blockquote>\n</li>\n<li>\n<blockquote>Verifica con tu asesor las restricciones de las actividades y la disponibilidad.</blockquote>\n</li>\n<li>\n<blockquote><strong>En la discoteca no esta permitido el ingreso de menores de edad.</strong></blockquote>\n</li>\n</ul>','3 horas','<ul style=\"list-style-type: square;\">\n<li class=\"public-DraftStyleDefault-unorderedListItem public-DraftStyleDefault-reset public-DraftStyleDefault-depth0 public-DraftStyleDefault-listLTR\" data-block=\"true\" data-editor=\"6meb5\" data-offset-key=\"e56ek2d3-0-0\">\n<blockquote>\n<div class=\"public-DraftStyleDefault-block public-DraftStyleDefault-ltr\" data-offset-key=\"e56ek2d3-0-0\"><em><strong>ARMA TU MOCHILA NO tiene asesores fuera de la oficina, por lo tanto NO se hace responsable de inconvenientes, accidentes o inconformidades, por compra de actividades fuera de nuestra agencia o pagina web*</strong></em></div>\n</blockquote>\n</li>\n<li>\n<blockquote><em><strong>Las tarifas estan sujetas a cambios y modificaciones sin previo aviso&nbsp;</strong></em></blockquote>\n</li>\n</ul>',NULL,NULL,'<ul style=\"list-style-type: circle;\">\n<li class=\"public-DraftStyleDefault-unorderedListItem public-DraftStyleDefault-reset public-DraftStyleDefault-depth0 public-DraftStyleDefault-listLTR\" data-block=\"true\" data-editor=\"38hkh\" data-offset-key=\"bptqma2e-0-0\">\n<div class=\"public-DraftStyleDefault-block public-DraftStyleDefault-ltr\" data-offset-key=\"bptqma2e-0-0\"><span data-offset-key=\"bptqma2e-0-0\"><span data-text=\"true\"><strong>ARMA TU MOCHILA</strong> se reserva el derecho a cambiar de operador tur&iacute;stico o trasporte si fuera necesario por otro de igual o mejor categor&iacute;a.</span></span></div>\n</li>\n<li class=\"public-DraftStyleDefault-unorderedListItem public-DraftStyleDefault-depth0 public-DraftStyleDefault-listLTR\" data-block=\"true\" data-editor=\"38hkh\" data-offset-key=\"2b9ig7be-0-0\">\n<div class=\"public-DraftStyleDefault-block public-DraftStyleDefault-ltr\" data-offset-key=\"2b9ig7be-0-0\"><span data-offset-key=\"2b9ig7be-0-0\"><span data-text=\"true\">El no cumplimiento parcial o total de los servicios por motivos ajenos y de fuerza mayor (terceros, clim&aacute;ticos, etc.) nos exonera de cargo y reembolso alguno.</span></span></div>\n</li>\n<li class=\"public-DraftStyleDefault-unorderedListItem public-DraftStyleDefault-depth0 public-DraftStyleDefault-listLTR\" data-block=\"true\" data-editor=\"38hkh\" data-offset-key=\"7no8fac8-0-0\">\n<div class=\"public-DraftStyleDefault-block public-DraftStyleDefault-ltr\" data-offset-key=\"7no8fac8-0-0\"><span data-offset-key=\"7no8fac8-0-0\"><span data-text=\"true\">Recomendamos que los paseos en lancha o barco se programen para los primeros d&iacute;as de sus vacaciones por que dependen de condiciones clim&aacute;ticas.</span></span></div>\n</li>\n<li class=\"public-DraftStyleDefault-unorderedListItem public-DraftStyleDefault-depth0 public-DraftStyleDefault-listLTR\" data-block=\"true\" data-editor=\"38hkh\" data-offset-key=\"3fq811b0-0-0\">\n<div class=\"public-DraftStyleDefault-block public-DraftStyleDefault-ltr\" data-offset-key=\"3fq811b0-0-0\"><span data-offset-key=\"3fq811b0-0-0\"><span data-text=\"true\">El no presentarse en la hora y el d&iacute;a indicado despu&eacute;s de realizada la reserva genera un </span></span><span data-offset-key=\"3fq811b0-0-1\"><span data-text=\"true\">no show </span></span><span data-offset-key=\"3fq811b0-0-2\"><span data-text=\"true\">y se cobra un 100%.</span></span></div>\n</li>\n<li class=\"public-DraftStyleDefault-unorderedListItem public-DraftStyleDefault-depth0 public-DraftStyleDefault-listLTR\" data-block=\"true\" data-editor=\"38hkh\" data-offset-key=\"a8dtbed8-0-0\">\n<div class=\"public-DraftStyleDefault-block public-DraftStyleDefault-ltr\" data-offset-key=\"a8dtbed8-0-0\"><span data-offset-key=\"a8dtbed8-0-0\"><span data-text=\"true\">Tarifas no reembolsables.</span></span></div>\n</li>\n<li class=\"public-DraftStyleDefault-unorderedListItem public-DraftStyleDefault-depth0 public-DraftStyleDefault-listLTR\" data-block=\"true\" data-editor=\"38hkh\" data-offset-key=\"dnjam98d-0-0\">\n<div class=\"public-DraftStyleDefault-block public-DraftStyleDefault-ltr\" data-offset-key=\"dnjam98d-0-0\"><span data-offset-key=\"dnjam98d-0-0\"><span data-text=\"true\">Debido a la actual situaci&oacute;n mundial por covid 19 se pueden presentar </span></span><span data-offset-key=\"dnjam98d-0-1\"><span data-text=\"true\">cambios de fecha y horarios</span></span><span data-offset-key=\"dnjam98d-0-2\"><span data-text=\"true\"> de la actividad por protocolos de bioseguridad</span></span></div>\n</li>\n<li class=\"public-DraftStyleDefault-unorderedListItem public-DraftStyleDefault-depth0 public-DraftStyleDefault-listLTR\" data-block=\"true\" data-editor=\"38hkh\" data-offset-key=\"1qk9sd3e-0-0\">\n<div class=\"public-DraftStyleDefault-block public-DraftStyleDefault-ltr\" data-offset-key=\"1qk9sd3e-0-0\"><span data-offset-key=\"1qk9sd3e-0-0\"><span data-text=\"true\">Revisa nuestros</span></span><span data-offset-key=\"1qk9sd3e-0-1\"><span data-text=\"true\"> t&eacute;rminos y condiciones</span></span><span data-offset-key=\"1qk9sd3e-0-2\"><span data-text=\"true\"> que aplican a todas las ofertas.</span></span></div>\n</li>\n</ul>',NULL,3,NULL),(236,278,'<p>TEST</p>','<p>TEST</p>','10 MIN','<p>TEST</p>',NULL,NULL,'<p>TEST</p>',NULL,22,NULL),(237,279,'<ul style=\"list-style-type: circle;\">\n<li>Traslados aeropuerto hotel aeropuerto (zona Bocagrande, Laguito, Castillo Grande, Centro y zona Norte)</li>\n<li>Tour a Playa Blanca Baru Terrestre Tradicional con almuerzo tipico</li>\n<li>City Tour panoramico por la ciudad de Cartagena de Indias</li>\n</ul>','<ul>\n<li>Se recomienda llevar vestido de ba&ntilde;o, bloqueador solar, gorra y zapatos de neopreno para <strong>Playa Tranquila</strong></li>\n<li>Se recomienda llevar ropa comoda, bloqueador solar y gorra para el <strong>City Tour</strong></li>\n<li>Los traslados se realizan en modalidad compartida o privada de acuerdo a disponibilidad y en horarios diurnos</li>\n<li>El horario del <strong>City Tour </strong>se acordara con la agencia de acuerdo a solicitud y disponibilidad</li>\n<li>Verifica con un asesor las restricciones de las actividades y la disponibilidad.</li>\n</ul>','MINIMO 2 DIAS','<ul style=\"list-style-type: square;\">\n<li><em><strong>Jet Set Viajes NO tiene asesores fuera de la oficina, por lo tanto NO se hace responsable de inconvenientes, accidentes o inconformidades, por compra de actividades de snorkel u otras fuera de nuestra agencia*</strong></em></li>\n<li><strong>Las tarifas estan sujetas a cambios y modificaciones sin previo aviso&nbsp;</strong></li>\n</ul>',NULL,NULL,'<ul>\n<li>La agencia de viajes se reserva el derecho a cambiar de operador tur&iacute;stico o trasporte si fuera necesario por otro de igual o mejor categor&iacute;a.</li>\n<li>El no cumplimiento parcial o total de los servicios por motivos ajenos y de fuerza mayor (terceros, clim&aacute;ticos, etc.) nos exonera de cargo y reembolso alguno.</li>\n<li>El no presentarse en la hora y el d&iacute;a indicado despu&eacute;s de realizada la reserva genera un <strong>no show </strong>y se cobra un 100%.</li>\n<li>Tarifas no reembolsables.</li>\n<li>Debido a la actual situaci&oacute;n mundial por covid 19 se pueden presentar <strong>cambios de fecha y horarios</strong> de la actividad por protocolos de bioseguridad</li>\n<li>Revisa nuestras&nbsp;<strong><a href=\"../../home/terminos\">t&eacute;rminos y condiciones</a></strong>&nbsp;que aplican a todas las ofertas.</li>\n</ul>',NULL,38,NULL),(238,280,'<ul style=\"list-style-type: circle;\">\n<li>Traslados aeropuerto hotel aeropuerto (zona Bocagrande, Laguito, Castillo Grande, Centro y zona Norte)</li>\n<li>Tour a Playa Blanca Baru Terrestre Tradicional con almuerzo tipico</li>\n<li>Traslado desde Cartagena (hoteles sujetos a ubicacion) hacia hoteles en Santa Marta (hoteles sujetos a ubicacion)</li>\n<li>Tour a Playa Blanca sin almuerzo</li>\n<li>Traslados hotel / aeropuerto (zona Pozos Colorados y Centro Historico)&nbsp;</li>\n</ul>','<ul>\n<li>Se recomienda llevar vestido de ba&ntilde;o, bloqueador solar, gorra y zapatos de neopreno para <strong>Playa&nbsp;</strong><strong>Blanca&nbsp;</strong></li>\n<li>Los traslados se realizan en modalidad compartida o privada de acuerdo a disponibilidad y en horarios diurnos</li>\n<li>Verifica con un asesor las restricciones de las actividades y la disponibilidad.</li>\n</ul>','MINIMO 2 DIAS','<ul style=\"list-style-type: square;\">\n<li><em><strong>Jet Set Viajes NO tiene asesores fuera de la oficina, por lo tanto NO se hace responsable de inconvenientes, accidentes o inconformidades, por compra de actividades de snorkel u otras fuera de nuestra agencia*</strong></em></li>\n<li><strong>Las tarifas estan sujetas a cambios y modificaciones sin previo aviso&nbsp;</strong></li>\n</ul>',NULL,NULL,'<ul style=\"list-style-type: square;\">\n<li>La agencia de viajes se reserva el derecho a cambiar de operador tur&iacute;stico o trasporte si fuera necesario por otro de igual o mejor categor&iacute;a.</li>\n<li>El no cumplimiento parcial o total de los servicios por motivos ajenos y de fuerza mayor (terceros, clim&aacute;ticos, etc.) nos exonera de cargo y reembolso alguno.</li>\n<li>El no presentarse en la hora y el d&iacute;a indicado despu&eacute;s de realizada la reserva genera un <strong>no show </strong>y se cobra un 100%.</li>\n<li>Tarifas no reembolsables.</li>\n<li>Debido a la actual situaci&oacute;n mundial por covid 19 se pueden presentar <strong>cambios de fecha y horarios</strong> de la actividad por protocolos de bioseguridad</li>\n<li>Revisa nuestras&nbsp;<strong><a href=\"../../home/terminos\">t&eacute;rminos y condiciones</a></strong>&nbsp;que aplican a todas las ofertas.</li>\n</ul>',NULL,56,NULL),(239,283,NULL,NULL,NULL,NULL,NULL,NULL,NULL,NULL,210,NULL),(240,287,'<ul>\n<li>Traslados aeropuerto / hotel (zona Bocagrande, Laguito, Castillo Grande, Centro y Zona Norte)</li>\n<li>Tour a Playa Blanca Baru Terrestre Tradicional con almuerzo tipico</li>\n<li>Traslado desde Cartagena (hoteles sujetos a ubicacion) hacia hoteles en Santa Marta (hoteles sujetos a ubicacion)</li>\n<li>Tour a Playa Blanca sin almuerzo</li>\n<li>Traslados hotel / aeropuerto (zona Pozos Colorados y Centro Historico)&nbsp;</li>\n</ul>','<ul>\n<li>Se recomienda llevar vestido de ba&ntilde;o, bloqueador solar, gorra y zapatos de neopreno para&nbsp;<strong>Playa&nbsp;</strong><strong>Blanca&nbsp;</strong></li>\n<li>Los traslados se realizan en modalidad compartida o privada de acuerdo a disponibilidad y en horarios diurnos</li>\n<li>Verifica con un asesor las restricciones de las actividades y la disponibilidad.</li>\n</ul>','MINIMO 2 DIAS','<ul>\n<li><em><strong>Jet Set Viajes NO tiene asesores fuera de la oficina, por lo tanto NO se hace responsable de inconvenientes, accidentes o inconformidades, por compra de actividades de snorkel u otras fuera de nuestra agencia*</strong></em></li>\n<li><strong>Las tarifas estan sujetas a cambios y modificaciones sin previo aviso&nbsp;</strong></li>\n</ul>',NULL,NULL,'<ul>\n<li>La agencia de viajes se reserva el derecho a cambiar de operador tur&iacute;stico o trasporte si fuera necesario por otro de igual o mejor categor&iacute;a.</li>\n<li>El no cumplimiento parcial o total de los servicios por motivos ajenos y de fuerza mayor (terceros, clim&aacute;ticos, etc.) nos exonera de cargo y reembolso alguno.</li>\n<li>El no presentarse en la hora y el d&iacute;a indicado despu&eacute;s de realizada la reserva genera un&nbsp;<strong>no show&nbsp;</strong>y se cobra un 100%.</li>\n<li>Tarifas no reembolsables.</li>\n<li>Debido a la actual situaci&oacute;n mundial por covid 19 se pueden presentar&nbsp;<strong>cambios de fecha y horarios</strong>&nbsp;de la actividad por protocolos de bioseguridad</li>\n<li>Revisa nuestras&nbsp;<strong><a href=\"../../home/terminos\">t&eacute;rminos y condiciones</a></strong>&nbsp;que aplican a todas las ofertas.</li>\n</ul>',NULL,37,NULL),(241,289,'<ul>\n<li>Traslados aeropuerto / hotel (zona Pozos Colorados y Centro Historico)&nbsp;</li>\n<li>Tour a Playa Blanca sin almuerzo</li>\n<li>Traslado desde Santa Marta (hoteles sujetos a ubicacion) hacia hoteles en Cartagena (hoteles sujetos a ubicacion)</li>\n<li>Tour a Playa Blanca Baru Terrestre Tradicional con almuerzo tipico</li>\n<li>Traslados hotel / aeropuerto (zona Bocagrande, Laguito, Castillo Grande, Centro y Zona Norte)</li>\n</ul>','<ul>\n<li>Se recomienda llevar vestido de ba&ntilde;o, bloqueador solar, gorra y zapatos de neopreno para&nbsp;<strong>Playa&nbsp;</strong><strong>Blanca&nbsp;</strong></li>\n<li>Los traslados se realizan en modalidad compartida o privada de acuerdo a disponibilidad y en horarios diurnos</li>\n<li>Verifica con un asesor las restricciones de las actividades y la disponibilidad.</li>\n</ul>','MINIMO 2 DIAS','<ul>\n<li><em><strong>Jet Set Viajes NO tiene asesores fuera de la oficina, por lo tanto NO se hace responsable de inconvenientes, accidentes o inconformidades, por compra de actividades de snorkel u otras fuera de nuestra agencia*</strong></em></li>\n<li><strong>Las tarifas estan sujetas a cambios y modificaciones sin previo aviso&nbsp;</strong></li>\n</ul>',NULL,NULL,'<ul>\n<li>La agencia de viajes se reserva el derecho a cambiar de operador tur&iacute;stico o trasporte si fuera necesario por otro de igual o mejor categor&iacute;a.</li>\n<li>El no cumplimiento parcial o total de los servicios por motivos ajenos y de fuerza mayor (terceros, clim&aacute;ticos, etc.) nos exonera de cargo y reembolso alguno.</li>\n<li>El no presentarse en la hora y el d&iacute;a indicado despu&eacute;s de realizada la reserva genera un&nbsp;<strong>no show&nbsp;</strong>y se cobra un 100%.</li>\n<li>Tarifas no reembolsables.</li>\n<li>Debido a la actual situaci&oacute;n mundial por covid 19 se pueden presentar&nbsp;<strong>cambios de fecha y horarios</strong>&nbsp;de la actividad por protocolos de bioseguridad</li>\n<li>Revisa nuestras&nbsp;<strong><a href=\"../../home/terminos\">t&eacute;rminos y condiciones</a></strong>&nbsp;que aplican a todas las ofertas.</li>\n</ul>',NULL,97,NULL),(242,290,'<ul style=\"list-style-type: circle;\">\n<li>Excelente recorrido turistico con audio guia en 6 idiomas.</li>\n<li>Mas de 13 paradas diferentes para subir y bajar cada 45 minutos.</li>\n<li>Este recorrido se realiza en nuestro bus de 2 pisos sin bajarse en 1 hora y media.</li>\n<li>Puedes realizar los recorridos en 2 dias contados a partir del priemer dia de uso.</li>\n<li>Las diferentes paradas podran ser abordadas varias veces.</li>\n<li>A las 4:00 pm en la torre del reloj realizaremos la caminata guia por el centro historico.</li>\n</ul>','<ul>\n<li>Se recomienda llevar ropa comoda, bloqueador solar y gorra.</li>\n<li>Verifica con tu asesor las restricciones de las actividades y la disponibilidad.</li>\n</ul>','2 dias','<ul style=\"list-style-type: square;\">\n<li data-aria-posinset=\"1\" data-aria-level=\"1\"><strong><em><span data-contrast=\"auto\">ARMA TU MOCHILA.COM&nbsp; NO tiene asesores fuera de la oficina, por lo tanto NO se hace responsable de inconvenientes, accidentes o inconformidades, por compra de actividades fuera de nuestra agencia o&nbsp;pagina&nbsp;web*</span></em></strong>&nbsp;</li>\n<li data-aria-posinset=\"2\" data-aria-level=\"1\"><strong><span data-contrast=\"auto\">Las tarifas&nbsp;estan&nbsp;sujetas a cambios y modificaciones sin previo aviso.</span></strong>&nbsp;</li>\n</ul>',NULL,NULL,'<ul style=\"font-weight: 400;\">\n<li data-aria-posinset=\"1\" data-aria-level=\"1\"><strong><span data-contrast=\"auto\">ARMA TU MOCHILA.COM</span></strong><span data-contrast=\"auto\">&nbsp;se reserva el derecho a cambiar de operador tur&iacute;stico o trasporte si fuera necesario por otro de igual o mejor categor&iacute;a.</span>&nbsp;</li>\n<li data-aria-posinset=\"2\" data-aria-level=\"1\"><span data-contrast=\"auto\">El no cumplimiento parcial o total de los servicios por motivos ajenos y de fuerza mayor (terceros, clim&aacute;ticos, etc.) nos exonera de cargo y reembolso alguno.</span>&nbsp;</li>\n<li data-aria-posinset=\"3\" data-aria-level=\"1\"><strong><span data-contrast=\"auto\">Recomendamos que los paseos en lancha o barco se programen para los primeros d&iacute;as de sus vacaciones por que dependen de condiciones clim&aacute;ticas.</span></strong>&nbsp;</li>\n<li data-aria-posinset=\"4\" data-aria-level=\"1\"><span data-contrast=\"auto\">El no presentarse en la hora y el d&iacute;a indicado despu&eacute;s de realizada la reserva genera un&nbsp;</span><strong><span data-contrast=\"auto\">no show&nbsp;</span></strong><span data-contrast=\"auto\">y se cobra un 100%.</span>&nbsp;</li>\n<li data-aria-posinset=\"5\" data-aria-level=\"1\"><span data-contrast=\"auto\">Tarifas no reembolsables.</span>&nbsp;</li>\n<li data-aria-posinset=\"6\" data-aria-level=\"1\"><span data-contrast=\"auto\">Debido a la actual situaci&oacute;n mundial por&nbsp;covid&nbsp;19 se pueden presentar&nbsp;</span><strong><span data-contrast=\"auto\">cambios de fecha y horarios</span></strong><span data-contrast=\"auto\">&nbsp;de la actividad por protocolos de bioseguridad</span>&nbsp;</li>\n<li data-aria-posinset=\"7\" data-aria-level=\"1\"><span data-contrast=\"auto\">Revisa nuestros</span><strong><span data-contrast=\"auto\">&nbsp;</span></strong><a href=\"https://onenote.officeapps.live.com/home/terminos\"><strong><span data-contrast=\"auto\">t&eacute;rminos y condiciones</span></strong></a><strong><span data-contrast=\"auto\">&nbsp;que aplican a todas las ofertas.</span></strong>&nbsp;</li>\n</ul>',NULL,6,NULL),(243,301,NULL,NULL,NULL,NULL,NULL,NULL,NULL,NULL,96,NULL),(244,302,'<ul>\n<li>Recorremos durante 45 minutos en lancha hacia Isla Grande</li>\n<li>Una de las 27 islas del Archipielago del Rosario</li>\n<li>Disfruta de playa y sol en esta hermosa isla&nbsp;</li>\n<li>Relajate frente al mar turquesa y disfruta de sus calidas aguas</li>\n<li>Deleitate con nuestros platos caribe&ntilde;os</li>\n</ul>','<ul>\n<li>Se recomienda llevar vestido de ba&ntilde;o, bloqueador solar, gorra y zapatos de neopreno.&nbsp;</li>\n<li>Verifica con un asesor las restricciones de las actividades y la disponibilidad.</li>\n<li>Mujeres en embarazo consultar restricciones.</li>\n</ul>','8 horas','<ul style=\"list-style-type: square;\">\n<li><em><strong>Jet Set Viajes NO tiene asesores fuera de la oficina, por lo tanto NO se hace responsable de inconvenientes, accidentes o inconformidades, por compra de actividades de snorkel u otras fuera de nuestra agencia*</strong></em></li>\n<li><strong>Las tarifas estan sujetas a cambios y modificaciones sin previo aviso&nbsp;</strong></li>\n</ul>',NULL,NULL,'<ul>\n<li>Se recomienda llevar vestido de ba&ntilde;o, bloqueador solar, gorra y zapatos de neopreno.&nbsp;</li>\n<li>Verifica con un asesor las restricciones de las actividades y la disponibilidad.</li>\n<li>Mujeres en embarazo consultar restricciones.</li>\n<li>La agencia de viajes se reserva el derecho a cambiar de operador tur&iacute;stico o trasporte si fuera necesario por otro de igual o mejor categor&iacute;a.</li>\n<li>El no cumplimiento parcial o total de los servicios por motivos ajenos y de fuerza mayor (terceros, clim&aacute;ticos, etc.) nos exonera de cargo y reembolso alguno.</li>\n<li><strong>Recomendamos que los paseos en lancha o barco se programen para los primeros d&iacute;as de sus vacaciones por que dependen de condiciones clim&aacute;ticas.</strong></li>\n<li>El no presentarse en la hora y el d&iacute;a indicado despu&eacute;s de realizada la reserva genera un&nbsp;<strong>no show&nbsp;</strong>y se cobra un 100%.</li>\n<li>Tarifas no reembolsables.</li>\n<li>Debido a la actual situaci&oacute;n mundial por covid 19 se pueden presentar&nbsp;<strong>cambios de fecha y horarios</strong>&nbsp;de la actividad por protocolos de bioseguridad</li>\n<li>Revisa nuestros&nbsp;<strong><a href=\"http://jetsetviajes.com/home/terminos\">t&eacute;rminos y condiciones</a></strong>&nbsp;que aplican a todas las ofertas.</li>\n</ul>',NULL,25,NULL),(245,303,'<p>Descripci&oacute;n</p>','<p>Recomendaciones</p>','1 hr','<p>Importante...</p>',NULL,NULL,'<p>Para tener en cuenta...</p>',NULL,97,NULL),(246,304,'<p>Descripci&oacute;n del tour por Cali.</p>','<p>Recomendaciones...</p>','1 hr','<p>Importante...</p>',NULL,NULL,'<p>Para tener en cuenta...</p>',NULL,98,1),(247,305,'<ul style=\"list-style-type: circle;\">\n<li>Seguro y c&oacute;modo paraca&iacute;das en el que podr&aacute;s disfrutar del paradis&iacute;aco paisaje de San Andr&eacute;s Islas</li>\n<li>El tiempo de cada vuelo es de 16 minutos Aprox.</li>\n<li>El tour demora entre 40 y 120 minutos dependiendo de la cantidad de pasajeros a bordo</li>\n<li>La altura de vuelo promedio es de entre 80 y 120 mts. m&aacute;ximo 180 mts.</li>\n<li>Siente la adrenalina de volar sobre el mar y la libertad de este vuelo</li>\n</ul>','<ul>\n<li>Se recomienda llevar vestido de ba&ntilde;o, bloqueador solar, gorra y zapatos comodos.</li>\n<li>Verifica con un asesor las restricciones de las actividades y la disponibilidad.</li>\n<li>Apto para mayores de 4 a&ntilde;os.</li>\n<li>En el paraca&iacute;das van m&iacute;nimo 2 m&aacute;ximo 3 personas.</li>\n<li>El peso m&aacute;ximo en el paraca&iacute;das es de aproximadamente 250 kilos.</li>\n</ul>','Desde 1 hora','<ul>\n<li><em><strong>Jet Set Viajes NO tiene asesores fuera de la oficina, por lo tanto NO se hace responsable de inconvenientes, accidentes o inconformidades, por compra de actividades fuera de nuestra agencia*</strong></em></li>\n<li><strong>Las tarifas estan sujetas a cambios y modificaciones sin previo aviso&nbsp;</strong></li>\n</ul>',NULL,NULL,'<ul>\n<li>La agencia de viajes se reserva el derecho a cambiar de operador tur&iacute;stico o trasporte si fuera necesario por otro de igual o mejor categor&iacute;a.</li>\n<li>El no cumplimiento parcial o total de los servicios por motivos ajenos y de fuerza mayor (terceros, clim&aacute;ticos, etc.) nos exonera de cargo y reembolso alguno.</li>\n<li><strong>Recomendamos que los paseos en lancha o barco se programen para los primeros d&iacute;as de sus vacaciones por que dependen de condiciones clim&aacute;ticas.</strong></li>\n<li>El no presentarse en la hora y el d&iacute;a indicado despu&eacute;s de realizada la reserva genera un&nbsp;<strong>no show&nbsp;</strong>y se cobra un 100%.</li>\n<li>Tarifas no reembolsables.</li>\n<li>Debido a la actual situaci&oacute;n mundial por covid 19 se pueden presentar&nbsp;<strong>cambios de fecha y horarios&nbsp;</strong>de la actividad por protocolos de bioseguridad</li>\n<li>Revisa nuestros&nbsp;<strong><a href=\"http://jetsetviajes.com/home/terminos\">t&eacute;rminos y condiciones</a></strong>&nbsp;que aplican a todas las ofertas.</li>\n</ul>',NULL,99,1),(248,306,'<p>descripcionnn</p>','<p>las recomendaciones</p>','10','<p>muy importante</p>',NULL,NULL,'<p>para tener en cuenta</p>',NULL,98,1),(249,307,'<p>En nuestra asesor&iacute;a, te estaremos brindando el acompa&ntilde;amiento durante. todo el proceso de solicitud de cita para el visado, de igual manera tendremos una entrevista presencial o virtual segun sea el caso para de esta manera recolectar la informacion necesaria para el correcto diligenciamiento de los dierentes formularios de acuerdo al tipo de visado.&nbsp;</p>','<p>Te recomendamos ser lo mas transparente posible, pues de esto depende el exito de nuestra asesoria.</p>\n<p>Recuerda que la informacion que otorgues. nuestros profesionales ser&aacute; tratda con caracter de <strong>Confidencial</strong>.</p>','1 hora','<p>Debes contactarte con ArmatuMochila.com al +57 311 3778721 para coordinar una cita con nuestro profesional.</p>',NULL,NULL,'<p>No es necesario entregar documentacion fisica a nuestros profesionales, pues toda la info debe ser virtual.</p>',NULL,99,1),(250,308,'<p>la descripcion</p>','<p>las recomendaciones</p>','10','<p>importante</p>',NULL,NULL,'<p>para tener en cuenta</p>',NULL,100,1),(251,309,'<p>descripcion para todos</p>','<p>na na</p>','10','<p>importante</p>',NULL,NULL,'<p>para tener en cuenta</p>',NULL,101,1);
/*!40000 ALTER TABLE `actividades` ENABLE KEYS */;
UNLOCK TABLES;

--
-- Table structure for table `actividades_despegar`
--

DROP TABLE IF EXISTS `actividades_despegar`;
/*!40101 SET @saved_cs_client     = @@character_set_client */;
/*!40101 SET character_set_client = utf8 */;
CREATE TABLE `actividades_despegar` (
  `id_actividad_despegar` int(11) NOT NULL AUTO_INCREMENT,
  `id_despegar` int(11) NOT NULL,
  `id_actividad` int(11) NOT NULL,
  PRIMARY KEY (`id_actividad_despegar`),
  KEY `id_actividad` (`id_actividad`),
  CONSTRAINT `actividades_despegar_ibfk_1` FOREIGN KEY (`id_actividad`) REFERENCES `actividades` (`id_actividad`) ON DELETE CASCADE ON UPDATE CASCADE
) ENGINE=InnoDB AUTO_INCREMENT=24 DEFAULT CHARSET=utf8;
/*!40101 SET character_set_client = @saved_cs_client */;

--
-- Dumping data for table `actividades_despegar`
--

LOCK TABLES `actividades_despegar` WRITE;
/*!40000 ALTER TABLE `actividades_despegar` DISABLE KEYS */;
INSERT INTO `actividades_despegar` VALUES (23,18010,74);
/*!40000 ALTER TABLE `actividades_despegar` ENABLE KEYS */;
UNLOCK TABLES;

--
-- Table structure for table `agencias`
--

DROP TABLE IF EXISTS `agencias`;
/*!40101 SET @saved_cs_client     = @@character_set_client */;
/*!40101 SET character_set_client = utf8 */;
CREATE TABLE `agencias` (
  `id_agencia` int(11) NOT NULL AUTO_INCREMENT,
  `agencia` varchar(150) DEFAULT NULL,
  `email` varchar(150) DEFAULT NULL,
  `nit` varchar(150) DEFAULT NULL,
  `representante` varchar(150) DEFAULT NULL,
  `password` varchar(150) DEFAULT NULL,
  `estado` int(11) NOT NULL,
  `telefono` varchar(45) DEFAULT NULL,
  `logo` text DEFAULT NULL,
  PRIMARY KEY (`id_agencia`)
) ENGINE=InnoDB AUTO_INCREMENT=141 DEFAULT CHARSET=utf8;
/*!40101 SET character_set_client = @saved_cs_client */;

--
-- Dumping data for table `agencias`
--

LOCK TABLES `agencias` WRITE;
/*!40000 ALTER TABLE `agencias` DISABLE KEYS */;
INSERT INTO `agencias` VALUES (1,'AGENCIA DE PRUEBA','agenciapruebas@mail.com','01234567-0','AG','$2y$10$j.iVghorgJ/o6jx71BATA.ZvJ4iPfzsnYPhFcP8k72AR/shblg2Am',1,'1111','uploads/agencias/xxxhdpi4.png'),(2,'JET SET SANTA MARTA','despegarsantamarta@jetsetviajes.com','901070507-1','FRANK YAIR CHAUX','$2y$10$gOogfYcUboO27tLArj5liuOLm0/4IAyBR6siRgOGP0y./rb99OGli',1,NULL,NULL),(3,'LOGYC TOUR SAS','asesor3@logyctour.com','900498366-2','MARCELA SUAREZ','900498366-2',1,NULL,NULL),(4,'ESCAPATE AGENCIA DE VIAJES Y TURISMO','escapateagencia@gmail.com','901461337-2','ALEJANDRA MAHECHA','$2y$10$aaQF9WV8e1aGIckKp4pzUO9KgRWP9LpOeMvS92gvvnc9zcXvf57ym',1,'3164436479','uploads/agencias/244613867_1002706126965688_227904290168329707_n.jpg'),(5,'INVERSIONES VALENCIA TELLO & CIA LTDA','administrador@ivtviajesyturismo.com','890325919-8','HERMES VALENCIA TRUJILLO','890325919-8',1,NULL,NULL),(6,'ROYAL DREAMS','yurani.bolano@royaldreamsas.com','9005096032','YURANI BOLAÑOS SOSSA','9005096032',1,NULL,NULL),(7,'PLANETOUR','aldemar767@hotmail.com','900616343-0','JONES ALDEMAR ACUÑA','$2y$10$J2TpQYOhe3qlfEWvI5gFA.gVLnDFV6guH06lepwNHEFusrv/WR7e.',1,'3203971268',NULL),(8,'DYK TOURS Y EXCURSIONES','gamimart@hotmail.com','1047456862','KATIA PATRICIA GAVIRIA MARTINEZ','1047456862',0,NULL,NULL),(9,'AGENCIA PROMOTORA DE TURISMO NUEVO CLUB VIP SAS','confirmacion.nuevoclubvip@gmail.com','901244641-7','MARIA DEL CARMEN CORTES MENDOZA','901244641-7',1,NULL,NULL),(10,'ARMA TU MOCHILA','chauxmateo8@gmail.com','1144103074','MATEO CHAUX','1144103074',1,NULL,NULL),(11,'SEVEN TRAVEL','aux7travel@gmail.com','901065174-0','LAURA VICTORIA ROZO VANEGAS','$2y$10$skJEV552o7XjUWkM.6puyuvJVWhiBHH9Ldptstmj/mIh1qzxq5GGG',1,'3173668146','uploads/agencias/WhatsApp_Image_2021-11-20_at_10_34_40_AM.jpeg'),(12,'AFIEM TRAVEL','afiemtravelsas@gmail.com','901191788-1','ELIANA OCAMPO','901191788-1',1,NULL,'uploads/agencias/WhatsApp_Image_2021-11-27_at_11_15_48_AM.jpeg'),(13,'VM MAYORISTA DE VIAJES SAS','gerencia@vmmayorista.com','20602311563','BRYAN GALDO','$2y$10$3uS.Zl/LCslgG.xtjjzYHOuiQhAa0O07hiQsYAaxCeciQsmwK/9jm',1,'+51 940 096 340','uploads/agencias/WhatsApp_Image_2021-11-29_at_10_32_12_AM.jpg'),(14,'JEFFERSON GARCIA','jg6691345@gmail.com','1067969884','JEFFERSON GARCIA','1067969884',1,NULL,NULL),(15,'TRAVEL VIP GOURMET S.A.S  ','viptourtravelgourmet@gmail.com','901329442-4','HENALDO ELY DÍAS ','901329442-4',1,NULL,NULL),(16,'ALASPRO TOUR SAS','alasprotours1@gmail.com','901287551-7','FLOR SALAMANCA','$2y$10$IYvVpyvyQzEMw9NumEl9aeAlsh94Ai4kNsCh6wOLf0IK8q0qeXS/G',1,NULL,NULL),(17,'AFRONAUTICA','operacionesafronautica@gmail.com','901153020-2','RODRIGO EZEQUIEL MIZRAHI','901153020-2',1,NULL,NULL),(18,'INVERSIONES VALENCIA TELLO Y CIA LTDA','inversionesvalenciatello@yahoo.com','890325919-8','HERMES VALENCIA','$2y$10$Fqh.lD4BfLdkwZhIL8ZB1OL7cZ/H2dJGRF.Re/eLnsxEKd5tnieR.',1,NULL,NULL),(19,'NENA BEACH','nenabeachreservas@gmail.com','901234398-9','LAURENTIU LORDACHE','901234398-9',1,NULL,NULL),(20,'GRAN TRAVEL','contabilidadgrantravel@gmail.com','901328453 - 0','JOHN FREDY HOYOS ARISTIZABAL','$2y$10$Vcm/zH3VzFhQm79uhTLLgO8np8a.4OpQjJ3Rant1oRAQCTkIeX9g6',1,'3113082345','uploads/agencias/173278817_502570067685539_2162993082819473066_n1.jpg'),(21,'SEGWAY ECOTOURS CARTAGENA SAS','admon.ecoway@gmail.com','901146823-0','EDWIN ENRIQUE ACOSTA DEVOZ','901146823-0',1,NULL,NULL),(22,'VIAJAR SIN LIMITES','reservasviajarsinlimites@hotmail.com','1144087705-1','SEBASTIAN MUÑOZ','1144087705-1',1,NULL,NULL),(23,'VIAJES DYS','viajesdys@gmail.com','1069723625','NINI YOHANNA BAQUERO','1069723625',1,NULL,'uploads/agencias/dys_logo_ok.jpeg'),(24,'PUBLITOURS REPS SAC','cotizaciones@publitoursreps.com','20549795847','ELVA BELESMORO','$2y$10$DbZA9ZhIEg.xGK5Wzqh3Iu1pxZNCi5OhAKTFBbQOkq.DgA8xA64Vy',1,'+51 989 314 682',NULL),(25,'HOTURIS LTDA','administracion@hoturisviajes.com.co','800063454-2','MANUEL FERNAN CABALLERO','$2y$10$Y2r5AINctlBoTEKS3zTn3O7HEz4w2NGftU39YW7MOOwfD8sHmzAQC',1,'318) 526-1208‬',NULL),(26,'AVENTCOLTUR','cbravo@aventcoltur.com','80218124','CESAR AUGUSTO BRAVO','80218124',1,NULL,NULL),(27,'AGORA VIAJES','agoraviajes@gmail.com ','80215901-6','LUIS ANDRES QUINTERO','$2y$10$bRUcgkw8JYO517/MS1I7A.HeQsIM.Mi.pksfFQWEikPeF1VnCF.mK',1,'3502770000','uploads/agencias/WhatsApp_Image_2021-12-02_at_11_04_09_AM.jpeg'),(28,'CONEXION TURISTICA','gerencia@gestionturisticacartagena.com','900655150-2','HELMUT IVANOV AGUIAR','900655150-2',0,NULL,NULL),(29,'TEXORO TOURS','texorotouragency@gmail.com','1047361245-8','DANNA ULACIO','$2y$10$haSdAbnPPtpFbtHkTOx8JODLniCLFvnOymIhMDY6dHEKFp7FlgaGW',1,'+57 300 3562905','uploads/agencias/TEXORO.jpeg'),(30,'D&O TOURISM','turismodyo@gmail.com','1070922420-2','DANIEL MAURICIO MEJIA','$2y$10$UtoGKfSa5D6mTzKQBTLd9u0phKRZowxO8APPzn7MZj8k6Px81Krlu',1,'3163230455','uploads/agencias/1_Logo-DYO_1.jpg'),(31,'ORIANA TOURS','orianahernandez0955@gmail.com','1093777066','ORIANA DEL PILAR FLOREZ','1093777066',1,NULL,NULL),(32,'SERMARKT','sermarkt.gerencia@gmail.com','901096088-8','SILDREY GARCIA','901096088-8',1,NULL,NULL),(33,'TU RESERVA TRIP','gerenciaadministrativa@tureservatrip.com','901246517-0','LUIS OSORIO  ','$2y$10$HSwn9mpFlsBhBJav2hvPCu4xex4OASa.pXhrpubEa/PuEjVfhVFU6',1,'3146910554','uploads/agencias/logo_actualizado-01_(1).png'),(34,'ORGANIZACION SORRENTO','reservas5@organizacionsorrento.com','9009546728','','$2y$10$27lGbuL8HwFZ7eVIt0Xyg.u7In/EedmWRsB4GcalnFiPF/KCZhvX.',1,'314 7988184','uploads/agencias/Sorrento.png'),(35,'EXPERIENCIA VIAJERA','experienciaviajerasas@gmail.com','901356371-4','SANTIAGO CARDONA','$2y$10$K1JYNQVVY0gsxPWz/cZGYON2HgUzPz0R/owwJCEVYMTMY7t650ogi',1,'3158185043','uploads/agencias/IMG-20211125-WA0091.jpg'),(36,'TRIVITOURS','trivitours@hotmail.com','9086968-6','JORGE BLANQUICET','9086968-6',1,NULL,NULL),(37,'PREMIUM CARIBBEAN TOURS','planes@premiumctours.com','90065988-9','FABIAN RIQUETT MAESTRE','90065988-9',1,NULL,NULL),(38,'TRAVEL AGENCY JY SAS ','viajaton@gmail.com','9007004746','JHON VELASQUEZ  ARIAS ','9007004746',1,NULL,NULL),(39,'ENTERPRISE CHIA SAS','enterprisetyt@gmail.com','901257749-1','Lida Buitrago','$2y$10$wWHwWuStFy8bQMvKBUXweuFMSc6Za3kLMLD6J1Y/82d8GvP4V6aIa',1,'41758204','uploads/agencias/enterprise-1.jpg'),(40,'VIAJES Y TURISMO UNITRAVEL','viajesuniversalsas@gmail.com','901025827-0','LADY VALDERRAMA','901025827-0',1,NULL,'uploads/agencias/WhatsApp_Image_2021-11-27_at_10_39_16_AM.jpeg'),(41,'KAMZAN TOURS','joseluiscamargom@gmail.com','1018407289','JOSÉ LUIS CAMARGO ','1018407289',1,NULL,NULL),(42,'LOS VIAGEIROS','diana@losviageiros.com.br','3,21911E+13','DIANA MORENO','3,21911E+13',1,NULL,NULL),(43,'G Y M TRAVEL','analista1.gmtravel@gmail.com','55176768-3','MIREYA MOLANO','$2y$10$GJTw2evVZvqBZwhGYDvSQOFAlXlw5HUWrAYFMpfxn3bXPLhAxGote',1,'57 313 2586476','uploads/agencias/GYM_TRAVEL.jpg'),(44,'DESTINOS.COM','john_silva@destinosibague.com','79892498-8','JOHN ALEXANDER SILVA CANTOR','79892498-8',0,NULL,NULL),(45,'GRUPOS.CO','corporativo@grupos.co','901278022 -4','MARÍA VELASQUEZ','901278022 -4',1,NULL,NULL),(46,'JESSICA CIPRIANI','jciprianigrillo@gmail.com','1144057736','JESSICA CIPRIANI','1144057736',1,NULL,NULL),(47,'ITN TRAVEL','ventas@turismerk.com','900558635-7','ALVARO FERNANDEZ','900558635-7',1,NULL,NULL),(48,'LINA BETANCUR FREELANCE','linabeta05@gmail.com','1023879568','LINA BETANCUR','$2y$10$Xgc8wS1ePFeajA6JaTbNBeiLAr6PAyyv/6Q8IYGgBDIjtd1hGDaZy',1,'3103397949',NULL),(49,'SIVOY TRAVEL S.A.S','sruiz@sivoytravel.com','901335768-4','SHUILEIMA RUIZ','901335768-4',1,NULL,NULL),(50,'NEW TRIP MEDELLIN','servicioalcliente@newtrip.com.co','900856350-1','JAVIER QUIJAMO','$2y$10$nw2uuaN.37qKW46GgBhe..cletZfUYTgEM9obXAQirhFirCo6NMqm',1,NULL,NULL),(51,'PASION CAQUETA VIAJES Y TURISMO','reservas@viajesyturismo.net','40767588-6','NIDIA ESPERANZA VALLEJO','40767588-6',1,NULL,NULL),(52,'VIAJATON','serviscupon2020@gmail.com','39532480-7','FANNY CASTILLO','39532480-7',1,NULL,NULL),(53,'VIAJES MARAGAR','viajesmaragar@gmail.com','1125783487-7','MARCELA ALIX GARCIA','$2y$10$OXXpjfl1MBfHtG3BTOlDJOgJyIOTcF46NuqaovI0q2alEmkR7GjgC',1,'+57 315 4256403',NULL),(54,'SAMARA TOURS','samaratravel2018@gmail.com','66759546-8','LUZMILA ZULUAGA','66759546-8',1,NULL,NULL),(55,'BOURBON TRAVEL','bourbontravel19@gmail.com','1085943143','CRISTIAN ALEJANDRO MARTINEZ','1085943143',1,NULL,NULL),(56,'I LOVE TRAVEL','direccion@ilovetravel.com.co','39457120-1','I LOVE TRAVEL','39457120-1',0,NULL,NULL),(57,'I LOVE TRAVEL','direccion@ilovetravel.com.co','39457120-1','I LOVE TRAVEL','$2y$10$3.9vKEldonj7aO77klz8/.H.dicHJChnKr04DoW0wW.IBRm2Ia3py',1,NULL,'uploads/agencias/159657240_770012886960263_1914892973992898503_n1.jpg'),(58,'ARMA TU VIAJE','juliana.armatuviaje@gmail.com','901089551-8','FERNANDO GOMEZ MONTES','901089551-8',1,NULL,'uploads/agencias/173278817_502570067685539_2162993082819473066_n.jpg'),(59,'VIAJES RESERVAS.CO','reservas.com1@outlook.com','901320525-6','PAMELA ANDREA COFLES','$2y$10$5NKsqwDexxHsCYPvOlfcaO0hs4l49XIjSghO09wxIaJ0mLFsO1WAi',1,'3113774978',NULL),(60,'VIVAMOS COLOMBIA TRAVEL','pavapaola@gmail.com','52275174','PAOLA VANESSA PAVA','52275174',1,NULL,NULL),(61,'MEPICALACASA TOURS','mepicalacasa.travel@gmail.com','1115084211-6','JEFFERSON TABORDA','1115084211-6',1,NULL,NULL),(62,'VUELOS Y VIAJES BARATOS. COM','info@vuelosyviajesbaratos.com','1022335976-2','YULI TOLOSA','$2y$10$7OIPq3KMPIDmlNY2.GByMur0LRa9gi8cO4D4U5dVb11LYtncnVUI6',1,NULL,'uploads/agencias/logo_resplandor.png'),(63,'GALAXI GROUP','vanechar68@hotmail.com','900775079-1','ALFONSO  PEREZ PERALTA ','$2y$10$fGK5hH1v06lYldDNPkbAV.Dkp5twh91Oy28jHffZ8mhcNWXer1Ex6',1,'300 3880399',NULL),(64,'CARTAGENA FOR YOU','comercial@cartagenaforyou.com','1047365356-5','NATHALY GONZALEZ MAZA','1047365356-5',1,NULL,NULL),(65,'COLOMBIAVIAJA ','colombiaviajaa@gmail.com','901043090','ANGIE MARTÍNEZ ','901043090',1,NULL,NULL),(66,'DESTINOS JOHN SILVA SAS','john_silva@destinosibague.com','901423544-9','JOHN ALEXANDER SILVA CANTOR ','$2y$10$r/66zcV5pxfGLuSTdbfjC.IHPQwsyAPZZ89Fb.Ns77l7CN2hyKX42',1,'3014989928',NULL),(67,'VIP TRAVEL CARTAGENA   ','viptravelcartagena213@gmail.com','5091110-1','MADIS MORALES FLORES','5091110-1',1,NULL,NULL),(68,'TOURS BENJAMIN VELEZ','toursbenjaminvelez@gmail.com','901115599-2','CRISTIAN VELZ','901115599-2',1,NULL,NULL),(69,'MARY CARTAGENA TRAVEL ','marycartagenatravel@gmail.com','45593999-1','MARICRUZ GARCES ','45593999-1',1,NULL,NULL),(70,'MACURA INTERNACIONAL','ventas@macurainternacional.com','900878432-1','ANA MARÍA CUADROS RAMÍREZ','900878432-1',1,NULL,NULL),(71,'FRAGMENTOS TRAVEL','fragmentostravel@gmail.com','1014219674','KATHERINE BECERRA ROJAS','1014219674',1,NULL,NULL),(72,'JORGE MARIO ESTACIO','jorgemarioestacio@gmail.com','16928426','JORGE MARIO ESTACIO','16928426',1,NULL,NULL),(73,'APPLE TRAVEL SAS','comercial1@appletravel.com.co','901149824-1','YERICA LONDOÑO AGUIRRE','901149824-1',1,NULL,'uploads/agencias/images.jpg'),(74,'DESCUBRIR AGENCIA DE VIAJES','dianakatherineforero@gmail.com','1106485605-2','DIANA KATHERINE FORERO ACOSTA','$2y$10$ES/W5.iG6VJlgmHHoXPby.JWYOaWvlX6L/uGpZI0O5A5LQs4AQSMa',1,'+57 315 4495042','uploads/agencias/WhatsApp_Image_2021-11-27_at_3_25_05_PM1.jpeg'),(75,'FRIENDS TRAVEL CTG ','dani.elagarcia@hotmail.com','1143394589-6','DANIELA GARCÍA MARTÍNEZ','1143394589-6',1,NULL,NULL),(76,'EXPERIENCIAS LINEANTOURS SAS','gerencia@experienciaslineantours.com','901308161-1','FREDY GONZÁLEZ','901308161-1',1,NULL,NULL),(77,'VICTORIA TOURS','VICTORIAVANEGASR@GMAIL.COM','40987503-1','VICTORIA VANEGAS','$2y$10$./NdF0q25s4LnsnAXAJeleToUWoc.pwSRm4V5vWlSgw.dp09alpr6',0,'3214144732','uploads/agencias/IMG-20200123-WA0084.jpg'),(78,'Rutexcool','viajesrutexcol@yahoo.com','52229867','Myriam Pachon Peña','$2y$10$80MsZ51cKAdEuEwPllN78ukOwbhck1Wx3aR7ilMf1xKHx9SQGgelC',1,'316 3005160',NULL),(79,'CARTAGENA BAY TOURS','cartagenabaytour@gmail.com','901449212-1','CARMEN CECILIA CONTRERAS','$2y$10$x04DLgH6nwrvFg.Dc3ppnenARfOG3P4MKMV2chIr4ew0TLBP.iDY2',1,'3002504385',NULL),(80,'GUAVIARE SOUL','contacto@guaviaresoul.com','1026251277-5','CLARA XIMENA ORDOÑEZ CLAVIJO','$2y$10$vjwBcRNMU4WU4IZXNbMrS.G/cQP7SY7CWbYVWtCNrPjgZ0yIlYuAK',1,'1',NULL),(81,'CUPONATIC SAS','viviana.mayorga@cuponatic.com.co','900409419-4',NULL,'$2y$10$m.nOYUnqmAr2MgmHK4/9M.SGnukcbp1OmmJcBxKTU6B/ePZVHKOma',1,'+57 310 5747992','uploads/agencias/descarga.jpg'),(82,'CIVITATIS','reservas@civitatis.com','B86899440',NULL,'$2y$10$r.zGct4OLil3zKUTjnNFZu.k7RF.5B1pMdE7i3fye44kQMTTlrG0C',1,'3232249148','uploads/agencias/descarga1.png'),(83,'CONTINENTAL VIAJES','continentalviajes1@gmail.com','1110457599','JESSICA CUELLAR','$2y$10$42Seil09R7f1Ic4gcVnV3.u/oodWMu1Fk7INrkCaiumlUp7ryfC5.',1,NULL,'uploads/agencias/IMG-20210331-WA0226.jpg'),(84,'TERRA TRAVEL','lauraarboleda@grupoterratravel.com','901217825-0','ANDRES ZAPATA','$2y$10$F60oUcEpM0aNAuQA1MuDJ.DQTIzLMgIuif8GUBl8piXqqv2EvBSpO',1,'3508530792','uploads/agencias/TERRA_TRAVEL.jpeg'),(85,'Lives Tours','agencialivestours@gmail.com','1128047533','Rony Jimenez Salinas','$2y$10$6obg7etufBILCQxzpNk4Re6bBntsAMfQFo2oSXIJ5ndRFVbUhRqy6',1,'318 3865625','uploads/agencias/lives_tours.jpeg'),(86,'INVERTOUR SAS','reservas@invertourdecolombia.com','901194763-1','JIMENA RODRIGUEZ','$2y$10$uqS4rNIBgJ9gjXFKS485nu3MmmhTuXQOyX0r1NJZh9jnonOTGKod.',1,'3142610609	',NULL),(87,'Coconut Tours','gipaca76@hotmail.com','32610337','Gilde Cardona  ','$2y$10$Z4VCkbtR8uYkFw56HQMbMe6qfnEPVMrsG6hXLG3glMwLK8DtW7E0O',1,'3016095683',NULL),(88,'Agencia de Viajes y turismo Cartachotours','cartachotours2014@gmail.com','1047424179-1','Maira Alejandra Paternina Soto','$2y$10$3oBHAQWCvtRM0Q9dracTxuKtXTahiEEy5akDoKnCjRDByNzLbI.6G',1,NULL,'uploads/agencias/WhatsApp_Image_2021-11-23_at_18_44_27_(1).jpeg'),(89,'IGB Viajes','igbviajes@gmail.com','53159702','Ivon González','$2y$10$aMSlx2rjIWbCS50LYFrDy.GiYBABHQawbYHr68POD8dlS0FU0JM02',1,'3105711297','uploads/agencias/IMG-20211123-WA0175.jpg'),(90,'FRANCY ORDUZ FREELANCE','Francyorduzagente@gmail.com','46365581','Francy orduz ','$2y$10$YWsfxThrWqNamD/BesXx3.STWQxoqcYgRmgnOoknTtZSmul4uOjHC',1,'+57 316 7598755',NULL),(91,'DNinaTours & Travels ','infoninatours@gmail.com',NULL,'Ana Johanna Nina Ramirez','$2y$10$E6zEum0MSS/AC8gKzdA/BOOsIR7.CcMS8gnUC/N9rXJHmAW/WBLd2',1,'+1 (829) 877‑5810','uploads/agencias/WhatsApp_Image_2021-11-27_at_11_01_30_AM.jpeg'),(92,'FIGUEROA TOURS','figueroatours1@gmail.com','1077431696-6','Jhonatan Figueroa','$2y$10$B.YfnMX9GVkA/tZcOQ5/m.7cUKBoVIa/n0P/wW0VKMZ6zrn9Ohlau',1,'3116017155','uploads/agencias/WhatsApp_Image_2021-12-01_at_12_59_47_PM1.jpeg'),(93,'EXPLORA COLOMBIA VIAJES Y TURISMO','exploracolombiaviajes@gmail.com','1096035126-0','Lina maria Aguilar','$2y$10$O0wVlK7FbYNpvCYY2Ae8zO6fqfwRD2u0ml9OeM1gYm3cBLVu8bYra',1,'3128663401','uploads/agencias/EXPLORA.jpeg'),(94,'Felipe Hernández Devia  ','felipehernandezdevia@gmail.com','14252248',NULL,'$2y$10$ZU47fwZLzmPTCXnKCGoaCe/CSBob/EMvRSUbLzcc.fNpBgiyfZxB2',1,'3106202632 ',NULL),(95,'TOUR HUBS SAS TURISMO I','OPERADOR+CO@TURISMOI.COM','901196556-2','DIEGO ARBULU','$2y$10$w8R2zMC50klL/aGZJDbsKuMcgqPSMkp9kFfU/qVGAS0ulF3SB6rv2',1,'+51 971 189 750','uploads/agencias/1-logo2.png'),(96,'OASIS TRAVEL','oasistravelmed1@gmail.com','900830562','DEISSY SOTO MUÑOZ','$2y$10$Q.LIjJaHVm4.UeRdTWSGROBBMg.0VnTqmQKEQSN3qxLhNY9jiojlq',1,'3105922854','uploads/agencias/descarga_(2).jpg'),(97,'BEST EXPIRIENCES','info@betraveltour.com','900514887','Elizabeth Lizana','$2y$10$sJcOc5piB70qiwAT7bsg6ObRoL0QDsgBVT/7qjEF0vPT4uMpZPHJm',1,'3104871311',NULL),(98,'EXCURSIONES VIAJES NEIVA','viajesneivaturismo05@hotmail.com  ','12122744-9','RODRIGO BAHAMON HERNANDEZ','$2y$10$6G1OxoD9JRnJ7tnCX.jhuOh5PCdv8h1IthV71cFaNHV484kIyht5u',1,'3103255597 ','uploads/agencias/descarga_(2)1.jpg'),(99,'VALMO','livalmo@hotmail.com','900591806-9','LINA MARCELA VALENCIA MONTEALEGRE','$2y$10$ZtsVwk8mz35y7IqFmbVsduXBOabTejTAt4EiahT.DxQ8XtDo6djRC',1,'3103937091	','uploads/agencias/WhatsApp_Image_2021-12-03_at_3_14_04_PM.jpeg'),(100,'POLARIS WAY','polarisway21@gmail.com','901517611-9','LUIS ARTURO AVILEZ','$2y$10$68cLyUtG02THYbn7/jhsvOhTQd63N.axhVyOKfglluU1FxxVzSCJ6',1,'3206133732','uploads/agencias/WhatsApp_Image_2021-12-11_at_11_39_27_AM.jpeg'),(101,'VIATOR','tienda@viator.es','123456',NULL,'$2y$10$T9T0HQTFxW3xZ6Qp9tGNDOoj.DZWKN4KIyaWd7EbTHDSn5Po1HpjG',1,'965 431 141','uploads/agencias/ep_cZ8VD_400x400.jpg'),(102,'MAKALIMACLUB','Makalimaclub@gmail.com','901079218-7','Alejandro Daniel Amado Petro','$2y$10$csBFcwGRfi2TN191ulJz4OdMBMHRT5pKQOdHcm0qF1ckD7Hd1HNU2',1,'3188783276','uploads/agencias/Logo_Makalima_Vertical_PNG.png'),(103,'TRAVEL CITY TOURS','cartagenafreewalkingtour@gmail.com','33340048-1','Milena Deufeluth','$2y$10$8PKwN0hnaABMchl6pWpZBu40h5ddcB3AnUFxflFBFeBTUCJ9XWdRK',1,'3008057290',NULL),(104,'CITYSIGHTSEEING CARTAGENA','cartagena@citysightseeing.com.co','900370573-1','GUILLERMO MONTOYA','$2y$10$tqchtH1B9Iq7L41xQwqQk.yl/rH95ZrCjagP8suBNhqNUGfBusLp.',1,'3052216992','uploads/agencias/WWZUjSOn_400x4001.jpg'),(105,'TRAVEL HOUSE  ','travelhouse.agencia@gmail.com','1054550809-8','Leydi daniela martinez ','$2y$10$06SKc0lFj5ysm1qd9QTE8egrQ2j4YO4O6yzvQiKOQ84fF2q5VoECa',1,'3128842051','uploads/agencias/TRAVEL_HOUSE.jpeg'),(106,'REST AGENCIA TURISTICA','restagenciaturistica@hotmail.com','1014296531-1','Sharyn Andrea Fonseca','$2y$10$Sd5CkpeStxe7YKJ6PbaA5ux1f.MU6/mr37Wfei68DTNRd0B3hBgRC',1,'3176565846','uploads/agencias/REST.jpeg'),(107,'LIMITLESS CARTAGENA','Limitlesscartagena@gmail.com','103762598302','Laura Yepes palacio','$2y$10$y/5IKlLGglrSK9G05j9VcOfNMBOkBfKHK/7iP6.6TLM8uNq.b.21O',1,'+57 317 3719213',NULL),(108,'ANDREA MARTINEZ FREELANCE','andreapatricio27@hotmail.com','52756990-0','Andrea martinez','$2y$10$/lmnwLmeJ9Kt8QN5H4o68uSna5KlZUdK36goO6JAat.8no74WGLI6',1,'+57 314 6350712',NULL),(109,'ALLAN TOURS','allan.tours.travel@gmail.com','16212983-3','ALLAN CANDELA','$2y$10$Wze1BeUS/v47DxvEnZWrDebHQ8j2jT4zntaXtbqUjV8dJaH1IYJNK',1,'3104453963',NULL),(110,'FLY AWAY VIAJES Y TURISMO','alejita023@hotmail.com','1075226207-2','MAYRA ALEJANDRA DELGADO RAMOS ','$2y$10$7YwbeeOLexCo2FQtQ8hEpOjbMcmlan9AS9d2wE13HbKOtAbTRwBsy',1,'3143626014','uploads/agencias/WhatsApp_Image_2022-01-07_at_10_46_23_AM.jpeg'),(111,'IAN COLOMBIA','anagutierrezcolombia@gmail.com','41715354-8','ANA GUTIERREZ','$2y$10$zm12Rbbnjw6Sv4oGD8ghJel7k3F99CtUjuSsgDFDQ5FRNXx3BV1cK',1,'3112919111','uploads/agencias/pp.jpg'),(112,'TRAVEL PLANNERS GROUP','info@travelplannersperu.com','20601461464','Romel Mayko Uceda Sanchez	','$2y$10$83nVJujg.YB.JyterIOT6u3GW8NuYSNdfWgyqzSyq0E.AjeKNso2i',1,'+51 989 092 431',NULL),(113,'PROMOTORA DE VIAJES Y TURISMO PROVITUR SAS','provitur2016@gmail.com','8001869881','SANDOVAL HIGUERA MERY LUZ','$2y$10$X4i5nlYruPqXrgsnXj/nAeQei.txUEO1sYPzaPb6d7WsCEjVORelq',1,'3107883612','uploads/agencias/provitour.jpeg'),(114,'BAVARO TRAVEL','ivanjimeneztla@gmail.com','1016040545-2','ivan david jimenez','$2y$10$09tsNnkVv5.DQ2hd1pfHAOHk./9aV8e5uGKFIpjV6G7uRY0ixzAy6',1,'310 3050946','uploads/agencias/BAVARO_TRAVEL.jpeg'),(115,'Fabiola Padilla Freelance','viajaesvivir@gmail.com','66853806','Fabiola Padilla ','$2y$10$Eg/p34.yOSDOiITNli2BU.fSp3FyuOVZBc3pIz95R/V9NMDP1XBFe',1,'3113790630',NULL),(116,'DESCUBRIR AGENCIA DE VIAJES    ','dianakatherineforero@gmail.com','1106485605-2','DIANA KATHERINE FORERO ACOSTA','$2y$10$CbiuwiOq9WWx2l9KBH07luncp9u817rQJdfiZtZ0AZ77VfLoI5Zy2',1,'+57 315 4495042 ',NULL),(117,'SKYWORLD TRAVEL SAS','confirmacion.skyworldtravel@gmail.com','901512228','ALVARO ALEXANDER FERREIRA ','$2y$10$aAcvgpa0.qH9.ETA3QvXU.LizB3z5.wTyuwrwJylqXy4Bl.Rck/TC',1,'3203211063','uploads/agencias/SKY.jpeg'),(118,'NATHY VIAJES','judynrb_0530@hotmail.com','1013596672-5','Judy Buitrago','$2y$10$YNS03VFQOmHdeflgP4HWcuWk2UVsHwA2sFwFzlWyymlx9q8r7Asfq',1,'+57 304 3627837','uploads/agencias/nathys_va¿iajes.jpeg'),(119,'Orbitz Global Company SAS','confirmacionesorbitz@gmail.com','901538018-0','Magaly Yuliana Aguas','$2y$10$GeUQtaVx5bvPlS79XTZwzu.ckpoN6sn3yyCW1CujWYinBPT89Kr4u',1,NULL,NULL),(120,'ADVENTURES TOURS & TRAVELS','coladventures.tt@gmail.com','1002201480-3','Milton José Ortega Martínez ','$2y$10$6nQAOQCgRe7cx9qnITXlSuZY3OmiuDlzAFStS4BuEQiBzINsRkinq',1,'3148470695 / 3113075140','uploads/agencias/ADVENTURES.jpeg'),(121,'Resort Travel Club ','Reservas6@resorttravelclub.com.co','901369979','Jenny Paola Camelo ','$2y$10$F7jHFc55f8o2fY9/Ua5ZeepMOF0nFh/I6vNwBocuHRHmTwjQLYiVC',1,'311 2634143','uploads/agencias/WhatsApp_Image_2022-02-10_at_9_03_26_AM.jpeg'),(122,'Love Travel Cartagena','Lovetravelcartagena@gmail.com','1047509606','Alex Manuel González Castro','$2y$10$tidJ1kCHtB3f2d1DY0u7Oe6PJRQCXfm18LfXENR/WUmmaW9OlNKZS',1,'+57 302 4171174',NULL),(123,'AVENTURA VIAJERA','aventuraviajeraibague@gmail.com','1110560489-1','Jessica Bibiana Osorio Chaparro','$2y$10$mt3w9jOwySdOi/k/C0RHDedOEs9THct5HtCSfX2Yr3n9kuhubvdlu',1,'3223034642','uploads/agencias/WhatsApp_Image_2022-03-01_at_4_14_51_PM_(1).jpeg'),(124,'VIAJANDO X EL MUNDO','vxelmundo@gmail.com','900714972-3','Sebastián Escobar','$2y$10$fCv1L3ejcMP5MKKxClrme.lJQRqXic3dSq8KOTGkUwTXiiLgrKY4K',1,'+57 319 5563557','uploads/agencias/VIAJANDO_POR_EL_MUNDO.jpeg'),(125,'DESTINO IN TRAVEL','ejecutivo.ventas@destinointravel.com','901556369-7','Olga Alexandra Lizcano Santos','$2y$10$.x9KT2rAJyQkyQzhJ7X.W.yiSN9cHj2OdEGH2F//eJIw2aVbNxnoa',1,'3107654449',NULL),(126,'COMPANIA TURISTICA MARKETING VIP','fsarzosa@mvevip.com','1792554144001','TATIANA ELIZABETH PERUGACHI SANCHEZ','$2y$10$P3y8hqf5axun8auafmmJNugRXalSFCGj6WKTa/YDypEEwHtuoqVvq',1,'+593984278738','uploads/agencias/marketing_vip.jpeg'),(127,'MANANTIAL DE VIAJES','gerencia@manantialdeviajes.com.co','900773867','MARTHA ELENA POSADA RIOS','$2y$10$gTbmRSs28976dNzT.rEW3uiveH7Hm5b0e7QPYSiF99C.psfo4j1ca',1,'+57 300 8375871','uploads/agencias/manantial_de_viajes.jpeg'),(128,'ISI TOURS CARIBE','isitourscaribe@gmail.com','901530909-1','Yonatan Atencio ','$2y$10$CXdYeIAHbfvZ6E07KMQtC.Qod.YHJ8cnNdViH/YFQpLWIRYDRHziC',1,'324 648 3363',NULL),(129,'Beija Travel','ventas1@beijatravel.com','9873483-2','Omar noe velasquez vergara','$2y$10$ruo2.VinUN41ywh5pNYctOmeLu2ThkPUgDpDdENFDxxnogB3xweoG',1,'3024837475',NULL),(130,'KAYROS INTERNATIONAL SAS','directora.agencia@kayrosgo.com','901025886-5','ALBERTO RACINES','$2y$10$zelQK32x2g1nA7WWGfzbGOfcz02bJiulFt9eyNYx.KFR042aIrkGe',1,'3002326020-4674509','uploads/agencias/LOGO_KAYROS.jpg'),(131,'HUELLA EXPERIENCE','reservas@huellaexperience.com','901255547-1','Ketty Paola montes Mosquera','$2y$10$7Tn9xN2Xbrhx1PqfZFGda.cK8whksg.reSLl9qDl6726He4GmvnZO',1,'3158696947 - 3004491906','uploads/agencias/HUELLA.jpeg'),(132,'VUELA Y RESERVA','comercial@vuelayreserva.com.co','901215755-4','DIANA MILENA BOHADA','$2y$10$.D.w9Hjp2MRV9619n/bT8OsPswfIB3nYFvlg9intWc5/vfLREuz1K',1,'3016962793','uploads/agencias/VUELA_Y_RESERVA.jpeg'),(133,'LEO TOURS BARRANQUILLA','reservas.leotoursbq@gmail.com','1140882859-2','Katherine Estrada llach','$2y$10$cJ53nmETvu2iHAJb4F2FE..gJl/yWMUseqjqgTOOXOROPHwrhYvhe',1,'3128672474 - 3014111894','uploads/agencias/LEO_TOURS.jpeg'),(134,'CARTAGENA TOURES Y EXCURSIONES','Cartagenatoures123@hotmail.com','1047406198','Jhoany Fajardo ','$2y$10$jLuLrhSP4UZtuwuwcz/8Qei3ETg9WMxPEWjtZ45GST12qh2xFZGr.',1,'3114103523 - 3012000680 - 3008165425','uploads/agencias/CARTAGENA_TOURES.jpeg'),(135,'Dassam tour',NULL,'900934256 - 1','Nathaly Rivera','$2y$10$gNt2lJmybdE8fRxOd0Gka.LZ16z5.ulZM6kobNojweFl3KoShk/AG',1,'310 4961984',NULL),(136,'YAIR PRUEBAS TOURS','frank@kalinagotravel.com','94373000-1','FRANK CHAUX','$2y$10$j5/A6zNRK3vnBPYMDxG1get4A.YQqml3Om9aagqAIo5FfbfaLP9lm',1,'3218340596',NULL),(137,'PARAISO TRAVEL','gustavotravel@hotmail.com','900814912-0','GUSTAVO A. FERNANDEZ VELEZ','$2y$10$Xb8kuzxQbuUy20hPTkNi7ukOEdgvrdnlv6PR15kk3JrjfmsB4jUjG',1,'3148301479',NULL),(138,'editar','alitourventas@gmail.com','900338833-5','Duvan Alvarez','$2y$10$UE7LFBRIS/0jUI8QbOb.Gu8vFUekuYuBdyR9DjjQchvjtI0aFvT/6',1,'3193188984',NULL),(139,'Alltours','alltourventas@gmail.com','1114735467-5','Duvan Alvarez','$2y$10$Oqa60XVwkhzsDPoF.TKOnuE96reYemWyknNN8jT1gNpKLfRHQxqoW',1,'3193188984',NULL),(140,'H&K COADIN - OASIS TOURS CARTAGENA','oasistourcartagena@gmail.com','901575390 - 3','HEBER MOISES ESTRADA','$2y$10$oBv8HgrOGWktJOlJVFoFfOmsJroBZQFwneIdYr1RmNQBxtKiW2ESi',1,'3244538689',NULL);
/*!40000 ALTER TABLE `agencias` ENABLE KEYS */;
UNLOCK TABLES;

--
-- Table structure for table `apikeys`
--

DROP TABLE IF EXISTS `apikeys`;
/*!40101 SET @saved_cs_client     = @@character_set_client */;
/*!40101 SET character_set_client = utf8 */;
CREATE TABLE `apikeys` (
  `id_apikey` int(11) NOT NULL AUTO_INCREMENT,
  `id_usuario` int(11) NOT NULL,
  `apikey` text NOT NULL,
  PRIMARY KEY (`id_apikey`),
  KEY `id_usuario` (`id_usuario`),
  CONSTRAINT `apikeys_ibfk_1` FOREIGN KEY (`id_usuario`) REFERENCES `usuarios` (`id_usuario`) ON DELETE CASCADE ON UPDATE CASCADE
) ENGINE=InnoDB AUTO_INCREMENT=2 DEFAULT CHARSET=utf8mb4;
/*!40101 SET character_set_client = @saved_cs_client */;

--
-- Dumping data for table `apikeys`
--

LOCK TABLES `apikeys` WRITE;
/*!40000 ALTER TABLE `apikeys` DISABLE KEYS */;
INSERT INTO `apikeys` VALUES (1,1,'6e890f5d-f99f-4cab-ac8e-607cac17d76x');
/*!40000 ALTER TABLE `apikeys` ENABLE KEYS */;
UNLOCK TABLES;

--
-- Table structure for table `asignaciones_traslados`
--

DROP TABLE IF EXISTS `asignaciones_traslados`;
/*!40101 SET @saved_cs_client     = @@character_set_client */;
/*!40101 SET character_set_client = utf8 */;
CREATE TABLE `asignaciones_traslados` (
  `id_asignacion_traslado` int(11) NOT NULL AUTO_INCREMENT,
  `id_reserva_traslado` int(11) DEFAULT NULL,
  `id_conductor` int(11) DEFAULT NULL,
  `fecha_reg` datetime DEFAULT NULL,
  `id_usuario` int(11) DEFAULT NULL,
  `observaciones` text DEFAULT NULL,
  `estado` int(11) DEFAULT 0,
  `hora_servicio` time DEFAULT NULL,
  PRIMARY KEY (`id_asignacion_traslado`),
  KEY `id_conductor_idx` (`id_conductor`),
  KEY `id_reserva_traslado_idx` (`id_reserva_traslado`),
  KEY `id_usuario_idx` (`id_usuario`),
  CONSTRAINT `id_conductor_asig` FOREIGN KEY (`id_conductor`) REFERENCES `conductores` (`id_conductor`) ON DELETE NO ACTION ON UPDATE NO ACTION,
  CONSTRAINT `id_reserva_traslado_asig` FOREIGN KEY (`id_reserva_traslado`) REFERENCES `reserva_traslados` (`id_reserva_traslado`) ON DELETE CASCADE ON UPDATE CASCADE,
  CONSTRAINT `id_usuario_asig` FOREIGN KEY (`id_usuario`) REFERENCES `usuarios` (`id_usuario`) ON DELETE NO ACTION ON UPDATE NO ACTION
) ENGINE=InnoDB AUTO_INCREMENT=28 DEFAULT CHARSET=utf8mb4;
/*!40101 SET character_set_client = @saved_cs_client */;

--
-- Dumping data for table `asignaciones_traslados`
--

LOCK TABLES `asignaciones_traslados` WRITE;
/*!40000 ALTER TABLE `asignaciones_traslados` DISABLE KEYS */;
INSERT INTO `asignaciones_traslados` VALUES (9,50,7,'2022-06-30 21:00:26',10,NULL,0,NULL),(10,90,7,'2022-06-30 21:00:26',10,NULL,0,NULL),(11,82,7,'2022-06-30 21:00:26',10,NULL,0,NULL),(12,78,15,'2022-06-30 21:00:36',10,NULL,0,NULL),(13,81,15,'2022-06-30 21:00:36',10,NULL,0,NULL),(14,102,16,'2022-07-08 02:12:34',10,NULL,0,NULL),(15,95,7,'2022-07-08 02:12:47',10,NULL,0,NULL),(16,100,7,'2022-07-08 02:12:47',10,NULL,0,NULL),(17,101,7,'2022-07-08 02:12:47',10,NULL,0,NULL),(18,103,11,'2022-07-08 21:08:10',10,NULL,0,NULL),(19,104,11,'2022-07-11 20:46:30',10,NULL,0,NULL),(20,107,7,'2022-07-14 21:44:47',10,NULL,0,NULL),(21,109,7,'2022-07-14 21:44:47',10,NULL,0,NULL),(22,66,7,'2022-07-14 21:44:47',10,NULL,0,NULL),(23,69,16,'2022-07-15 19:46:39',10,NULL,0,NULL),(24,111,16,'2022-07-15 19:46:39',10,NULL,0,NULL),(25,67,11,'2022-07-17 19:44:43',10,NULL,0,NULL),(26,108,11,'2022-07-17 19:44:43',10,NULL,0,NULL),(27,110,11,'2022-07-17 19:44:43',10,NULL,0,NULL);
/*!40000 ALTER TABLE `asignaciones_traslados` ENABLE KEYS */;
UNLOCK TABLES;

--
-- Table structure for table `beneficiarios`
--

DROP TABLE IF EXISTS `beneficiarios`;
/*!40101 SET @saved_cs_client     = @@character_set_client */;
/*!40101 SET character_set_client = utf8 */;
CREATE TABLE `beneficiarios` (
  `id_beneficiario` int(11) NOT NULL AUTO_INCREMENT,
  `nombre` varchar(150) CHARACTER SET utf8mb4 DEFAULT NULL,
  `nit` varchar(150) CHARACTER SET utf8mb4 DEFAULT NULL,
  `direccion` varchar(150) CHARACTER SET utf8mb4 DEFAULT NULL,
  `telefono` varchar(150) CHARACTER SET utf8mb4 DEFAULT NULL,
  PRIMARY KEY (`id_beneficiario`)
) ENGINE=InnoDB DEFAULT CHARSET=latin1;
/*!40101 SET character_set_client = @saved_cs_client */;

--
-- Dumping data for table `beneficiarios`
--

LOCK TABLES `beneficiarios` WRITE;
/*!40000 ALTER TABLE `beneficiarios` DISABLE KEYS */;
/*!40000 ALTER TABLE `beneficiarios` ENABLE KEYS */;
UNLOCK TABLES;

--
-- Table structure for table `bonos_redimibles`
--

DROP TABLE IF EXISTS `bonos_redimibles`;
/*!40101 SET @saved_cs_client     = @@character_set_client */;
/*!40101 SET character_set_client = utf8 */;
CREATE TABLE `bonos_redimibles` (
  `id_bono_redimible` int(11) NOT NULL AUTO_INCREMENT,
  `id_reserva` int(11) NOT NULL,
  `id_usuario` int(11) NOT NULL,
  `fecha_reg` datetime NOT NULL,
  `motivo` text NOT NULL,
  `observacion_cliente` text DEFAULT NULL,
  `codigo_bono` varchar(10) NOT NULL,
  `valor` double NOT NULL,
  `saldo` double NOT NULL,
  `fecha_vencimiento` date NOT NULL,
  `estado` int(11) NOT NULL,
  PRIMARY KEY (`id_bono_redimible`),
  KEY `id_reserva` (`id_reserva`),
  KEY `id_usuario` (`id_usuario`),
  CONSTRAINT `bonos_redimibles_ibfk_1` FOREIGN KEY (`id_reserva`) REFERENCES `reservas` (`id_reserva`) ON DELETE CASCADE ON UPDATE CASCADE,
  CONSTRAINT `bonos_redimibles_ibfk_2` FOREIGN KEY (`id_usuario`) REFERENCES `usuarios` (`id_usuario`) ON DELETE NO ACTION ON UPDATE CASCADE
) ENGINE=InnoDB DEFAULT CHARSET=utf8;
/*!40101 SET character_set_client = @saved_cs_client */;

--
-- Dumping data for table `bonos_redimibles`
--

LOCK TABLES `bonos_redimibles` WRITE;
/*!40000 ALTER TABLE `bonos_redimibles` DISABLE KEYS */;
/*!40000 ALTER TABLE `bonos_redimibles` ENABLE KEYS */;
UNLOCK TABLES;

--
-- Table structure for table `clientes`
--

DROP TABLE IF EXISTS `clientes`;
/*!40101 SET @saved_cs_client     = @@character_set_client */;
/*!40101 SET character_set_client = utf8 */;
CREATE TABLE `clientes` (
  `id_cliente` int(11) NOT NULL AUTO_INCREMENT,
  `fecha_reg` datetime DEFAULT NULL,
  `apellidos` text DEFAULT NULL,
  `nombres` text DEFAULT NULL,
  `tipo_documento` varchar(3) DEFAULT NULL,
  `num_documento` text DEFAULT NULL,
  `telefono_movil` text DEFAULT NULL,
  `telefono_fijo` text DEFAULT NULL,
  `direccion` text DEFAULT NULL,
  `cod_pais` int(11) DEFAULT NULL,
  `cod_ciudad` int(11) DEFAULT NULL,
  `fecha_nacimiento` date DEFAULT NULL,
  `email` text DEFAULT NULL,
  `password` text DEFAULT NULL,
  `estado` int(11) DEFAULT NULL,
  `suscrito` int(11) DEFAULT NULL,
  PRIMARY KEY (`id_cliente`)
) ENGINE=InnoDB AUTO_INCREMENT=53 DEFAULT CHARSET=utf8;
/*!40101 SET character_set_client = @saved_cs_client */;

--
-- Dumping data for table `clientes`
--

LOCK TABLES `clientes` WRITE;
/*!40000 ALTER TABLE `clientes` DISABLE KEYS */;
INSERT INTO `clientes` VALUES (1,NULL,'ARBOLEDA','IVENS','NIT','94550537','asdf','sdfasdfa','adsf',NULL,NULL,NULL,'adsfasdf',NULL,NULL,NULL),(2,'2022-05-14 17:48:19','picapiedra','pedro ',NULL,'94373000','3218340596',NULL,NULL,NULL,NULL,NULL,'frankyair@hotmail.com','$2y$10$2qmIHAJjC7lFtdVuu.iqPucU9gpXStziRx7YPKOg414LgIxmcsLoa',1,1),(3,'2022-05-17 10:10:02',NULL,'YAIR PRUEBAS TOURS','NIT','94373000-1','3218340596',NULL,NULL,NULL,NULL,NULL,'frank@kalinagotravel.com','$2y$10$uAwYmsV7d1jUTIDmqL997.5B7Zl8MByJONLPSUoT/RA5VaMXR7vOO',1,NULL),(4,'2022-05-17 10:42:22',NULL,'AGENCIA DE PRUEBA','NIT','01234567-0','1111',NULL,NULL,NULL,NULL,NULL,'agenciapruebas@mail.com',NULL,NULL,NULL),(5,NULL,'Oliveros','luz Ester','CC','66731407','3183058946','3183058946','mejiaperlazap@gmail.com',NULL,NULL,NULL,'mejiaperlazap@gmil.com',NULL,NULL,NULL),(6,NULL,'MEJIA','PAOLA','CC','1130625968','3187740159','3187740159','mejiaperlazap@gmail.com',NULL,NULL,NULL,'mejiaperlazap@gmail.com',NULL,NULL,NULL),(7,NULL,'PABLO','JUAN ','CC','1144086625','3165893716','3165893716','juanc.pablo1412@gmail.com',NULL,NULL,NULL,'juanc.pablo1412@gmail.com',NULL,NULL,NULL),(8,'2022-05-25 13:40:57','picapiedra','pedro ',NULL,'94373000','3218340596',NULL,NULL,NULL,NULL,NULL,'frankyair@hotmail.com','$2y$10$GV2Yek.g1Kf34IIIwluruOEth5aFy1ciCgnKC..GSILYMqgf7XA26',1,1),(9,NULL,'Sunder','Kathirvelu','PAS','Z5342800','3104196836','3104196836','Capilla del mar',NULL,NULL,NULL,'Franlyair@hotmail.com',NULL,NULL,NULL),(10,NULL,'Cuero ','Vivíana marcela','CC','1143847166','+57 317 2880429','+57 317 2880429','Cali',NULL,NULL,NULL,'Viviana9303@gmail.com',NULL,NULL,NULL),(11,'2022-05-30 17:42:02','Picapiedra','Pedro ',NULL,'94373000','3218340596',NULL,NULL,NULL,NULL,NULL,'frankyair@hotmail.com','$2y$10$Vs2v0DKmR5jRKJlXVmpG0.Y3bs14QYVP/hyEramVzIPn2SEqwYxTC',1,1),(12,NULL,'OTERO CALDO','JHOAN ESTIBEN','CC','1144202379','3174113677','3166637921','paola@armatumochila.com',NULL,NULL,NULL,'paola@armatumochila.com',NULL,NULL,NULL),(13,'2022-06-01 18:18:48',NULL,'GALAXI GROUP','NIT','900775079-1','300 3880399',NULL,NULL,NULL,NULL,NULL,'vanechar68@hotmail.com',NULL,NULL,NULL),(14,NULL,'Bolaños Rojas','Valentina ','CC','1007706893','317 4252342','317 4252342','hostalmaloka',NULL,NULL,NULL,'valentinabolanosrojas@gmail.com',NULL,NULL,NULL),(15,NULL,'vinasco','guiomar','CC','4078071177','4078071177',NULL,'n/a',NULL,NULL,NULL,'guiomar407@gmail.com',NULL,NULL,NULL),(16,'2022-06-04 14:24:15',NULL,'H&K COADIN - OASIS TOURS CARTAGENA','NIT','901575390 - 3','3244538689',NULL,NULL,NULL,NULL,NULL,'oasistourcartagena@gmail.com',NULL,NULL,NULL),(17,'2022-06-13 12:59:07',NULL,'HOTURIS LTDA','NIT','800063454-2','318) 526-1208‬',NULL,NULL,NULL,NULL,NULL,'administracion@hoturisviajes.com.co',NULL,NULL,NULL),(18,NULL,'MAYORISTA ','HOTURIS VIAJES ','NIT','800063454','3155290600','3165834444','Av. 5 Nte. #21-21',NULL,NULL,NULL,'asesorcomercial1@hoturismayorista.com.co',NULL,NULL,NULL),(19,NULL,'Lassa','Miguel','PAS','12595548','+5492314611283','+5492314403174','Oasis tour cartahena',NULL,NULL,NULL,'Agenciactg@agencia.com',NULL,NULL,NULL),(20,'2022-06-17 13:21:53',NULL,'APPLE TRAVEL SAS','NIT','901149824-1',NULL,NULL,NULL,NULL,NULL,NULL,'comercial1@appletravel.com.co',NULL,NULL,NULL),(21,NULL,'Toro uribe','Ana isabel','CC','1128448892','3136212390','3136212390','Medellín ',NULL,NULL,NULL,'Cliente@appletrabvel.com',NULL,NULL,NULL),(22,NULL,'PEDROSA','ANDREA ','CC','1070947750','3114561215 ','3006577791','EDIFICIO MARIA DEL REY',NULL,NULL,NULL,'Andreapedrerosbernal@gmail.com',NULL,NULL,NULL),(23,NULL,'PARAMO TOBAR','RICARDO ','CC','79984916','3008788240','3012532475','rparamo32@gmail.com',NULL,NULL,NULL,'rparamo32@gmail.com',NULL,NULL,NULL),(24,NULL,'sancho','Angela','PAS','1019021877','313 2814199','313 2814199','hotel dubai',NULL,NULL,'1987-06-03','a23angie@hotmail.com',NULL,NULL,NULL),(25,NULL,'MINA VELEZ','JHEASSON FERNANDO','CC','14624401','3164377299','3164377299','jheanmina03@gmail.com',NULL,NULL,NULL,'jheanmina03@gmail.com',NULL,NULL,NULL),(26,NULL,'CERON BOLAÑOZ','CRITIAN DAVID','CC','1115076659','3187037444','3187037444','cristianceron92@gmail.com',NULL,NULL,NULL,'cristianceron92@gmail.com',NULL,NULL,NULL),(27,NULL,'CARTAGENA TOURS','SOLMELVI ','CC','310 3716378','+57 310 3716378','+57 317 8537147','CARTAGENA',NULL,NULL,NULL,'CLIENTE@CARTAGENATOURS.COM',NULL,NULL,NULL),(28,NULL,'GUTIERREZ','HILDA GEOVANY','CC','31954161','3162493513','3162493513','cali',NULL,NULL,NULL,'hildamcm2010@hotmail.com',NULL,NULL,NULL),(29,NULL,'HOYOS CORDOBA ','JUAN PABLO ','CC','1107081371','3105091821','3105091821','CALI',NULL,NULL,NULL,'PAOLA@ARMATUMOCHILA.COM',NULL,NULL,NULL),(30,NULL,'CASTAÑO','MARIA OMAIRA','CC','24865356','3106192166','3106192166','carrera 73 numero 39-13 sur bogota',NULL,NULL,NULL,'omairacastanolopez0000@gmail.com',NULL,NULL,NULL),(31,NULL,'TABARES HERNANDEZ','ALEXANDER ','CC','14623770','3226438954','3226438954','calle 18 numero 48 -13 apt 401',NULL,NULL,'1983-09-27','asesorcomercial1@hoturismayorista.com.co',NULL,NULL,NULL),(32,NULL,'MAFLA ','MICHEL MAURICIO','CC','94515841','3015361408','3015361408','CARRERA 1C NUMERO 78 55',NULL,NULL,NULL,'michel.mafla@gmail.com',NULL,NULL,NULL),(33,NULL,'ORDOÑEZ  CRUZ','EULISES','CC','16277209','3183661124','3122958135','carrera 30 numero 20 33 ',NULL,NULL,NULL,'euloc7@hotmail.com',NULL,NULL,NULL),(34,NULL,'Delgado Ortega','Byron ','CC','71.799.713','3136618693','3017717973','cali',NULL,NULL,NULL,'mateo@gmail.com',NULL,NULL,NULL),(35,NULL,'arango paz','zully','CC','31945649','3154182182','3188014486','n/a',NULL,NULL,NULL,'n/a',NULL,NULL,NULL),(36,NULL,'ospina ante','alfredo','CC','16711483','3154182182',NULL,'n/a',NULL,NULL,NULL,'n/a',NULL,NULL,NULL),(37,NULL,'arango paz','zully','CC','31945692','3154182182','na','na',NULL,NULL,NULL,'na',NULL,NULL,NULL),(38,NULL,'paz','xenia','CC','31870796','3172374380',NULL,'na',NULL,NULL,NULL,'na',NULL,NULL,NULL),(39,NULL,'paz','regina','CC','41434127','3154182182','3188014486','na',NULL,NULL,NULL,'na',NULL,NULL,NULL),(40,NULL,'ARANZALES OCHOA','SANDRA PATRICIA','CC','53108492','3012637493','3214781074','bogota',NULL,NULL,NULL,'huertasr.jeisson@gmail.com',NULL,NULL,NULL),(41,NULL,'HUERTAS RAMIREZ','JEISSON FERNANDO ','CC','1030564586','3012637493','3214781074','bogota',NULL,NULL,NULL,'huertasr.jeisson@gmail.com',NULL,NULL,NULL),(42,NULL,'QUINAYAS VIVAS ','JUAN MANUEL','CC','1007671649','3116971822','3116971822','calle 2b numero 78a -12',NULL,NULL,NULL,'juanmanuelvivas5@gmail.com',NULL,NULL,NULL),(43,NULL,'MELENDEZ TORREZ','VICTORIA EUGENIA','CC','38600777','3184020133','3184020133','bogota',NULL,NULL,NULL,'vemt15@hotmail.com',NULL,NULL,NULL),(44,NULL,'TORRES CASTRO','JEIKLY ANDERSON','CC','1143445391','300 3633419','300 3633419','BARRANQUILLA ',NULL,NULL,NULL,'jeikly.torres@gmail.com',NULL,NULL,NULL),(45,NULL,'GUTIERREZ','DANIEL','CC','94273226','3103596104','3137501108','bogota',NULL,NULL,NULL,'lauradanielag0622@gmail.com',NULL,NULL,NULL),(46,NULL,'usa','giomar','PAS','31923818','+1 (407) 807-1177',NULL,'miami florida',NULL,NULL,NULL,'guiomar407@gmail.com',NULL,NULL,NULL),(47,NULL,'CHAUX','MATEO ','CC','1144103074','3136618693',NULL,'CLO',NULL,NULL,NULL,'MATEO8@GMAIL.COM',NULL,NULL,NULL),(48,NULL,'Pereira','Andres','CC','3104268720','3104268720','3104268720','Pereira',NULL,NULL,NULL,'frank@jetsetviajes.com',NULL,NULL,NULL),(49,NULL,'PEREIRA','ANDRES','CC','3105052415','3105052415','3105052415','PEREIRA',NULL,NULL,NULL,'frank@jetsetviajes.com',NULL,NULL,NULL),(50,NULL,'ROJAS','JUAN CAMILO','CC','1130605616','3128338307','3128338307','CARTAGENA',NULL,NULL,NULL,'MATEO@ARMATUMOCHILA.COM',NULL,NULL,NULL),(51,NULL,'SANTIBAÑEZ','ANDREA','CC','141935399','+56969010499','+56997325356','CARTAGENA',NULL,NULL,NULL,'MATEO@ARTAMATUMOCHILA.COM',NULL,NULL,NULL),(52,NULL,'GARCES','EVELYN','CC','1152188816','3012994345','3012994345','bogota ',NULL,NULL,NULL,'evelyngarces@hotmail.com',NULL,NULL,NULL);
/*!40000 ALTER TABLE `clientes` ENABLE KEYS */;
UNLOCK TABLES;

--
-- Table structure for table `cod_vouchers`
--

DROP TABLE IF EXISTS `cod_vouchers`;
/*!40101 SET @saved_cs_client     = @@character_set_client */;
/*!40101 SET character_set_client = utf8 */;
CREATE TABLE `cod_vouchers` (
  `id_cod_voucher` int(11) NOT NULL AUTO_INCREMENT,
  `cod_voucher` varchar(45) DEFAULT NULL,
  PRIMARY KEY (`id_cod_voucher`)
) ENGINE=InnoDB AUTO_INCREMENT=120 DEFAULT CHARSET=utf8mb4;
/*!40101 SET character_set_client = @saved_cs_client */;

--
-- Dumping data for table `cod_vouchers`
--

LOCK TABLES `cod_vouchers` WRITE;
/*!40000 ALTER TABLE `cod_vouchers` DISABLE KEYS */;
INSERT INTO `cod_vouchers` VALUES (1,'W1000'),(2,'W1001'),(3,'W1002'),(4,'W1003'),(5,'W1004'),(6,'W1005'),(7,'W1006'),(8,'W1007'),(9,'W1008'),(10,'W1009'),(11,'W1010'),(12,'W1011'),(13,'W1012'),(14,'W1013'),(15,'W1014'),(16,'W1015'),(17,'W1016'),(18,'W1017'),(19,'W1018'),(20,'W1019'),(21,'W1020'),(22,'W1021'),(23,'W1022'),(24,'W1023'),(25,'W1024'),(26,'W1025'),(27,'W1026'),(28,'W1027'),(29,'W1028'),(30,'W1029'),(31,'W1030'),(32,'W1031'),(33,'W1032'),(34,'W1033'),(35,'W1034'),(36,'W1035'),(37,'W1036'),(38,'W1037'),(39,'W1038'),(40,'W1039'),(41,'W1040'),(42,'W1041'),(43,'W1042'),(44,'W1043'),(45,'W1044'),(46,'W1045'),(47,'W1046'),(48,'W1047'),(49,'W1048'),(50,'W1049'),(51,'W1050'),(52,'W1051'),(53,'W1052'),(54,'W1053'),(55,'W1054'),(56,'W1055'),(57,'W1056'),(58,'W1057'),(59,'W1058'),(60,'W1059'),(61,'W1060'),(62,'W1061'),(63,'W1062'),(64,'W1063'),(65,'W1064'),(66,'W1065'),(67,'W1066'),(68,'W1067'),(69,'W1068'),(70,'W1069'),(71,'W1070'),(72,'W1071'),(73,'W1072'),(74,'W1073'),(75,'W1074'),(76,'W1075'),(77,'W1076'),(78,'W1077'),(79,'W1078'),(80,'W1079'),(81,'W1080'),(82,'W1081'),(83,'W1082'),(84,'W1083'),(85,'W1084'),(86,'W1085'),(87,'W1086'),(88,'W1087'),(89,'W1088'),(90,'W1089'),(91,'W1090'),(92,'W1091'),(93,'W1092'),(94,'W1093'),(95,'W1094'),(96,'W1095'),(97,'W1096'),(98,'W1097'),(99,'W1098'),(100,'W1099'),(101,'W1100'),(102,'W1101'),(103,'W1102'),(104,'W1103'),(105,'W1104'),(106,'W1105'),(107,'W1106'),(108,'W1107'),(109,'W1108'),(110,'W1109'),(111,'W1110'),(112,'W1111'),(113,'W1112'),(114,'W1113'),(115,'W1114'),(116,'W1115'),(117,'W1116'),(118,'W1117'),(119,'W1118');
/*!40000 ALTER TABLE `cod_vouchers` ENABLE KEYS */;
UNLOCK TABLES;

--
-- Table structure for table `conductores`
--

DROP TABLE IF EXISTS `conductores`;
/*!40101 SET @saved_cs_client     = @@character_set_client */;
/*!40101 SET character_set_client = utf8 */;
CREATE TABLE `conductores` (
  `id_conductor` int(11) NOT NULL AUTO_INCREMENT,
  `identificacion` varchar(15) NOT NULL,
  `tipo_afiliado` varchar(10) NOT NULL,
  `nombres` varchar(100) NOT NULL,
  `apellidos` varchar(100) NOT NULL,
  `celular` varchar(15) NOT NULL,
  `celular_esposa` varchar(15) NOT NULL DEFAULT '0',
  `celular_familiar` varchar(15) NOT NULL DEFAULT '0',
  `telefono` varchar(12) DEFAULT NULL,
  `email` text DEFAULT NULL,
  `licencia` date NOT NULL,
  `estado` int(11) DEFAULT 1,
  `url_imagen` text DEFAULT NULL,
  `frame_calendario` text DEFAULT NULL,
  `id_calendario` text DEFAULT NULL,
  `password` varchar(150) NOT NULL,
  `color` varchar(100) NOT NULL DEFAULT '#FFFFFF' COMMENT 'campo que recibe el color del conductor.',
  `delete` int(11) DEFAULT 0,
  PRIMARY KEY (`id_conductor`)
) ENGINE=InnoDB AUTO_INCREMENT=45 DEFAULT CHARSET=utf8;
/*!40101 SET character_set_client = @saved_cs_client */;

--
-- Dumping data for table `conductores`
--

LOCK TABLES `conductores` WRITE;
/*!40000 ALTER TABLE `conductores` DISABLE KEYS */;
INSERT INTO `conductores` VALUES (3,'','EXTERNO','','','','','','','','0000-00-00',0,'','<p>&lt;iframe src=\"https://calendar.google.com/calendar/embed?src=asdjpbhs5dmc3747op4jn53ts4%40group.calendar.google.com&amp;ctz=America%2FBogota\" style=\"border: 0\" width=\"800\" height=\"600\" frameborder=\"0\" scrolling=\"no\"&gt;&lt;/iframe&gt;</p>','asdjpbhs5dmc3747op4jn53ts4@group.calendar.google.com','gGD.hU&Zg:7.p]$>(sx^E_Czps5Qd{kZ<mWLCQH_%}d','#edc80c',1),(4,'','INTERNO','','','','','','3007617002','','0000-00-00',0,'','','','DEM6TuhT4uMAA','#ffffff',1),(6,'','INTERNO','','','','','','3226427943','','0000-00-00',0,'','<p>&lt;iframe src=\"https://calendar.google.com/calendar/embed?src=efu0mme6r7i33084h70p9758s0%40group.calendar.google.com&amp;ctz=America%2FBogota\" style=\"border: 0\" width=\"800\" height=\"600\" frameborder=\"0\" scrolling=\"no\"&gt;&lt;/iframe&gt;</p>','efu0mme6r7i33084h70p9758s0@group.calendar.google.com','gGD.hU&Zg:7.p]$>(sx^E_Czps5Qd{kZ<mWLCQH_%}d','#FFFFFF',1),(7,'79476083','INTERNO','DELMIRO ','PACHECO','304 3333177','','','3157598800','','2021-08-14',1,'includes/conductores/perfil_mario_camargo.jpg','<p>&lt;iframe src=\"https://calendar.google.com/calendar/embed?src=6a7er91gojmnfnbt19974i5lk8%40group.calendar.google.com&amp;ctz=America%2FBogota\" style=\"border: 0\" width=\"800\" height=\"600\" frameborder=\"0\" scrolling=\"no\"&gt;&lt;/iframe&gt;</p>','6a7er91gojmnfnbt19974i5lk8@group.calendar.google.com','$2y$10$AlEbgTDU4erd00wQHpeAkOA54DFpbqCMt9EtAq3IoX7YvyKCDXjKC','#ff00ff',0),(8,'1043964778','INTERNO','NELSON','PACHECO','3108670775','0','0','','nelsonpacheco@netorgft1477923.onmicrosoft.com','2021-11-06',1,'includes/conductores/PASE_CONDUCCION_NELSON_1.jpeg','<p>&lt;iframe src=\"https://calendar.google.com/calendar/embed?src=bg74jlkd17hj4rpt0ab8ajq2hs%40group.calendar.google.com&amp;ctz=America%2FBogota\" style=\"border: 0\" width=\"800\" height=\"600\" frameborder=\"0\" scrolling=\"no\"&gt;&lt;/iframe&gt;</p>','bg74jlkd17hj4rpt0ab8ajq2hs@group.calendar.google.com','jetcnHackI5JQ','#000000',0),(9,'','INTERNO','','','','','','3126411794','','0000-00-00',0,'includes/conductores/PASE_CONDUCCION_HEIRDER_1.jpeg','<p>&lt;iframe src=\"https://calendar.google.com/calendar/embed?src=qvskk01eav1knq2v93krtni7ps%40group.calendar.google.com&amp;ctz=America%2FBogota\" style=\"border: 0\" width=\"800\" height=\"600\" frameborder=\"0\" scrolling=\"no\"&gt;&lt;/iframe&gt;</p>','qvskk01eav1knq2v93krtni7ps@group.calendar.google.com','u9WlXMDDYlUvc','#ffffff',1),(10,'','INTERNO','','','','','','','','0000-00-00',0,'includes/conductores/PASE_DE_CONDUCCION_LUIS_HERRERA1.jpeg','<p>&lt;iframe src=\"https://calendar.google.com/calendar/embed?src=jia6dbs339b6lch2v0oeq4oorg%40group.calendar.google.com&amp;ctz=America%2FBogota\" style=\"border: 0\" width=\"800\" height=\"600\" frameborder=\"0\" scrolling=\"no\"&gt;&lt;/iframe&gt;</p>','jia6dbs339b6lch2v0oeq4oorg@group.calendar.google.com','568wVuvyNaybc','#8276c5',1),(11,'94373000','INTERNO','FRANK YAIR','CHAUX','3218340596','3214144732','3136618693','3218340596','','2021-04-30',1,'','<p>&lt;iframe src=\"https://calendar.google.com/calendar/embed?height=600&amp;amp;wkst=1&amp;amp;bgcolor=%23ffffff&amp;amp;ctz=America%2FBogota&amp;amp;src=c2Vub3RiczhwdDZvYjhqaGM0cjhqMjI3M2tAZ3JvdXAuY2FsZW5kYXIuZ29vZ2xlLmNvbQ&amp;amp;color=%23F6BF26&amp;amp;showTitle=1&amp;amp;showNav=0&amp;amp;showCalendars=0&amp;amp;showTabs=0&amp;amp;showPrint=0\" style=\"border:solid 1px #777\" width=\"800\" height=\"600\" frameborder=\"0\" scrolling=\"no\"&gt;&lt;/iframe&gt;</p>','asesoresjetset@gmail.com','$2y$10$oFg5XHLxidGYB3q0lFvl8eLV2IWJzhHLgpv2im0TZJEvttCapHtXq','#0c0ce9',0),(12,'','INTERNO','','','','0','','','','0000-00-00',0,'includes/conductores/mifoto.png','<p>Prueba usando el id del calendario del conductor inactivo wilman ortiz</p>','efu0mme6r7i33084h70p9758s0@group.calendar.google.com','$2y$10$cbrQ41aUbwgw4kD5Li3DAOSRy8Esy7fHFrmr.vmniZcBZJxEsK1ay','#3ad2ff',1),(13,'','INTERNO','','','','','','','','0000-00-00',0,'includes/conductores/manuel_de_jesus_conductor.jpg','<p>&lt;iframe src=\"https://calendar.google.com/calendar/embed?src=bjk045kcpm9n5bk74oav52o9ko%40group.calendar.google.com&amp;ctz=America%2FBogota\" style=\"border: 0\" width=\"800\" height=\"600\" frameborder=\"0\" scrolling=\"no\"&gt;&lt;/iframe&gt;</p>','bjk045kcpm9n5bk74oav52o9ko@group.calendar.google.com','$2y$10$3t04vmqulAFetvekozJNkuTAY7oFLrfencRiBP99FiAbpcOz.Ii1i','#ffffff',1),(14,'','EXTERNO','','','','','','5744314182','','0000-00-00',0,'',NULL,NULL,'$2y$10$Uicr17iLgNUOHYFKGOv34e31xKt11dW0Ipc8D9/DRLzSvJuZMyDBK','#80ff00',1),(15,'73134019','EXTERNO','EDWIN','MATOREL GARCIA','3107363499','3045838047','','','niwdeleratamaigar@gmail.com','2024-12-06',1,'includes/conductores/WhatsApp_Image_2019-11-13_at_20.51_.35_(1)_.jpeg',NULL,NULL,'$2y$10$OXAh9jlaUy2zrnUTBeLaxellEz4DS/.Bzz34bPAaBW6qM98Y36HuW','#549b20',0),(16,'1144103074','INTERNO','MATEO','CHAUX','313+6618693','','','0356903003','','2023-01-30',1,'includes/conductores/fabio_toro.jpeg',NULL,NULL,'$2y$10$x4IHUquhvSmdyqkm4YeNMOYb7YvVie1IpXrt8sWSNMcno2SG7aGam','#17de5d',0),(17,'','INTERNO','','','','','','','','0000-00-00',0,'includes/conductores/WhatsApp_Image_2020-01-18_at_08.45_.453_.jpeg',NULL,NULL,'$2y$10$oZp/czl8h8hzTMxpVXfud.sIiahr8ZM3sUCgB0g6BehvKh4faaM8i','#FFFFFF',1),(18,'','EXTERNO','','','','','','','','0000-00-00',0,'',NULL,NULL,'$2y$10$XV61iCG1MRyCgHN5p0975udzp8gNvEbLUT3rVxM2/7UOWd93jAbti','#ff8000',1),(19,'','INTERNO','','','','','','','','0000-00-00',0,'includes/conductores/IMG-20200128-WA0082.jpg',NULL,NULL,'$2y$10$eOE2QSxArcdXTE07BU1Qoea5N2L.WqRa0x1JzfYAWtLVSfkdOVsSO','#ffffff',1),(20,'','EXTERNO','','','','','','','','0000-00-00',0,'includes/conductores/WhatsApp_Image_2020-02-16_at_09.28_.17_.jpeg',NULL,NULL,'$2y$10$vZ.bIRgVlHZ4ymMXFR9deeThxSUxKuk0w5OpgwPPYDeVqIC0CEfN2','#8080ff',1),(21,'','EXTERNO','','','','','','','','0000-00-00',0,'',NULL,NULL,'$2y$10$RCI53alaYtbP4I9j7w8Ywe6G5i5Ujb41DuFoiVwRswwtSAm2cK0xy','#0000ff',1),(22,'','EXTERNO','','','','','','','','0000-00-00',0,'includes/conductores/15834653363136416570707432826536.jpg',NULL,NULL,'$2y$10$WvbNZCBV8KP.lRFZVnVZSe04lrGAnDoLDK3D.jDF0knsJXEXeGLla','#ff00ff',1),(23,'','INTERNO','','','','','','3024082820','','0000-00-00',0,'',NULL,NULL,'$2y$10$./l9sO0VSiunx9ybVEAw0Oqc3NsGwnEJhTKAeaL9ZSXB5TAJZji.6','#ef0385',1),(24,'','INTERNO','','','','','','','','0000-00-00',0,'',NULL,NULL,'$2y$10$9hHKWuX1nSq8Euu6gJUkXO5OCdhdY17c5IEzW2L/MrberV5kMRQ5u','#00ffff',1),(25,'11111111','INTERNO','CANCELO','VIAJE','3153675072','3146889768','','','','2020-12-03',1,'',NULL,NULL,'$2y$10$CNpfYMfH/A59H/tP00hQJ.vwhnVix/zvRE1LkkgBU5mvoG7DDSVEG','#ff230a',0),(26,'99999999','INTERNO','NO VIAJO','COVID','3206270790','','3205131189','3106590768','meza.kim@hotmail.com','2222-02-22',1,'',NULL,NULL,'$2y$10$T6Lz6c8uQvQV14Bqig70E.mFtQXLBul6k.QVbRuqNwfMYqN9fu8am','#ff230a',0),(27,'','EXTERNO','','','','','','3004186210','','0000-00-00',0,'includes/conductores/IMG-20200318-WA0123.jpg',NULL,NULL,'$2y$10$t9r00sToNqawG2N9Se9cD.XsjbwYb.fcr.U/uwBRXfIrId9saalLy','#338004',1),(28,'','EXTERNO','','','','','','','','0000-00-00',0,'',NULL,NULL,'$2y$10$1glQNOn1BBPb0rXs4.cTPOSPVU6/VtcSapmH8adCNONa4CzDhPVLK','#ae0a0a',1),(29,'1082999313','INTERNO','shady hanna','pinto','3118775088','','','','Shadypnt@gmail.com','2025-05-19',1,'',NULL,NULL,'$2y$10$Yfuix1cDw7jTnirUtDjCWO.wH4RrQxNOHEkdekjP7RoTKPO6WnPOS','#65626a',0),(30,'','INTERNO','','','','','','','','0000-00-00',0,'',NULL,NULL,'$2y$10$MGXsRfaJYoZlEpaT2zHGmeDkpKI/JWpXuUKDxA7HXsFXs7O2bp3Ti','#da27dd',1),(31,'','EXTERNO','','','','','','','','0000-00-00',0,'',NULL,NULL,'$2y$10$qmWWTkQnvbgsVRi4RZ4nGenlEUi7Jyl7JRiWW88LYD5.Sx/I8fzyu','#086a87',1),(32,'73572087','EXTERNO','EDUARDO','HERNANDEZ CABARCAS','3173715685','0356453488','','3136245635','eduardohernandez0310@hotmail.com','2023-09-26',0,'',NULL,NULL,'$2y$10$gaqu.vKBUWvZMQW4A5jUueuytnQk/vzOK5tsGyOiCdiTdjVRfvB1.','#0f953e',1),(33,'94550537','INTERNO','IVENS','ARBOLEDA','3146855038','3146855038','3146855038',NULL,'ivens.ordonez@gmail.com','2022-01-01',0,NULL,NULL,NULL,'$2y$10$MXvV3XzdEWtVE9URa/JRpOapv/0bw75qE94t2nthtNpecg5Lc5DUS','#0f953e',1),(36,'112233344','EXTERNO','STEVEN','GERRARD','1122','3344','5566','1122','mail@mail.com','0000-00-00',1,NULL,NULL,NULL,'','#FFFFFF',1),(37,'1223456','INTERNO','LIONEL ','MESSI','83993','94949','49494','83993','ivens@mad.com','0000-00-00',1,NULL,NULL,NULL,'','#FFFFFF',1),(38,'1042968733','EXTERNO','FREDDY ANTONIO','FLOREZ ARAUJO','+57 317 4543476','315 7884174','315 7884174','+57 317 4543','freddyantoniodj@gmail.com','2024-04-30',1,NULL,NULL,NULL,'$2y$10$rXeBrdlPtXrczydZvMAhQuas0JA/qMphsiByMe4bmdOiPLsYaqjoi','#FFFFFF',0),(39,'A','INTERNO','NO ASIGNAR','','A','A','A','A','A@GH','0000-00-00',1,NULL,NULL,NULL,'','#FFFFFF',1),(40,'7947608','INTERNO','DELMIRO ','PCHECO HERNANDEZ','3135056305','3243045756','nr','3135056305','delmiropacheco@gmail.com','2024-12-15',1,NULL,NULL,NULL,'','#FFFFFF',1),(41,'111111','INTERNO','TEST','TEST','TEST','TEST','TEST','TEST','test@test.com','0000-00-00',1,NULL,NULL,NULL,'$2y$10$Jwkakos23EiLTraRO4pABetYJUI4WA2bleT.EpTjlbuRBPWBX.Fg.','#FFFFFF',1),(42,'112233','INTERNO','PROBANDO','ANDO','112233','112233','112233','112233','ADFASD@ADFASD.AD','0000-00-00',1,NULL,NULL,NULL,'$2y$10$b54aQoy4CqilPERC80w/leoMlRBvMEJYFobL92d0/t2QPiSYthpO6','#FFFFFF',1),(43,',','INTERNO','SE PASO A LANCHA',',',',',',',',',',','A@HOTMAIL.COM','0000-00-00',1,NULL,NULL,NULL,'$2y$10$heKh.ESNVi9gezwQPtkwCOeSPMZiaoMiOBxOA.kJKTJCUf0FFVaU6','#FFFFFF',0),(44,'73200566','EXTERNO','MICHAEL ','FONTALVO ','3153438133','1','1','3153438133','MICHAEL@HOTMAIL.COM','0000-00-00',1,NULL,NULL,NULL,'$2y$10$TGncao7WYfNIV3qPbx2uaeSXipDP5sht96AJfn8kaeOCxug6wQ7NW','#FFFFFF',0);
/*!40000 ALTER TABLE `conductores` ENABLE KEYS */;
UNLOCK TABLES;

--
-- Table structure for table `configuracion_importaciones`
--

DROP TABLE IF EXISTS `configuracion_importaciones`;
/*!40101 SET @saved_cs_client     = @@character_set_client */;
/*!40101 SET character_set_client = utf8 */;
CREATE TABLE `configuracion_importaciones` (
  `id_conf_importacion` int(11) NOT NULL AUTO_INCREMENT,
  `fecha_update` datetime NOT NULL,
  `id_fenix` int(11) NOT NULL,
  `id_reserva` int(11) NOT NULL,
  `id_tour_externo` int(11) NOT NULL,
  `tipo_reserva` int(11) NOT NULL,
  `fecha_tour` int(11) NOT NULL,
  `hora_vuelo` int(11) NOT NULL,
  `hora_traslado` int(11) NOT NULL,
  `modalidad` int(11) NOT NULL,
  `cliente` int(11) NOT NULL,
  `email` int(11) NOT NULL,
  `telefono` int(11) NOT NULL,
  `tipo_identificacion` int(11) NOT NULL,
  `documento_identidad` int(11) NOT NULL,
  `num_adultos` int(11) NOT NULL,
  `num_ninos` int(11) NOT NULL,
  `num_infantes` int(11) NOT NULL,
  `hotel` int(11) NOT NULL,
  `vuelo` int(11) NOT NULL,
  `fecha_hora_vuelo` int(11) NOT NULL,
  `valor` int(11) NOT NULL,
  `origen` int(11) NOT NULL,
  `destino` int(11) NOT NULL,
  `latitud_longitud` int(5) NOT NULL DEFAULT 0,
  `fecha_vuelo` int(4) NOT NULL DEFAULT 0,
  `fecha_traslado` int(11) DEFAULT NULL,
  PRIMARY KEY (`id_conf_importacion`)
) ENGINE=InnoDB AUTO_INCREMENT=2 DEFAULT CHARSET=latin1;
/*!40101 SET character_set_client = @saved_cs_client */;

--
-- Dumping data for table `configuracion_importaciones`
--

LOCK TABLES `configuracion_importaciones` WRITE;
/*!40000 ALTER TABLE `configuracion_importaciones` DISABLE KEYS */;
INSERT INTO `configuracion_importaciones` VALUES (1,'2019-09-18 07:54:51',0,1,2,5,8,13,10,14,17,18,19,22,23,25,26,27,32,11,9,37,29,31,34,12,9);
/*!40000 ALTER TABLE `configuracion_importaciones` ENABLE KEYS */;
UNLOCK TABLES;

--
-- Table structure for table `cotizaciones`
--

DROP TABLE IF EXISTS `cotizaciones`;
/*!40101 SET @saved_cs_client     = @@character_set_client */;
/*!40101 SET character_set_client = utf8 */;
CREATE TABLE `cotizaciones` (
  `id_cotizacion` int(11) NOT NULL AUTO_INCREMENT,
  `cod_cotizacion` text NOT NULL,
  `nombre_pasajero` text NOT NULL,
  `apellido_pasajero` text NOT NULL,
  `email` text NOT NULL,
  `tel_movil` text NOT NULL,
  `flexibilidad` int(11) NOT NULL,
  `origen` text DEFAULT NULL,
  `destino` text NOT NULL,
  `id_tipo_servicio` int(11) NOT NULL,
  `desde` date NOT NULL,
  `hasta` date NOT NULL,
  `pax_adultos` int(11) NOT NULL,
  `pax_ninos` int(11) NOT NULL,
  `edades_ninos` text NOT NULL,
  `estado` int(11) NOT NULL,
  PRIMARY KEY (`id_cotizacion`)
) ENGINE=InnoDB AUTO_INCREMENT=3 DEFAULT CHARSET=utf8;
/*!40101 SET character_set_client = @saved_cs_client */;

--
-- Dumping data for table `cotizaciones`
--

LOCK TABLES `cotizaciones` WRITE;
/*!40000 ALTER TABLE `cotizaciones` DISABLE KEYS */;
INSERT INTO `cotizaciones` VALUES (1,'YM4AXRZ','Nathalie Magin','Magin','natali33@gmail.com','0033683894845',1,'Bogota','Guatavita',5,'2022-07-09','2022-07-09',1,0,'',0),(2,'Y71EL38','Oscar','Ariza','Casinogranada@outlook.com ','313657984r',1,'Cali','Cancun',5,'2022-07-10','2022-07-16',1,0,'',0);
/*!40000 ALTER TABLE `cotizaciones` ENABLE KEYS */;
UNLOCK TABLES;

--
-- Table structure for table `cuadres_caja`
--

DROP TABLE IF EXISTS `cuadres_caja`;
/*!40101 SET @saved_cs_client     = @@character_set_client */;
/*!40101 SET character_set_client = utf8 */;
CREATE TABLE `cuadres_caja` (
  `id_cuadre_caja` int(11) NOT NULL,
  `id_sucursal` int(11) NOT NULL,
  `id_usuario` int(11) NOT NULL,
  `fecha_reg` datetime NOT NULL,
  `fecha_cuadre` date NOT NULL,
  `saldo_anterior` double DEFAULT NULL,
  `nuevo_saldo` double DEFAULT NULL,
  `id_cuadre_ant` int(11) DEFAULT NULL
) ENGINE=InnoDB DEFAULT CHARSET=latin1;
/*!40101 SET character_set_client = @saved_cs_client */;

--
-- Dumping data for table `cuadres_caja`
--

LOCK TABLES `cuadres_caja` WRITE;
/*!40000 ALTER TABLE `cuadres_caja` DISABLE KEYS */;
/*!40000 ALTER TABLE `cuadres_caja` ENABLE KEYS */;
UNLOCK TABLES;

--
-- Table structure for table `cuentas_bancarias`
--

DROP TABLE IF EXISTS `cuentas_bancarias`;
/*!40101 SET @saved_cs_client     = @@character_set_client */;
/*!40101 SET character_set_client = utf8 */;
CREATE TABLE `cuentas_bancarias` (
  `id_cuenta_bancaria` int(11) NOT NULL AUTO_INCREMENT,
  `nombre_cuenta` varchar(150) NOT NULL,
  `tipo` int(11) NOT NULL,
  `saldo` double NOT NULL,
  PRIMARY KEY (`id_cuenta_bancaria`)
) ENGINE=InnoDB AUTO_INCREMENT=3 DEFAULT CHARSET=utf8;
/*!40101 SET character_set_client = @saved_cs_client */;

--
-- Dumping data for table `cuentas_bancarias`
--

LOCK TABLES `cuentas_bancarias` WRITE;
/*!40000 ALTER TABLE `cuentas_bancarias` DISABLE KEYS */;
INSERT INTO `cuentas_bancarias` VALUES (1,'BANCOLOMBIA AHORROS',0,-616200),(2,'DAVIVIENDA AHORROS',0,-180000);
/*!40000 ALTER TABLE `cuentas_bancarias` ENABLE KEYS */;
UNLOCK TABLES;

--
-- Table structure for table `cuentas_cobro_proveedores`
--

DROP TABLE IF EXISTS `cuentas_cobro_proveedores`;
/*!40101 SET @saved_cs_client     = @@character_set_client */;
/*!40101 SET character_set_client = utf8 */;
CREATE TABLE `cuentas_cobro_proveedores` (
  `id_cuenta_cobro` int(11) NOT NULL AUTO_INCREMENT,
  `fecha_reg` datetime DEFAULT NULL,
  `id_asesor` int(11) DEFAULT NULL,
  `id_proveedor` int(11) DEFAULT NULL,
  `valor` double DEFAULT NULL,
  `estado_cuenta_cobro` int(11) DEFAULT NULL,
  PRIMARY KEY (`id_cuenta_cobro`),
  KEY `key_proveedor_cc_idx_idx` (`id_proveedor`),
  KEY `key_asesor_cc_idx_idx` (`id_asesor`),
  CONSTRAINT `key_asesor_cc_idx` FOREIGN KEY (`id_asesor`) REFERENCES `usuarios` (`id_usuario`) ON DELETE SET NULL ON UPDATE CASCADE,
  CONSTRAINT `key_proveedor_cc_idx` FOREIGN KEY (`id_proveedor`) REFERENCES `proveedores` (`id_proveedor`) ON DELETE SET NULL ON UPDATE CASCADE
) ENGINE=InnoDB DEFAULT CHARSET=utf8mb4;
/*!40101 SET character_set_client = @saved_cs_client */;

--
-- Dumping data for table `cuentas_cobro_proveedores`
--

LOCK TABLES `cuentas_cobro_proveedores` WRITE;
/*!40000 ALTER TABLE `cuentas_cobro_proveedores` DISABLE KEYS */;
/*!40000 ALTER TABLE `cuentas_cobro_proveedores` ENABLE KEYS */;
UNLOCK TABLES;

--
-- Table structure for table `destinos`
--

DROP TABLE IF EXISTS `destinos`;
/*!40101 SET @saved_cs_client     = @@character_set_client */;
/*!40101 SET character_set_client = utf8 */;
CREATE TABLE `destinos` (
  `id_destino` int(11) NOT NULL AUTO_INCREMENT,
  `destino` text DEFAULT NULL,
  `destino_slug` text DEFAULT NULL,
  `geoname_id` varchar(100) NOT NULL,
  `disponible_agencias` int(11) DEFAULT NULL,
  PRIMARY KEY (`id_destino`)
) ENGINE=InnoDB AUTO_INCREMENT=13 DEFAULT CHARSET=utf8;
/*!40101 SET character_set_client = @saved_cs_client */;

--
-- Dumping data for table `destinos`
--

LOCK TABLES `destinos` WRITE;
/*!40000 ALTER TABLE `destinos` DISABLE KEYS */;
INSERT INTO `destinos` VALUES (1,'Cartagena de Indias, Colombia','cartagena-de-indias','3687238',1),(2,'Santa Marta, Colombia','santa-marta','3668605',1),(3,'San Andrés y Providencia, Colombia','san-andres-y-providencia','3670218',1),(4,'Barcelona (ES)',NULL,'3128760',NULL),(6,'Armenia (CO)',NULL,'3689560',1),(7,'Buenaventura (CO)',NULL,'3688451',NULL),(8,'Popayán (CO)',NULL,'3671916',NULL),(9,'Pereira (CO)',NULL,'3672486',NULL),(10,'Medellín (CO)',NULL,'3674962',1),(11,'Cali (CO)',NULL,'3687925',0),(12,'Darien (CO)',NULL,'3685273',NULL);
/*!40000 ALTER TABLE `destinos` ENABLE KEYS */;
UNLOCK TABLES;

--
-- Table structure for table `detalle_pago_tc`
--

DROP TABLE IF EXISTS `detalle_pago_tc`;
/*!40101 SET @saved_cs_client     = @@character_set_client */;
/*!40101 SET character_set_client = utf8 */;
CREATE TABLE `detalle_pago_tc` (
  `id_detalle_pago_tc` int(11) NOT NULL AUTO_INCREMENT,
  `id_soporte` int(11) NOT NULL,
  `nombre_tarjetahabiente` text NOT NULL,
  `numero_aprobacion` text NOT NULL,
  `franquicia` text NOT NULL,
  `numero_tarjeta` text NOT NULL,
  PRIMARY KEY (`id_detalle_pago_tc`),
  KEY `id_soporte` (`id_soporte`),
  CONSTRAINT `detalle_pago_tc_ibfk_1` FOREIGN KEY (`id_soporte`) REFERENCES `soportes_reservas` (`id_soporte`) ON DELETE CASCADE ON UPDATE CASCADE
) ENGINE=InnoDB DEFAULT CHARSET=utf8;
/*!40101 SET character_set_client = @saved_cs_client */;

--
-- Dumping data for table `detalle_pago_tc`
--

LOCK TABLES `detalle_pago_tc` WRITE;
/*!40000 ALTER TABLE `detalle_pago_tc` DISABLE KEYS */;
/*!40000 ALTER TABLE `detalle_pago_tc` ENABLE KEYS */;
UNLOCK TABLES;

--
-- Table structure for table `egresos`
--

DROP TABLE IF EXISTS `egresos`;
/*!40101 SET @saved_cs_client     = @@character_set_client */;
/*!40101 SET character_set_client = utf8 */;
CREATE TABLE `egresos` (
  `id_egreso` int(11) NOT NULL AUTO_INCREMENT,
  `id_sucursal` int(11) DEFAULT NULL,
  `id_asesor` int(11) DEFAULT NULL,
  `id_beneficiario` int(11) DEFAULT NULL,
  `id_proveedor` int(11) DEFAULT NULL,
  `id_cuenta_bancaria` int(11) NOT NULL,
  `num_recibo` varchar(150) DEFAULT NULL,
  `fecha_reg` datetime NOT NULL,
  `tipo_egreso` int(11) DEFAULT NULL,
  `concepto` text DEFAULT NULL,
  `num_documento` text DEFAULT NULL,
  `valor` double DEFAULT NULL,
  `estado` int(11) DEFAULT NULL,
  `observaciones` text DEFAULT NULL,
  `id_cuadre_caja` int(11) DEFAULT NULL,
  `archivo_soporte` text DEFAULT NULL,
  PRIMARY KEY (`id_egreso`)
) ENGINE=InnoDB AUTO_INCREMENT=6 DEFAULT CHARSET=utf8;
/*!40101 SET character_set_client = @saved_cs_client */;

--
-- Dumping data for table `egresos`
--

LOCK TABLES `egresos` WRITE;
/*!40000 ALTER TABLE `egresos` DISABLE KEYS */;
INSERT INTO `egresos` VALUES (1,1,10,NULL,99,2,'CTG001RE','2022-05-30 14:11:54',2,'PAGO DE RESERVA. VOUCHER: W1029','001',100000,1,NULL,NULL,NULL),(2,1,10,NULL,101,2,'CTG002RE','2022-05-31 16:46:58',2,'PAGO DE RESERVA. VOUCHER: W1029','00199',10000,1,NULL,NULL,NULL),(3,1,10,NULL,NULL,1,'CTG003RE','2022-05-31 16:52:19',2,'PAGO DE RESERVA. VOUCHER: W1030','001',576200,1,NULL,NULL,NULL),(4,1,10,NULL,97,2,'CTG004RE','2022-06-22 18:36:48',2,'PAGO DE RESERVA. VOUCHER: W1066','00232810',70000,1,NULL,NULL,NULL),(5,1,10,NULL,99,1,'CTG005RE','2022-06-24 20:58:01',2,'PAGO DE RESERVA. VOUCHER: W1077','002',40000,1,NULL,NULL,NULL);
/*!40000 ALTER TABLE `egresos` ENABLE KEYS */;
UNLOCK TABLES;

--
-- Table structure for table `errores_importacion`
--

DROP TABLE IF EXISTS `errores_importacion`;
/*!40101 SET @saved_cs_client     = @@character_set_client */;
/*!40101 SET character_set_client = utf8 */;
CREATE TABLE `errores_importacion` (
  `id_errores_importacion` int(11) NOT NULL AUTO_INCREMENT,
  `id_importacion` int(11) NOT NULL,
  `error` text NOT NULL,
  PRIMARY KEY (`id_errores_importacion`),
  KEY `id_importacion` (`id_importacion`),
  CONSTRAINT `errores_importacion_ibfk_1` FOREIGN KEY (`id_importacion`) REFERENCES `importaciones` (`id_importacion`) ON DELETE CASCADE ON UPDATE CASCADE
) ENGINE=InnoDB DEFAULT CHARSET=utf8;
/*!40101 SET character_set_client = @saved_cs_client */;

--
-- Dumping data for table `errores_importacion`
--

LOCK TABLES `errores_importacion` WRITE;
/*!40000 ALTER TABLE `errores_importacion` DISABLE KEYS */;
/*!40000 ALTER TABLE `errores_importacion` ENABLE KEYS */;
UNLOCK TABLES;

--
-- Table structure for table `exportaciones_facturas`
--

DROP TABLE IF EXISTS `exportaciones_facturas`;
/*!40101 SET @saved_cs_client     = @@character_set_client */;
/*!40101 SET character_set_client = utf8 */;
CREATE TABLE `exportaciones_facturas` (
  `id_exportacion_facturas` int(11) NOT NULL AUTO_INCREMENT,
  `fecha_reg` datetime NOT NULL,
  `id_asesor` int(11) DEFAULT NULL,
  `desde` date DEFAULT NULL,
  `hasta` date DEFAULT NULL,
  PRIMARY KEY (`id_exportacion_facturas`),
  KEY `key_asesor_id_idx` (`id_asesor`),
  CONSTRAINT `key_asesor_id` FOREIGN KEY (`id_asesor`) REFERENCES `usuarios` (`id_usuario`) ON DELETE SET NULL ON UPDATE CASCADE
) ENGINE=InnoDB DEFAULT CHARSET=utf8mb4;
/*!40101 SET character_set_client = @saved_cs_client */;

--
-- Dumping data for table `exportaciones_facturas`
--

LOCK TABLES `exportaciones_facturas` WRITE;
/*!40000 ALTER TABLE `exportaciones_facturas` DISABLE KEYS */;
/*!40000 ALTER TABLE `exportaciones_facturas` ENABLE KEYS */;
UNLOCK TABLES;

--
-- Table structure for table `facturas`
--

DROP TABLE IF EXISTS `facturas`;
/*!40101 SET @saved_cs_client     = @@character_set_client */;
/*!40101 SET character_set_client = utf8 */;
CREATE TABLE `facturas` (
  `id_factura` int(11) NOT NULL AUTO_INCREMENT,
  `id_reserva` int(11) DEFAULT NULL,
  `id_exportacion_facturas` int(11) DEFAULT NULL,
  `codigo` text DEFAULT NULL,
  PRIMARY KEY (`id_factura`),
  KEY `id_reserva` (`id_reserva`),
  CONSTRAINT `facturas_ibfk_1` FOREIGN KEY (`id_reserva`) REFERENCES `reservas` (`id_reserva`) ON DELETE CASCADE ON UPDATE CASCADE
) ENGINE=InnoDB DEFAULT CHARSET=utf8;
/*!40101 SET character_set_client = @saved_cs_client */;

--
-- Dumping data for table `facturas`
--

LOCK TABLES `facturas` WRITE;
/*!40000 ALTER TABLE `facturas` DISABLE KEYS */;
/*!40000 ALTER TABLE `facturas` ENABLE KEYS */;
UNLOCK TABLES;

--
-- Table structure for table `grupos_actividades_reporte`
--

DROP TABLE IF EXISTS `grupos_actividades_reporte`;
/*!40101 SET @saved_cs_client     = @@character_set_client */;
/*!40101 SET character_set_client = utf8 */;
CREATE TABLE `grupos_actividades_reporte` (
  `id_grupo_actividad` int(11) NOT NULL,
  `grupo` varchar(150) NOT NULL,
  `orden` int(11) DEFAULT NULL
) ENGINE=InnoDB DEFAULT CHARSET=utf8;
/*!40101 SET character_set_client = @saved_cs_client */;

--
-- Dumping data for table `grupos_actividades_reporte`
--

LOCK TABLES `grupos_actividades_reporte` WRITE;
/*!40000 ALTER TABLE `grupos_actividades_reporte` DISABLE KEYS */;
/*!40000 ALTER TABLE `grupos_actividades_reporte` ENABLE KEYS */;
UNLOCK TABLES;

--
-- Table structure for table `grupos_modalidades`
--

DROP TABLE IF EXISTS `grupos_modalidades`;
/*!40101 SET @saved_cs_client     = @@character_set_client */;
/*!40101 SET character_set_client = utf8 */;
CREATE TABLE `grupos_modalidades` (
  `id_grupo_modalidad` int(11) NOT NULL AUTO_INCREMENT,
  `grupo` varchar(45) DEFAULT NULL,
  `orden` int(11) DEFAULT NULL,
  PRIMARY KEY (`id_grupo_modalidad`)
) ENGINE=InnoDB AUTO_INCREMENT=35 DEFAULT CHARSET=utf8mb4;
/*!40101 SET character_set_client = @saved_cs_client */;

--
-- Dumping data for table `grupos_modalidades`
--

LOCK TABLES `grupos_modalidades` WRITE;
/*!40000 ALTER TABLE `grupos_modalidades` DISABLE KEYS */;
INSERT INTO `grupos_modalidades` VALUES (1,'TERRESTRE',NULL),(4,'CITY TOUR',NULL),(5,'VOLCAN',NULL),(6,'GETSEMANI',NULL),(7,'LANCHA A ISLAS KALINAGO TOURS',NULL),(9,'PUNTA ARENA',NULL),(10,'ENTRADA A OCEANARIO',NULL),(11,'ISLAS PRIVADAS',NULL),(12,'CHIVA',NULL),(13,'RECORRIDOS POR LA BAHIA',NULL),(14,'SNORKEL ',NULL),(15,'ANSAWI',NULL),(16,'MORGAN SERVICE',NULL),(17,'VUELTA A LA ISLA',NULL),(18,'PLAYA BLANCA',NULL),(19,'TAYRONA',NULL),(20,'TRASLADOS INTERMUNICIPALES',NULL),(22,'TRASLADOS IN',NULL),(23,'TRASLADOS OUT',NULL),(24,'TRASLADOS INTERNOS ',NULL),(25,'RECORRIDOS COCHE',NULL),(29,'FULL DAY SANTA MARTA',NULL),(30,'PLANCTON SIN TRASPORTE A PLAYA',NULL),(31,'ISLA SAN BERNARDO',NULL),(32,'BUCEO',NULL),(33,'FULL DAY ',NULL),(34,'CITY TOUR SMR',NULL);
/*!40000 ALTER TABLE `grupos_modalidades` ENABLE KEYS */;
UNLOCK TABLES;

--
-- Table structure for table `grupos_modalidades_rel`
--

DROP TABLE IF EXISTS `grupos_modalidades_rel`;
/*!40101 SET @saved_cs_client     = @@character_set_client */;
/*!40101 SET character_set_client = utf8 */;
CREATE TABLE `grupos_modalidades_rel` (
  `id_grupo_modalidad_rel` int(11) NOT NULL AUTO_INCREMENT,
  `id_grupo_modalidad` int(11) DEFAULT NULL,
  `id_modalidad` int(11) DEFAULT NULL,
  PRIMARY KEY (`id_grupo_modalidad_rel`),
  KEY `key_modalidad_idx` (`id_modalidad`),
  KEY `key_grupo_idx` (`id_grupo_modalidad`),
  CONSTRAINT `key_grupo` FOREIGN KEY (`id_grupo_modalidad`) REFERENCES `grupos_modalidades` (`id_grupo_modalidad`) ON DELETE CASCADE ON UPDATE CASCADE,
  CONSTRAINT `key_modalidad` FOREIGN KEY (`id_modalidad`) REFERENCES `modalidades_actividades` (`id_modalidad`) ON DELETE CASCADE ON UPDATE CASCADE
) ENGINE=InnoDB AUTO_INCREMENT=163 DEFAULT CHARSET=utf8mb4;
/*!40101 SET character_set_client = @saved_cs_client */;

--
-- Dumping data for table `grupos_modalidades_rel`
--

LOCK TABLES `grupos_modalidades_rel` WRITE;
/*!40000 ALTER TABLE `grupos_modalidades_rel` DISABLE KEYS */;
INSERT INTO `grupos_modalidades_rel` VALUES (10,1,58),(11,1,69),(13,1,160),(14,1,169),(15,1,249),(16,1,258),(27,4,242),(28,4,67),(29,4,241),(30,4,240),(31,4,140),(32,5,74),(33,5,260),(34,6,112),(35,6,170),(36,6,176),(37,6,180),(38,6,245),(39,6,246),(40,4,86),(44,7,217),(50,7,211),(53,4,255),(58,1,290),(59,1,250),(60,1,247),(61,1,233),(63,1,130),(64,1,133),(65,1,136),(66,9,68),(67,9,251),(68,9,206),(70,10,99),(71,1,248),(72,11,40),(73,11,92),(74,11,101),(75,11,107),(76,11,154),(77,11,219),(78,11,252),(79,10,175),(80,12,276),(83,14,160),(85,14,257),(86,14,267),(87,13,121),(88,13,122),(89,13,259),(90,15,18),(91,15,19),(92,15,52),(93,15,25),(94,16,24),(95,16,282),(96,16,43),(97,17,20),(98,17,35),(99,17,95),(100,17,156),(101,17,284),(102,17,291),(103,17,292),(104,18,30),(105,18,41),(106,18,42),(107,18,103),(108,18,73),(109,18,146),(110,18,265),(111,18,268),(112,18,270),(113,19,12),(114,19,13),(115,19,15),(116,19,39),(117,19,263),(118,13,178),(119,13,203),(120,13,210),(121,13,235),(122,13,236),(123,25,28),(124,25,238),(125,25,239),(126,1,129),(128,12,300),(133,7,29),(134,7,243),(135,7,256),(136,29,33),(137,29,141),(138,1,305),(139,1,230),(140,1,279),(141,30,182),(142,30,232),(143,30,231),(144,31,264),(145,31,266),(146,11,301),(147,32,23),(148,32,135),(149,32,247),(150,32,254),(151,33,127),(152,33,281),(153,33,280),(154,34,115),(155,34,273),(156,4,310),(162,1,311);
/*!40000 ALTER TABLE `grupos_modalidades_rel` ENABLE KEYS */;
UNLOCK TABLES;

--
-- Table structure for table `grupos_traslados_rel`
--

DROP TABLE IF EXISTS `grupos_traslados_rel`;
/*!40101 SET @saved_cs_client     = @@character_set_client */;
/*!40101 SET character_set_client = utf8 */;
CREATE TABLE `grupos_traslados_rel` (
  `id_grupo_traslado_rel` int(11) NOT NULL AUTO_INCREMENT,
  `id_grupo_modalidad` int(11) DEFAULT NULL,
  `id_traslado` int(11) DEFAULT NULL,
  PRIMARY KEY (`id_grupo_traslado_rel`),
  KEY `key_traslado_idx_idx` (`id_traslado`),
  KEY `key_grupo_idx_idx` (`id_grupo_modalidad`),
  CONSTRAINT `key_grupo_idx` FOREIGN KEY (`id_grupo_modalidad`) REFERENCES `grupos_modalidades` (`id_grupo_modalidad`) ON DELETE CASCADE ON UPDATE CASCADE,
  CONSTRAINT `key_traslado_idx` FOREIGN KEY (`id_traslado`) REFERENCES `traslados` (`id_traslado`) ON DELETE CASCADE ON UPDATE CASCADE
) ENGINE=InnoDB AUTO_INCREMENT=62 DEFAULT CHARSET=utf8mb4;
/*!40101 SET character_set_client = @saved_cs_client */;

--
-- Dumping data for table `grupos_traslados_rel`
--

LOCK TABLES `grupos_traslados_rel` WRITE;
/*!40000 ALTER TABLE `grupos_traslados_rel` DISABLE KEYS */;
INSERT INTO `grupos_traslados_rel` VALUES (2,20,50),(3,20,45),(4,20,28),(5,20,29),(6,20,49),(23,23,37),(24,23,18),(25,23,36),(26,23,38),(27,23,20),(28,23,42),(29,23,22),(30,23,14),(31,23,24),(32,23,48),(33,23,52),(34,23,54),(35,23,56),(36,22,16),(37,22,35),(38,22,19),(39,22,32),(40,22,21),(41,22,34),(42,22,1),(43,22,41),(44,22,23),(45,22,17),(46,22,13),(47,22,15),(48,22,47),(49,22,51),(50,22,53),(51,22,55),(52,20,30),(53,20,33),(54,24,26),(55,24,27),(56,24,25),(57,24,40),(58,24,39),(59,24,44),(60,24,43),(61,24,46);
/*!40000 ALTER TABLE `grupos_traslados_rel` ENABLE KEYS */;
UNLOCK TABLES;

--
-- Table structure for table `hoteles`
--

DROP TABLE IF EXISTS `hoteles`;
/*!40101 SET @saved_cs_client     = @@character_set_client */;
/*!40101 SET character_set_client = utf8 */;
CREATE TABLE `hoteles` (
  `id_hotel` int(11) NOT NULL AUTO_INCREMENT,
  `id_servicio` int(11) NOT NULL,
  `id_proveedor` int(11) DEFAULT NULL,
  `descripcion` text DEFAULT NULL,
  `direccion` varchar(150) DEFAULT NULL,
  PRIMARY KEY (`id_hotel`),
  KEY `id_servicio` (`id_servicio`),
  KEY `id_proveedor` (`id_proveedor`),
  CONSTRAINT `hoteles_ibfk_1` FOREIGN KEY (`id_servicio`) REFERENCES `servicios` (`id_servicio`) ON DELETE CASCADE ON UPDATE CASCADE,
  CONSTRAINT `hoteles_ibfk_2` FOREIGN KEY (`id_proveedor`) REFERENCES `proveedores` (`id_proveedor`) ON DELETE CASCADE ON UPDATE CASCADE
) ENGINE=InnoDB DEFAULT CHARSET=utf8;
/*!40101 SET character_set_client = @saved_cs_client */;

--
-- Dumping data for table `hoteles`
--

LOCK TABLES `hoteles` WRITE;
/*!40000 ALTER TABLE `hoteles` DISABLE KEYS */;
/*!40000 ALTER TABLE `hoteles` ENABLE KEYS */;
UNLOCK TABLES;

--
-- Table structure for table `importaciones`
--

DROP TABLE IF EXISTS `importaciones`;
/*!40101 SET @saved_cs_client     = @@character_set_client */;
/*!40101 SET character_set_client = utf8 */;
CREATE TABLE `importaciones` (
  `id_importacion` int(11) NOT NULL AUTO_INCREMENT,
  `fecha_reg` datetime NOT NULL,
  `id_usuario` int(11) DEFAULT NULL,
  `subidas` int(11) NOT NULL,
  `completas` int(11) NOT NULL,
  PRIMARY KEY (`id_importacion`),
  KEY `id_usuario` (`id_usuario`),
  CONSTRAINT `importaciones_ibfk_1` FOREIGN KEY (`id_usuario`) REFERENCES `usuarios` (`id_usuario`) ON DELETE SET NULL ON UPDATE CASCADE
) ENGINE=InnoDB DEFAULT CHARSET=utf8;
/*!40101 SET character_set_client = @saved_cs_client */;

--
-- Dumping data for table `importaciones`
--

LOCK TABLES `importaciones` WRITE;
/*!40000 ALTER TABLE `importaciones` DISABLE KEYS */;
/*!40000 ALTER TABLE `importaciones` ENABLE KEYS */;
UNLOCK TABLES;

--
-- Table structure for table `logs`
--

DROP TABLE IF EXISTS `logs`;
/*!40101 SET @saved_cs_client     = @@character_set_client */;
/*!40101 SET character_set_client = utf8 */;
CREATE TABLE `logs` (
  `id_log` int(11) NOT NULL AUTO_INCREMENT,
  `fecha_reg` datetime NOT NULL,
  `log` text NOT NULL,
  PRIMARY KEY (`id_log`),
  KEY `id_log` (`id_log`)
) ENGINE=InnoDB DEFAULT CHARSET=utf8;
/*!40101 SET character_set_client = @saved_cs_client */;

--
-- Dumping data for table `logs`
--

LOCK TABLES `logs` WRITE;
/*!40000 ALTER TABLE `logs` DISABLE KEYS */;
/*!40000 ALTER TABLE `logs` ENABLE KEYS */;
UNLOCK TABLES;

--
-- Table structure for table `media`
--

DROP TABLE IF EXISTS `media`;
/*!40101 SET @saved_cs_client     = @@character_set_client */;
/*!40101 SET character_set_client = utf8 */;
CREATE TABLE `media` (
  `id_media` int(11) NOT NULL AUTO_INCREMENT,
  `url_media` text NOT NULL,
  PRIMARY KEY (`id_media`)
) ENGINE=InnoDB AUTO_INCREMENT=600 DEFAULT CHARSET=utf8;
/*!40101 SET character_set_client = @saved_cs_client */;

--
-- Dumping data for table `media`
--

LOCK TABLES `media` WRITE;
/*!40000 ALTER TABLE `media` DISABLE KEYS */;
INSERT INTO `media` VALUES (14,'assets/img/media/5f6fcad4e2822.jpg'),(15,'assets/img/media/5f6fcad4e87f7.jpeg'),(16,'assets/img/media/5f6fcad4ed294.jpg'),(17,'assets/img/media/5f6fcb74461a7.jpg'),(18,'assets/img/media/5f6fcb744c11a.jpeg'),(19,'assets/img/media/5f6fcb744f77d.jpg'),(20,'assets/img/media/5f6fd2693b050.jpg'),(21,'assets/img/media/5f6fd2694ac6e.jpeg'),(22,'assets/img/media/5f6fd269567fd.jpg'),(23,'assets/img/media/5f6fd32c68880.jpg'),(24,'assets/img/media/5f6fd32c6d52b.jpeg'),(25,'assets/img/media/5f6fd32c72a0a.jpg'),(26,'assets/img/media/5f6fd38ee6e25.jpg'),(27,'assets/img/media/5f6fd38eea3da.jpeg'),(28,'assets/img/media/5f6fd38eedb48.jpg'),(29,'assets/img/media/5f6fd41413f8a.jpg'),(30,'assets/img/media/5f6fd4141abba.jpeg'),(31,'assets/img/media/5f6fd4141f8c2.jpg'),(32,'assets/img/media/5f6fd4e08d4ae.jpg'),(33,'assets/img/media/5f6fd4e095b78.jpeg'),(34,'assets/img/media/5f6fd4e09d7a2.jpg'),(35,'assets/img/media/5f6fd56f3350d.jpg'),(36,'assets/img/media/5f6fd7f90a7b8.jpg'),(37,'assets/img/media/5f6fd7f914d5d.jpeg'),(38,'assets/img/media/5f6fd7f918ea5.jpg'),(39,'assets/img/media/5f6fd818c4ced.jpg'),(40,'assets/img/media/5f6ff491766b6.jpg'),(41,'assets/img/media/5f6ff49185cc7.jpeg'),(42,'assets/img/media/5f6ff4918b376.jpg'),(43,'assets/img/media/5f75ea0d85b65.jpg'),(44,'assets/img/media/5f92f5023351a.jpeg'),(45,'assets/img/media/5f92f502437ce.jpg'),(46,'assets/images/media/5f92f92b0de34.jpeg'),(47,'assets/images/media/5f92f92b11675.jpg'),(48,'assets/images/media/5fa4816eada63.jpg'),(49,'assets/images/media/5fa48208b81ac.jpg'),(50,'assets/images/media/6036e51059277.jpg'),(51,'assets/images/media/6036e5105b095.jpg'),(52,'assets/images/media/6036e5105b96a.jpg'),(53,'assets/images/media/6036e5105c432.jpg'),(54,'assets/images/media/6036e5105e47e.jpg'),(55,'assets/images/media/60820467add66.jpg'),(56,'assets/images/media/60987d0341a94.jpg'),(57,'assets/images/media/60a541b47e48e.jpg'),(58,'assets/images/media/60a5a6a6b694d.jpg'),(59,'assets/images/media/60a5a6a6b77df.jpg'),(60,'assets/images/media/60a5a6a6b81de.jpg'),(61,'assets/images/media/60a5ac085667a.jpg'),(62,'assets/images/media/60a5ac085713a.jpg'),(63,'assets/images/media/60a5ac085822e.jpg'),(64,'assets/images/media/60b0131d813cf.jpeg'),(65,'assets/images/media/61004720c700e.jpg'),(66,'assets/images/media/61008b38a0180.jpg'),(67,'assets/images/media/6100971caca9a.jpg'),(68,'assets/images/media/6102e618b3ddb.jpg'),(69,'assets/images/media/61040856eb45c.jpeg'),(70,'assets/images/media/61040924aa824.jpg'),(71,'assets/images/media/6131527c2957f.jpg'),(72,'assets/images/media/613155ca7cf14.jpg'),(73,'assets/images/media/613155d77b174.jpg'),(74,'assets/images/media/613155e4673d3.jpg'),(75,'assets/images/media/6131560e30bd3.jpg'),(76,'assets/images/media/6131561a22283.jpg'),(77,'assets/images/media/6131584a68ccf.jpg'),(78,'assets/images/media/613158771b313.jpg'),(79,'assets/images/media/613158771d1d6.jpg'),(80,'assets/images/media/613164a3bb218.jpg'),(81,'assets/images/media/613164d43cb7c.jpg'),(82,'assets/images/media/61316cce3b3de.jpg'),(83,'assets/images/media/61316cd87e1c8.jpg'),(84,'assets/images/media/61316ce417129.jpg'),(85,'assets/images/media/61316cf60043e.jpg'),(86,'assets/images/media/613d0dee4d22b.jpg'),(87,'assets/images/media/613d0e1ecd7a1.jpg'),(88,'assets/images/media/613d0e280ec1d.jpg'),(89,'assets/images/media/613d0e77158d3.jpg'),(90,'assets/images/media/613d1525e218f.jpg'),(91,'assets/images/media/613d153ee6604.jpg'),(92,'assets/images/media/613d15a0d8cb2.jpg'),(93,'assets/images/media/613d291135361.jpg'),(94,'assets/images/media/613d296474ad0.jpg'),(95,'assets/images/media/613d299f49a97.jpg'),(96,'assets/images/media/613d29d3104dd.jpg'),(97,'assets/images/media/613d29f7b3ed1.png'),(98,'assets/images/media/613d3a331dabd.jpg'),(99,'assets/images/media/613f764d64abd.jpg'),(100,'assets/images/media/613f768f7a996.jpg'),(101,'assets/images/media/613f76a14f770.jpg'),(102,'assets/images/media/613f76b2d684f.jpg'),(103,'assets/images/media/613f76dfcfea9.png'),(104,'assets/images/media/613f78aca0ff2.jpg'),(105,'assets/images/media/613fb64963cc9.jpg'),(106,'assets/images/media/613fb6740b53e.jpg'),(107,'assets/images/media/613fb692d79e8.jpg'),(108,'assets/images/media/613fb6e4d28f5.jpg'),(109,'assets/images/media/613fb702a9120.jpg'),(110,'assets/images/media/613fd3b57b974.jpg'),(111,'assets/images/media/613fd3b57c3da.jpg'),(112,'assets/images/media/613fd3c977c2f.jpg'),(113,'assets/images/media/613fd3c9787fa.jpg'),(114,'assets/images/media/613fd3e97f599.jpg'),(115,'assets/images/media/613fd4574466d.jpg'),(116,'assets/images/media/61450dde6d8af.jpg'),(117,'assets/images/media/61450de856c4a.jpg'),(118,'assets/images/media/61450dfa74a37.jpg'),(119,'assets/images/media/61450e0fb535f.jpg'),(120,'assets/images/media/61450e25621da.jpg'),(121,'assets/images/media/6146189c52fd6.jpeg'),(122,'assets/images/media/614618a716cf3.jpg'),(123,'assets/images/media/614618bd46554.jpg'),(124,'assets/images/media/614618c9ee3e7.jpg'),(125,'assets/images/media/61461a682cf8b.jpg'),(126,'assets/images/media/61461b6173867.jpeg'),(127,'assets/images/media/61491546398e9.jpg'),(128,'assets/images/media/6149154ccb3ba.jpg'),(129,'assets/images/media/614915549b5b1.jpg'),(130,'assets/images/media/61491576e0afe.jpg'),(131,'assets/images/media/614bb7703e794.jpg'),(132,'assets/images/media/614bb7847e716.jpg'),(133,'assets/images/media/614bb7847f7e9.jpg'),(134,'assets/images/media/614bb7b65f290.jpg'),(135,'assets/images/media/614bb7df07948.jpg'),(136,'assets/images/media/614f58ce5be72.jpg'),(137,'assets/images/media/614f58ded802a.jpg'),(138,'assets/images/media/614f58f7cd1b6.jpg'),(139,'assets/images/media/614f592415210.jpg'),(140,'assets/images/media/614f59c10515b.jpg'),(141,'assets/images/media/61532bbb16e81.jpg'),(142,'assets/images/media/6153321b20bc0.jpg'),(143,'assets/images/media/6154fbf28abb0.jpg'),(144,'assets/images/media/6154fbf28d42e.jpg'),(145,'assets/images/media/6154fc0b07b43.jpg'),(146,'assets/images/media/6154fc4b94969.jpg'),(147,'assets/images/media/6154fc6d91c8b.jpg'),(148,'assets/images/media/6155e72c43171.jpg'),(149,'assets/images/media/6160d47a13530.jpg'),(150,'assets/images/media/6160dc3a7e100.jpg'),(151,'assets/images/media/6161b5952017b.jpg'),(152,'assets/images/media/6161cbcdc3596.jpg'),(153,'assets/images/media/6161cbe68c2c7.jpg'),(154,'assets/images/media/6161cbe68d692.jpg'),(155,'assets/images/media/6161cc007fe2b.jpg'),(156,'assets/images/media/6161cc00807ec.jpg'),(157,'assets/images/media/6161ce9d17107.JPG'),(158,'assets/images/media/6164bb73502b6.jpg'),(159,'assets/images/media/6164bb85813c5.jpg'),(160,'assets/images/media/6164bbb670a6f.jpg'),(161,'assets/images/media/6164bc0c4c63d.jpeg'),(162,'assets/images/media/6165ff91dbde4.jpg'),(163,'assets/images/media/6165ffdad5a29.jpg'),(164,'assets/images/media/6165ffeeb9199.jpeg'),(165,'assets/images/media/6166000e4c187.jpg'),(166,'assets/images/media/61660041215a9.jpg'),(167,'assets/images/media/616620af45595.jpg'),(168,'assets/images/media/616620af45d75.jpg'),(169,'assets/images/media/616620af464fc.jpg'),(170,'assets/images/media/616620c063f93.jpg'),(171,'assets/images/media/616620f3c99b1.jpg'),(172,'assets/images/media/6167442ec7475.jpg'),(173,'assets/images/media/6167443b2dd7e.jpg'),(174,'assets/images/media/6167444990918.jpg'),(175,'assets/images/media/616744571b512.jpg'),(176,'assets/images/media/61674466563f7.jpg'),(177,'assets/images/media/61676397d6e5a.jpg'),(178,'assets/images/media/61676397d78b9.jpg'),(179,'assets/images/media/616763b45321f.jpg'),(180,'assets/images/media/616763ce0dd93.jpg'),(181,'assets/images/media/616763ce0e609.jpg'),(182,'assets/images/media/6167642a72e4f.jpg'),(183,'assets/images/media/61676439ad242.jpg'),(184,'assets/images/media/616777b41b559.jpg'),(185,'assets/images/media/61677ee56fdff.jpg'),(186,'assets/images/media/61677efc6e37f.jpg'),(187,'assets/images/media/61677f1f05aa9.jpg'),(188,'assets/images/media/61677f32c8ad0.jpg'),(189,'assets/images/media/61677f84bad27.jpg'),(190,'assets/images/media/616871af6ef3e.jpg'),(191,'assets/images/media/616871b68950d.jpg'),(192,'assets/images/media/616871d8c7d3a.jpg'),(193,'assets/images/media/6168c2e2318dc.jpg'),(194,'assets/images/media/6168c2e231fe8.jpg'),(195,'assets/images/media/6168c2e2326e4.jpg'),(196,'assets/images/media/6168c2f32e5d7.jpg'),(197,'assets/images/media/6168c3486ef8a.jpg'),(198,'assets/images/media/6168cf6a1d69d.jpg'),(199,'assets/images/media/6168cf6a1de99.jpg'),(200,'assets/images/media/6168cf6a1e47a.jpg'),(201,'assets/images/media/6168cf847d0bf.jpg'),(202,'assets/images/media/6168cf9345438.jpg'),(203,'assets/images/media/6169b97e2a284.jpg'),(204,'assets/images/media/6169b98a5916f.jpg'),(205,'assets/images/media/6169b9a450065.jpg'),(206,'assets/images/media/6169b9ba4500d.jpg'),(207,'assets/images/media/6169b9c9998a0.jpg'),(208,'assets/images/media/6169bad26b8d5.jpg'),(209,'assets/images/media/616f1dad85a19.jpg'),(210,'assets/images/media/616f1dbb6b59e.jpg'),(211,'assets/images/media/616f1dc8d9243.jpg'),(212,'assets/images/media/616f1f1f35b2c.jpg'),(213,'assets/images/media/616f1fff283ad.jpg'),(214,'assets/images/media/616f3703c6b47.jpg'),(215,'assets/images/media/616f3724c3a15.jpg'),(216,'assets/images/media/616f37334e809.jpg'),(217,'assets/images/media/616f3742965fd.jpg'),(218,'assets/images/media/616f379a21870.jpg'),(219,'assets/images/media/616f37ac60fb6.jpg'),(220,'assets/images/media/61704f9ecc2ad.jpg'),(221,'assets/images/media/6170500a51b63.jpg'),(222,'assets/images/media/6170502dab2d9.jpg'),(223,'assets/images/media/6170585df3237.jpg'),(224,'assets/images/media/61705acf2dd8e.jpg'),(225,'assets/images/media/61705af7334ed.jpg'),(226,'assets/images/media/61705b5fde172.jpg'),(227,'assets/images/media/61705bb2760c2.jpg'),(228,'assets/images/media/61705cf1b1238.jpg'),(229,'assets/images/media/61706ca326750.jpg'),(230,'assets/images/media/61706cd3b184b.jpg'),(231,'assets/images/media/61706ced803b6.jpg'),(232,'assets/images/media/61706dc155ba8.jpg'),(233,'assets/images/media/61706e18cb793.jpg'),(234,'assets/images/media/61706e68f2f66.jpg'),(235,'assets/images/media/617207ffdf90f.jpg'),(236,'assets/images/media/617872f2e5a96.jpg'),(237,'assets/images/media/617898645b2ca.jpg'),(238,'assets/images/media/61789896e68b6.jpg'),(239,'assets/images/media/617898bc08706.jpg'),(240,'assets/images/media/617898c7cbc99.jpg'),(241,'assets/images/media/617899288c1ec.jpg'),(242,'assets/images/media/617b42d78df3d.jpg'),(243,'assets/images/media/617b42e858e87.jpg'),(244,'assets/images/media/617b42f973350.jpg'),(245,'assets/images/media/617b431fa7ab9.jpg'),(246,'assets/images/media/617b433573604.jpg'),(247,'assets/images/media/617b437871d06.jpg'),(248,'assets/images/media/617b452de3712.jpeg'),(249,'assets/images/media/617c2e74eedd8.jpg'),(250,'assets/images/media/617c2e8326295.jpg'),(251,'assets/images/media/617c2f2709092.jpg'),(252,'assets/images/media/617c48b6f3e28.jpg'),(253,'assets/images/media/617c48c3908bc.jpg'),(254,'assets/images/media/617c48dc30699.jpg'),(255,'assets/images/media/617c49ae216d4.jpg'),(256,'assets/images/media/617c4a3ecce9e.jpg'),(257,'assets/images/media/617c4e58ea5fa.jpg'),(258,'assets/images/media/617c4f53aa2a6.jpg'),(259,'assets/images/media/617c4fcd15618.jpg'),(260,'assets/images/media/617c5045c3f1a.jpg'),(261,'assets/images/media/617c516a0a63e.jpg'),(262,'assets/images/media/617c51fc1b5a1.jpg'),(263,'assets/images/media/617c55cada567.jpg'),(264,'assets/images/media/617c63d564ff4.jpg'),(265,'assets/images/media/617c63d565826.jpg'),(266,'assets/images/media/617c63d566c65.jpg'),(267,'assets/images/media/617c63d567b43.jpg'),(268,'assets/images/media/617c63d56864c.jpg'),(269,'assets/images/media/617c643ad3097.jpeg'),(270,'assets/images/media/618179975984c.jpg'),(271,'assets/images/media/618179975a050.jpg'),(272,'assets/images/media/618179975a5e7.jpg'),(273,'assets/images/media/61817a9d2a35d.jpg'),(274,'assets/images/media/61833d571e1f9.jpg'),(275,'assets/images/media/6183e103e6610.jpg'),(276,'assets/images/media/6183e1f2c1cb6.jpg'),(277,'assets/images/media/6183e2d727d6d.jpg'),(278,'assets/images/media/61846b33a3702.jpg'),(279,'assets/images/media/61846b523578f.jpg'),(280,'assets/images/media/61846c8a563dd.jpg'),(281,'assets/images/media/61846c8a57688.jpg'),(282,'assets/images/media/61846cbdaf8c2.jpg'),(283,'assets/images/media/61846cbdb0317.png'),(284,'assets/images/media/61846e0b61129.jpeg'),(285,'assets/images/media/61846e3172724.jpeg'),(286,'assets/images/media/6185a02f54ba6.jpg'),(287,'assets/images/media/6185ac64e46ae.png'),(288,'assets/images/media/6185acb988adc.jpg'),(289,'assets/images/media/6185acc624b01.jpg'),(290,'assets/images/media/6185ace56ee0b.jpg'),(291,'assets/images/media/6185ad1585751.jpg'),(292,'assets/images/media/6185ad1586f48.jpg'),(293,'assets/images/media/6186b1477cc96.jpg'),(294,'assets/images/media/6186b1521a616.jpg'),(295,'assets/images/media/6186b15b35381.jpg'),(296,'assets/images/media/6186b161d7ca1.jpg'),(297,'assets/images/media/6186b18e296df.jpg'),(298,'assets/images/media/6186b18e29d4a.jpg'),(299,'assets/images/media/6186ed1075bef.jpg'),(300,'assets/images/media/6186ed10767b9.jpg'),(301,'assets/images/media/6186ed3f001a9.png'),(302,'assets/images/media/6186ed3f011c9.jpg'),(303,'assets/images/media/6186ed7208a16.jpg'),(304,'assets/images/media/6186ed720904d.jpg'),(305,'assets/images/media/6186f1a49dcf4.jpg'),(306,'assets/images/media/618ab6269976a.jpg'),(307,'assets/images/media/618ab63163608.jpg'),(308,'assets/images/media/618ab63ce48b6.jpg'),(309,'assets/images/media/618ab64cda23f.jpg'),(310,'assets/images/media/618ab660b195e.jpg'),(311,'assets/images/media/618ab6838b916.jpg'),(312,'assets/images/media/618af776340f1.jpg'),(313,'assets/images/media/618af78eb6947.jpg'),(314,'assets/images/media/618af7995c387.jpg'),(315,'assets/images/media/618af7b2ca80a.jpg'),(316,'assets/images/media/618af7da172f2.jpg'),(317,'assets/images/media/618b1210cb3d7.jpg'),(318,'assets/images/media/618b1210cbf3f.jpg'),(319,'assets/images/media/618b121cd6b6a.jpg'),(320,'assets/images/media/618b121cd7294.jpg'),(321,'assets/images/media/618b128b03771.jpg'),(322,'assets/images/media/618b128b03f12.jpg'),(323,'assets/images/media/618daf8fec4bb.jpg'),(324,'assets/images/media/618db045701c4.jpg'),(325,'assets/images/media/618db064c9b62.jpg'),(326,'assets/images/media/618db06ff1f15.jpg'),(327,'assets/images/media/618db09b38358.jpg'),(328,'assets/images/media/618db0a76fa36.jpg'),(329,'assets/images/media/618db0b94fd11.jpg'),(330,'assets/images/media/618ea3abdf98d.jpg'),(331,'assets/images/media/618ea3b73cb49.jpg'),(332,'assets/images/media/618ea3c36ceb0.jpg'),(333,'assets/images/media/618ea3d92b005.jpg'),(334,'assets/images/media/618ea3e81d28e.jpg'),(335,'assets/images/media/618ea3f357918.jpg'),(336,'assets/images/media/618ee4ab57bcb.JPG'),(337,'assets/images/media/618ee4b845fb8.jpg'),(338,'assets/images/media/618ee4c79bfb6.jpg'),(339,'assets/images/media/618ee4d1ca940.jpg'),(340,'assets/images/media/618ee4df1ef23.jpg'),(341,'assets/images/media/618ee4ea94edf.jpg'),(342,'assets/images/media/618ee56dcecb8.jpg'),(343,'assets/images/media/618ee57d4e5e7.jpg'),(344,'assets/images/media/61905eb2abd26.jpg'),(345,'assets/images/media/61958c352bcb2.jpg'),(346,'assets/images/media/61958c476a502.jpg'),(347,'assets/images/media/61958c59484cf.jpg'),(348,'assets/images/media/61958c5948e5c.jpg'),(349,'assets/images/media/61958c6243c21.jpg'),(350,'assets/images/media/61958c6abfb4b.jpg'),(351,'assets/images/media/6196cde7d6a71.jpg'),(352,'assets/images/media/6196cdf11955b.jpg'),(353,'assets/images/media/6196ce0fc3fd4.jpg'),(354,'assets/images/media/6196ce271bfdd.jpg'),(355,'assets/images/media/6196ce3a75a8b.jpg'),(356,'assets/images/media/6196ce3a76632.jpeg'),(357,'assets/images/media/6198094d6f10a.jpg'),(358,'assets/images/media/6198095acda86.jpg'),(359,'assets/images/media/6198098dc2823.jpg'),(360,'assets/images/media/619809b1a711e.jpg'),(361,'assets/images/media/619809c0ecd83.jpg'),(362,'assets/images/media/619809d54d19c.jpg'),(363,'assets/images/media/619977c25ed23.jpg'),(364,'assets/images/media/619977d1222ec.jpg'),(365,'assets/images/media/619977de1dbb1.jpg'),(366,'assets/images/media/619977ec96d34.jpg'),(367,'assets/images/media/6199781706e14.jpg'),(368,'assets/images/media/6199782c8a1d5.jpg'),(369,'assets/images/media/61a1520370ad3.jpg'),(370,'assets/images/media/61a152270d579.jpg'),(371,'assets/images/media/61a15241cd865.jpg'),(372,'assets/images/media/61a153a9daec2.jpg'),(373,'assets/images/media/61a153b91becd.jpg'),(374,'assets/images/media/61a153d108f80.jpg'),(375,'assets/images/media/61a154307523a.jpg'),(376,'assets/images/media/61a1543f892d7.jpg'),(377,'assets/images/media/61a16dde7fabc.jpg'),(378,'assets/images/media/61a16e138caa5.jpg'),(379,'assets/images/media/61a16e757e63f.jpg'),(380,'assets/images/media/61a16efead02e.jpg'),(381,'assets/images/media/61a16efeafc9a.jpg'),(382,'assets/images/media/61a16f0c930b0.jpg'),(383,'assets/images/media/61a16f160831a.jpg'),(384,'assets/images/media/61a16f2865a60.jpg'),(385,'assets/images/media/61a16f5b46678.jpg'),(386,'assets/images/media/61a16f5b47908.jpg'),(387,'assets/images/media/61a17bd15fd9a.jpg'),(388,'assets/images/media/61a17be66a1d5.jpg'),(389,'assets/images/media/61a17bf4dac8b.jpg'),(390,'assets/images/media/61a17c011bf53.jpg'),(391,'assets/images/media/61a17c268cdf0.jpg'),(392,'assets/images/media/61a17c3a54a3e.jpg'),(393,'assets/images/media/61a254c8023ed.jpeg'),(394,'assets/images/media/61a2557eb6b02.jpeg'),(395,'assets/images/media/61a276637b2f3.jpg'),(396,'assets/images/media/61a2767378d5e.jpg'),(397,'assets/images/media/61a2768a62268.jpg'),(398,'assets/images/media/61a29229ba846.jpg'),(399,'assets/images/media/61a292329b1a9.jpg'),(400,'assets/images/media/61a29239b70ec.jpg'),(401,'assets/images/media/61a29244b6a1b.jpg'),(402,'assets/images/media/61a292674f595.jpg'),(403,'assets/images/media/61a292cf41e6f.jpg'),(404,'assets/images/media/61a7b4cc66b10.jpg'),(405,'assets/images/media/61a7b4d62e90b.jpg'),(406,'assets/images/media/61a7b4e1415e1.jpg'),(407,'assets/images/media/61a7b4ebd7e8f.jpg'),(408,'assets/images/media/61a7b50dc4190.jpg'),(409,'assets/images/media/61a7b51753b05.jpg'),(410,'assets/images/media/61a7e822c11ab.jpg'),(411,'assets/images/media/61a7e8314f14f.jpg'),(412,'assets/images/media/61a7e83d89cf9.jpg'),(413,'assets/images/media/61a7e857779e6.jpg'),(414,'assets/images/media/61a7e85778212.jpg'),(415,'assets/images/media/61a7e865d01ad.jpg'),(416,'assets/images/media/61a80f8eceed0.jpg'),(417,'assets/images/media/61a80fb06a8f8.jpg'),(418,'assets/images/media/61a80fb06b56e.jpg'),(419,'assets/images/media/61a80fe393c9f.jpg'),(420,'assets/images/media/61a80ff9cd3d9.jpg'),(421,'assets/images/media/61a8101fa4479.jpg'),(422,'assets/images/media/61a93ab2b9325.jpg'),(423,'assets/images/media/61a93acff0d40.jpg'),(424,'assets/images/media/61a93bca8fbb3.jpg'),(425,'assets/images/media/61afbee0615b7.jpg'),(426,'assets/images/media/61afbee061fe3.jpg'),(427,'assets/images/media/61afbee062497.jpg'),(428,'assets/images/media/61afbf189c9f2.jpg'),(429,'assets/images/media/61afbfde4a960.jpg'),(430,'assets/images/media/61afbfe5a747e.jpg'),(431,'assets/images/media/61afbff14c09f.jpg'),(432,'assets/images/media/61b2cec0deeed.jpg'),(433,'assets/images/media/61b3ef27c985f.jpeg'),(434,'assets/images/media/61b3ef27ca1de.jpeg'),(435,'assets/images/media/61b4b40632059.jpg'),(436,'assets/images/media/61b4b4113e056.jpg'),(437,'assets/images/media/61b4b418a106f.jpg'),(438,'assets/images/media/61b4b423ecdb7.jpg'),(439,'assets/images/media/61b4b47f93793.jpg'),(440,'assets/images/media/61b4b48de9b24.jpg'),(441,'assets/images/media/61b5045183c96.jpg'),(442,'assets/images/media/61b50458e21ac.jpg'),(443,'assets/images/media/61b504649262d.JPG'),(444,'assets/images/media/61b50483814ff.jpg'),(445,'assets/images/media/61b5048381d5f.jpg'),(446,'assets/images/media/61b504944cffc.jpg'),(447,'assets/images/media/61b5433d3978c.jpg'),(448,'assets/images/media/61b54349209d9.jpg'),(449,'assets/images/media/61b54359a81d5.jpg'),(450,'assets/images/media/61b5436cca4f4.jpg'),(451,'assets/images/media/61b543788f4ef.jpg'),(452,'assets/images/media/61b5438fb6e68.jpg'),(453,'assets/images/media/61b54e460383e.png'),(454,'assets/images/media/61ba6fb09de18.jpg'),(455,'assets/images/media/61ba6fb9df6ee.jpg'),(456,'assets/images/media/61ba6fc3e1420.jpg'),(457,'assets/images/media/61ba6fd6050a7.jpg'),(458,'assets/images/media/61ba6fe7e9ad4.jpg'),(459,'assets/images/media/61ba6ff63c451.jpg'),(460,'assets/images/media/61c3af6ee20e9.jpg'),(461,'assets/images/media/61c3afb1e2e59.jpg'),(462,'assets/images/media/61c3b4c368f52.jpg'),(463,'assets/images/media/61c3b5c4bfebd.jpg'),(464,'assets/images/media/61c3b5d296783.jpg'),(465,'assets/images/media/61c3b5e493e34.jpg'),(466,'assets/images/media/61c4ea6b19376.jpg'),(467,'assets/images/media/61c4ea732db76.jpg'),(468,'assets/images/media/61c4ea7ac6c31.jpg'),(469,'assets/images/media/61c4ea81da388.jpg'),(470,'assets/images/media/61c4ea8b7a66b.jpg'),(471,'assets/images/media/61c4eaa2bd7aa.jpg'),(472,'assets/images/media/61c4ff5147f76.jpg'),(473,'assets/images/media/61c4ff596f54f.jpg'),(474,'assets/images/media/61c4ff645f312.jpg'),(475,'assets/images/media/61c4ff6e10ed8.jpg'),(476,'assets/images/media/61c4ff7ebab91.png'),(477,'assets/images/media/61c4ff89e93cb.jpg'),(478,'assets/images/media/61cb3d4992e82.jpg'),(479,'assets/images/media/61cb3d49937c2.jpg'),(480,'assets/images/media/61cb3d4993d56.jpg'),(481,'assets/images/media/61cb3dd5b7d58.jpg'),(482,'assets/images/media/61cb3dd5b8c60.jpg'),(483,'assets/images/media/61cca72466a58.jpg'),(484,'assets/images/media/61cca7246745a.jpg'),(485,'assets/images/media/61cca72e25345.jpg'),(486,'assets/images/media/61cca73c437cf.jpg'),(487,'assets/images/media/61e342d319083.jpg'),(488,'assets/images/media/61eca867e31bf.jpg'),(489,'assets/images/media/61eca867e3939.jpg'),(490,'assets/images/media/61eca8731134f.jpeg'),(491,'assets/images/media/61ef0578cc110.gif'),(492,'assets/images/media/61ef25b4c9f90.jpg'),(493,'assets/images/media/61ef25c02ff4f.jpg'),(494,'assets/images/media/61ef25c0350d2.jpg'),(495,'assets/images/media/61ef25d2d67b5.jpg'),(496,'assets/images/media/61ef25d2d7427.jpg'),(497,'assets/images/media/61ef25ee64656.jpg'),(498,'assets/images/media/6202962aa09c2.jpg'),(499,'assets/images/media/62029659b3d78.jpg'),(500,'assets/images/media/620296a4a8ba7.jpg'),(501,'assets/images/media/62031f2acae50.jpg'),(502,'assets/images/media/62031f34efa22.jpg'),(503,'assets/images/media/62031f42d678a.jpg'),(504,'assets/images/media/62031f4b333ee.jpg'),(505,'assets/images/media/62031f57e6db2.jpg'),(506,'assets/images/media/62031f6020bc0.jpg'),(507,'assets/images/media/6205939e7f7ec.jpeg'),(508,'assets/images/media/620593a5e2352.jpeg'),(509,'assets/images/media/620593ac7d7f1.jpeg'),(510,'assets/images/media/620593b285212.jpeg'),(511,'assets/images/media/620593c038459.jpeg'),(512,'assets/images/media/6205bc2ad0d38.jpeg'),(513,'assets/images/media/620698c7ceffd.jpg'),(514,'assets/images/media/622946b6de0a6.jpg'),(515,'assets/images/media/622946c1d99ac.jpg'),(516,'assets/images/media/623a4d99282db.jpg'),(517,'assets/images/media/623dec5be77c3.jpg'),(518,'assets/images/media/623dec5be80eb.jpg'),(519,'assets/images/media/623dec5be869f.jpg'),(520,'assets/images/media/623ded086d42a.jpg'),(521,'assets/images/media/62506d95d838e.jpg'),(522,'assets/images/media/62506de4d00b4.jpg'),(523,'assets/images/media/625071ab067c3.jpg'),(524,'assets/images/media/625087a573dad.jpg'),(525,'assets/images/media/625087b8da788.jpg'),(526,'assets/images/media/625087c5e2e09.jpg'),(527,'assets/images/media/6250c0e31d80b.jpeg'),(528,'assets/images/media/6250c0fb1c6a0.jpeg'),(529,'assets/images/media/6250c1b6b8050.jpeg'),(530,'assets/images/media/6250c1d9bce89.jpeg'),(531,'assets/images/media/6250c1e71e6ac.jpeg'),(532,'assets/images/media/6250c29be0e75.jpeg'),(533,'assets/images/media/6289326218218.png'),(534,'assets/images/media/628c084511f6c.jpg'),(535,'assets/images/media/629962cb02de1.jpeg'),(536,'assets/images/media/62996309553a8.jpeg'),(537,'assets/images/media/6299630955b58.jpeg'),(538,'assets/images/media/6299630956292.jpeg'),(539,'assets/images/media/629963095680f.jpeg'),(540,'assets/images/media/6299630956c5c.jpeg'),(541,'assets/images/media/6299663a8909e.png'),(542,'assets/images/media/629967d05c5e3.png'),(543,'assets/images/media/629969b238638.jpg'),(544,'assets/images/media/62996b6c92c99.jpg'),(545,'assets/images/media/62996c23b3857.jpg'),(546,'assets/images/media/62996d29ca5bc.jpg'),(547,'assets/images/media/62996e314c427.jpg'),(548,'assets/images/media/62996eff86305.jpg'),(549,'assets/images/media/6299701c25a3c.jpg'),(550,'assets/images/media/62998743996fb.jpg'),(551,'assets/images/media/629e8375bdb89.jpg'),(552,'assets/images/media/629e8516481cd.jpg'),(553,'assets/images/media/62a3b76e1700e.jpg'),(554,'assets/images/media/62a3b8e5f2853.jpg'),(555,'assets/images/media/62a3baab4b495.jpg'),(556,'assets/images/media/62a3c026c10a4.jpg'),(557,'assets/images/media/62a3c17f25fc3.jpg'),(558,'assets/images/media/62a3c233f185e.jpg'),(559,'assets/images/media/62a3c338bfaa0.jpg'),(560,'assets/images/media/62a3c3a298780.jpg'),(561,'assets/images/media/62a3c4f46bd0b.jpg'),(562,'assets/images/media/62a3c556aa1a7.jpg'),(563,'assets/images/media/62a3c5b5324d9.jpg'),(564,'assets/images/media/62a3c611b2a14.jpg'),(565,'assets/images/media/62a3c69a2aeca.jpg'),(566,'assets/images/media/62a3c6e53fb25.jpg'),(567,'assets/images/media/62a7d68f17b04.jpg'),(568,'assets/images/media/62a7d74f3f1b8.jpg'),(569,'assets/images/media/62a7d7b307721.jpg'),(570,'assets/images/media/62a7d91ccadf3.jpg'),(571,'assets/images/media/62a7d9b82195c.jpg'),(572,'assets/images/media/62a7da2d8a8c8.jpg'),(573,'assets/images/media/62a7da81cb52b.jpg'),(574,'assets/images/media/62a7dd20e011d.jpg'),(575,'assets/images/media/62a7dddd86b4e.jpg'),(576,'assets/images/media/62ac0924729e8.jpg'),(577,'assets/images/media/62ac097a85897.jpg'),(578,'assets/images/media/62ac09e9a2067.jpg'),(579,'assets/images/media/62ac0ae602058.jpg'),(580,'assets/images/media/62ac0c254cfbc.jpg'),(581,'assets/images/media/62ac0c8300cee.jpg'),(582,'assets/images/media/62ac0d02e5a2c.jpeg'),(583,'assets/images/media/62ac0d198ce5a.jpg'),(584,'assets/images/media/62b3b32347460.jpg'),(585,'assets/images/media/62b3b34937a01.jpg'),(586,'assets/images/media/62b3b37bbea10.jpg'),(587,'assets/images/media/62b3b3b308a02.jpg'),(588,'assets/images/media/62b3b3de8c22e.jpg'),(589,'assets/images/media/62b3b43f52637.jpg'),(590,'assets/images/media/62b4a72e8fc02.jpeg'),(591,'assets/images/media/62b4a93527a41.jpeg'),(592,'assets/images/media/62b4d2cb8a6f3.jpg'),(593,'assets/images/media/62b4d2ece1c6b.jpg'),(594,'assets/images/media/62b4d3020c4d9.jpg'),(595,'assets/images/media/62b4d313e6af3.jpg'),(596,'assets/images/media/62b4d356d0800.jpg'),(597,'assets/images/media/62b4d36f51e6f.jpg'),(598,'assets/images/media/62b4d3e48f23d.jpg'),(599,'assets/images/media/6316ce424f77a.png');
/*!40000 ALTER TABLE `media` ENABLE KEYS */;
UNLOCK TABLES;

--
-- Table structure for table `media_servicio`
--

DROP TABLE IF EXISTS `media_servicio`;
/*!40101 SET @saved_cs_client     = @@character_set_client */;
/*!40101 SET character_set_client = utf8 */;
CREATE TABLE `media_servicio` (
  `id_media_servicio` int(11) NOT NULL AUTO_INCREMENT,
  `id_media` int(11) NOT NULL,
  `id_servicio` int(11) NOT NULL,
  PRIMARY KEY (`id_media_servicio`),
  KEY `id_media` (`id_media`),
  KEY `id_servicio` (`id_servicio`),
  CONSTRAINT `media_servicio_ibfk_1` FOREIGN KEY (`id_media`) REFERENCES `media` (`id_media`) ON DELETE CASCADE ON UPDATE CASCADE,
  CONSTRAINT `media_servicio_ibfk_2` FOREIGN KEY (`id_servicio`) REFERENCES `servicios` (`id_servicio`) ON DELETE CASCADE ON UPDATE CASCADE
) ENGINE=InnoDB AUTO_INCREMENT=550 DEFAULT CHARSET=utf8;
/*!40101 SET character_set_client = @saved_cs_client */;

--
-- Dumping data for table `media_servicio`
--

LOCK TABLES `media_servicio` WRITE;
/*!40000 ALTER TABLE `media_servicio` DISABLE KEYS */;
INSERT INTO `media_servicio` VALUES (1,50,220),(2,51,220),(3,52,220),(4,53,220),(6,55,140),(7,56,220),(12,61,112),(15,65,220),(16,66,203),(21,71,140),(29,79,29),(32,82,203),(33,83,203),(34,84,203),(35,85,203),(40,90,29),(41,91,29),(42,92,29),(43,93,211),(44,94,211),(47,97,211),(48,98,220),(50,100,217),(51,101,217),(52,102,217),(53,103,217),(54,104,217),(55,105,135),(56,106,135),(58,108,135),(59,109,135),(61,111,65),(62,112,65),(63,113,65),(64,114,65),(65,115,65),(71,121,107),(72,122,107),(74,124,107),(75,125,107),(76,126,107),(78,128,101),(79,129,101),(80,130,101),(81,131,92),(82,132,92),(83,133,92),(84,134,92),(85,135,92),(91,141,112),(93,143,180),(99,149,211),(100,150,211),(102,152,219),(103,153,219),(104,154,219),(106,156,219),(107,157,219),(109,159,169),(117,167,121),(118,168,121),(119,169,121),(120,170,121),(121,171,121),(122,172,28),(123,173,28),(124,174,28),(125,175,28),(126,176,28),(128,178,74),(130,180,74),(132,182,74),(133,183,74),(134,184,74),(135,185,134),(137,187,134),(139,189,134),(140,190,161),(141,191,161),(142,192,161),(143,193,33),(145,195,33),(147,197,33),(148,198,141),(149,199,141),(150,200,141),(151,201,141),(152,202,141),(154,204,154),(155,205,154),(156,206,154),(157,207,154),(158,208,154),(159,209,149),(160,210,149),(161,211,149),(162,212,149),(163,213,149),(171,221,135),(172,222,135),(178,228,169),(185,235,154),(186,236,233),(187,237,233),(188,238,233),(189,239,233),(190,240,233),(191,241,233),(192,242,11),(193,243,11),(194,244,11),(195,245,11),(196,246,11),(198,248,11),(199,249,101),(200,250,101),(201,251,101),(204,254,175),(206,256,175),(207,257,175),(208,258,175),(209,259,175),(210,260,175),(211,261,29),(212,262,29),(214,264,178),(215,265,178),(216,266,178),(217,267,178),(218,268,178),(219,269,178),(220,270,112),(221,271,112),(222,272,112),(223,273,112),(228,278,53),(229,279,53),(230,280,53),(232,282,53),(233,283,53),(234,284,53),(237,287,73),(238,288,73),(239,289,73),(240,290,73),(241,291,73),(242,292,73),(243,293,108),(244,294,108),(245,295,108),(246,296,108),(247,297,108),(248,298,108),(249,299,192),(250,300,192),(251,301,192),(252,302,192),(253,303,192),(254,304,192),(255,305,248),(256,306,115),(257,307,115),(258,308,115),(259,309,115),(260,310,115),(261,311,115),(262,312,14),(263,313,14),(264,314,14),(265,315,14),(266,316,14),(267,317,38),(268,318,38),(269,319,38),(270,320,38),(271,321,38),(272,322,38),(274,324,15),(275,325,15),(276,326,15),(277,327,15),(278,328,15),(279,329,15),(280,330,120),(281,331,120),(282,332,120),(283,333,120),(284,334,120),(285,335,120),(286,336,39),(287,337,39),(288,338,39),(291,341,39),(292,342,39),(293,343,39),(294,344,229),(295,345,12),(296,346,12),(297,347,12),(298,348,12),(299,349,12),(300,350,12),(301,351,267),(303,353,267),(304,354,267),(305,355,267),(307,357,159),(309,359,159),(310,360,159),(313,363,127),(314,364,127),(315,365,127),(316,366,127),(317,367,127),(318,368,127),(320,370,24),(321,371,24),(322,372,24),(323,373,24),(324,374,24),(325,375,24),(327,377,25),(329,379,25),(331,381,25),(332,382,25),(334,384,25),(336,386,25),(337,387,19),(338,388,19),(339,389,19),(340,390,19),(341,391,19),(342,392,19),(345,395,43),(346,396,43),(347,397,43),(348,398,52),(349,399,52),(350,400,52),(351,401,52),(352,402,52),(353,403,52),(354,404,20),(355,405,20),(356,406,20),(359,409,20),(360,410,22),(361,411,22),(362,412,22),(363,413,22),(364,414,22),(365,415,22),(367,417,36),(368,418,36),(369,419,36),(370,420,36),(371,421,36),(372,422,279),(373,423,279),(374,424,279),(376,426,54),(377,427,54),(378,428,54),(379,429,54),(380,430,54),(381,431,54),(383,433,20),(384,434,20),(385,435,23),(386,436,23),(387,437,23),(388,438,23),(389,439,23),(390,440,23),(391,441,27),(392,442,27),(393,443,27),(394,444,27),(395,445,27),(396,446,27),(397,447,17),(398,448,17),(399,449,17),(400,450,17),(401,451,17),(402,452,17),(403,453,17),(404,454,194),(405,455,194),(406,456,194),(407,457,194),(408,458,194),(409,459,194),(416,466,16),(417,467,16),(418,468,16),(419,469,16),(420,470,16),(421,471,16),(422,472,34),(423,473,34),(424,474,34),(425,475,34),(426,476,34),(428,478,45),(429,479,45),(430,480,45),(431,481,45),(432,482,45),(433,483,96),(434,484,96),(435,485,96),(436,486,96),(437,487,267),(438,488,203),(439,489,203),(441,491,301),(442,492,302),(443,493,302),(444,494,302),(445,495,302),(446,496,302),(447,497,302),(448,498,159),(449,499,159),(450,500,159),(451,501,40),(452,502,40),(453,503,40),(454,504,40),(455,505,40),(456,506,40),(457,507,93),(458,508,93),(459,509,93),(460,510,93),(461,511,93),(462,512,93),(463,513,267),(464,514,159),(465,515,159),(466,516,159),(467,517,305),(468,518,305),(469,519,305),(470,520,305),(472,522,34),(473,523,70),(474,524,70),(475,525,70),(476,526,70),(482,532,112),(484,534,134),(492,542,206),(493,543,206),(495,545,206),(497,547,206),(499,549,206),(500,550,206),(501,551,140),(502,552,169),(507,557,180),(508,558,180),(509,559,180),(510,560,180),(516,566,180),(517,567,99),(520,570,99),(521,571,99),(522,572,99),(523,573,99),(525,575,99),(526,576,182),(527,577,182),(528,578,182),(530,580,182),(531,581,182),(533,583,182),(534,584,129),(535,585,129),(536,586,129),(537,587,129),(539,589,129),(540,590,21),(541,591,307),(542,592,290),(543,593,290),(546,596,290),(547,597,290),(548,598,290),(549,599,180);
/*!40000 ALTER TABLE `media_servicio` ENABLE KEYS */;
UNLOCK TABLES;

--
-- Table structure for table `modalidades_actividades`
--

DROP TABLE IF EXISTS `modalidades_actividades`;
/*!40101 SET @saved_cs_client     = @@character_set_client */;
/*!40101 SET character_set_client = utf8 */;
CREATE TABLE `modalidades_actividades` (
  `id_modalidad` int(11) NOT NULL AUTO_INCREMENT,
  `id_actividad` int(11) DEFAULT NULL,
  `modalidad` text DEFAULT NULL,
  `descripcion` text DEFAULT NULL,
  `edad_min_ninos` int(11) DEFAULT NULL,
  `edad_max_ninos` int(11) DEFAULT NULL,
  `estado` int(11) DEFAULT NULL,
  `img` text DEFAULT NULL,
  `incluye` text DEFAULT NULL,
  `no_incluye` text DEFAULT NULL,
  `datos_voucher` text DEFAULT NULL,
  `incluye_voucher` text DEFAULT NULL,
  `no_incluye_voucher` text DEFAULT NULL,
  `orden` int(11) DEFAULT NULL,
  `id_grupo_modalidad` int(11) DEFAULT NULL,
  PRIMARY KEY (`id_modalidad`),
  KEY `id_actividad` (`id_actividad`),
  KEY `grupo_modalidad_key_idx` (`id_grupo_modalidad`),
  CONSTRAINT `grupo_modalidad_key` FOREIGN KEY (`id_grupo_modalidad`) REFERENCES `grupos_modalidades` (`id_grupo_modalidad`) ON DELETE NO ACTION ON UPDATE NO ACTION,
  CONSTRAINT `modalidades_actividades_ibfk_1` FOREIGN KEY (`id_actividad`) REFERENCES `actividades` (`id_actividad`) ON DELETE SET NULL ON UPDATE CASCADE
) ENGINE=InnoDB AUTO_INCREMENT=314 DEFAULT CHARSET=utf8;
/*!40101 SET character_set_client = @saved_cs_client */;

--
-- Dumping data for table `modalidades_actividades`
--

LOCK TABLES `modalidades_actividades` WRITE;
/*!40000 ALTER TABLE `modalidades_actividades` DISABLE KEYS */;
INSERT INTO `modalidades_actividades` VALUES (1,1,'Islas del Rosario, Playa Blanca Barú en Yate Alcatraz','Descripción',2,12,0,'assets/images/default.jpg',NULL,NULL,NULL,NULL,NULL,NULL,NULL),(2,2,'Salento Valle del  Cocora','Descripción',0,0,1,'assets/images/default.jpg',NULL,NULL,NULL,NULL,NULL,NULL,NULL),(3,3,'Balsaje por el Rio la Vieja','Descripción',0,0,0,'assets/images/default.jpg',NULL,NULL,NULL,NULL,NULL,NULL,NULL),(4,4,'Termales Coconuco','Descripción',0,0,1,'assets/images/default.jpg',NULL,NULL,NULL,NULL,NULL,NULL,NULL),(5,5,'Termales San Vicente','Descripción',0,0,1,'assets/images/default.jpg',NULL,NULL,NULL,NULL,NULL,NULL,NULL),(6,6,'Termales Santa Rosa','Descripción',0,0,1,'assets/images/default.jpg',NULL,NULL,NULL,NULL,NULL,NULL,NULL),(7,7,'Pasadia San Cipriano','Descripción',2,10,1,'assets/images/default.jpg',NULL,NULL,NULL,NULL,NULL,NULL,NULL),(8,8,'Tour desde Santa Marta a Cartagena, City Tour con Castillo','Descripción',2,11,1,'assets/images/default.jpg',NULL,NULL,NULL,NULL,NULL,NULL,NULL),(9,9,'Visita la Espectacular Guajira y Cabo de la Vela','Descripción',4,10,1,'assets/images/default.jpg',NULL,NULL,NULL,NULL,NULL,NULL,NULL),(10,10,'City Tour con Entradas en  Santa Marta','Descripción',2,10,1,'assets/images/default.jpg',NULL,NULL,NULL,NULL,NULL,NULL,NULL),(11,11,'Pasadía en Playa Blanca sin almuerzo Con Entrada al Acuario ','<p>En esta modalidad tienes el ingreso al Acuario durante 2 horas aproximadamente para disfrutar del show de delfines, contamos con&nbsp; peceras, exhibici&oacute;n de diferentes especies marinas entre ellas tortugas, meros y much&iacute;simas especies m&aacute;s.</p>\n<p>Luego nos dirigimos a tan solo unos 10 minutos hacia Playa Blanca donde podras difrutar del sol y el mar, no tienes incluido el almuerzo, nuestro pasadia sera de 8:30 am a 3:00 pm.&nbsp;</p>\n<p><strong>Las lanchas salen desde las 8.30 am cada media hora y el regreso es 2.00 pm, 3.00 pm y&nbsp; 4.00 pm.</strong></p>',2,4,1,'assets/images/media/617b3610361cf.jpg','<ul>\n<li>Traslado en lancha hasta el Acuario y&nbsp; Playa Blanca</li>\n<li>Ingreso al Acuario y sus shows</li>\n<li>Observacion de diferentes especies marinas</li>\n<li>Show de delfines</li>\n<li>Museo Ospina Navia y Museo Tayrona</li>\n<li>Pasadia en Playa Blanca</li>\n</ul>','<ul>\n<li>Almuerzo</li>\n<li>Seguro 5000 cop/ 2 us (Ni&ntilde;os de 0 a 2 a&ntilde;os)</li>\n</ul>','<p>Presentarse en la Cra 1 N&deg;7-69 Edificio Fuentemar a partir de las <strong>8.30 am</strong> (PREVIA CONFIRMACION CON JET SET VIAJES)</p>\n<p><strong>Las lanchas salen desde las 8.30 am cada media hora y el regreso es 1.30, 3.00 y 4.00 pm</strong></p>\n<p>&nbsp;</p>','<p>*Ingreso al Acuario *Museo Ospina Navia *Museo Tayrona *Traslado en lancha *Pasadia en Playa Blanca&nbsp;</p>','<ul>\n<li>Almuerzo</li>\n<li>Seguro 5000 cop/ 2 us (Ni&ntilde;os de 0 a 2 a&ntilde;os)</li>\n</ul>',NULL,NULL),(12,12,'Tayrona, Cañaveral, Arrecifes y Cabo San Juan','<p>Recorrido en vehiculo climatizado hasta Parque Tayrona, llegamos al sector de Cabo San Juan despues de recorrer varias playas durante unas 2 horas de trayecto.</p>\n<p>Podemos hacer el recorrido caminando por exuberantes playas y caminos boscosos o escoger ir a caballo pagando a los indigenas alla en destino, al llegar a la ultima playa podemos disfrutar de un delicioso almuerzo tipico, nuestro pasadia sera de 7:00 am a 4:00 pm.&nbsp;</p>',4,10,0,'assets/images/media/61959315643d1.jpg','<ul>\n<li>Traslado en vehiculo climatizado desde el hotel (zona El Rodadero, Pozos Colorados y Centro)</li>\n<li>Entrada al Parque Tayrona</li>\n<li>Caminata ecologica</li>\n<li>Pasadia en Cabo San Juan</li>\n</ul>','<ul>\n<li>Almuerzo</li>\n<li>Impuesto de extranjer&iacute;a $40.000/13 US</li>\n<li>Seguro de accidentes $5.000/2 us</li>\n</ul>','<p>Te pasamos a buscar al hotel de acuerdo a horario acordado, (zona El Rodadero, Pozos Colorados y Centro)<br />(PREVIA CONFIRMACION CON JET SET VIAJES)</p>','<p>*Traslado desde y hacia el hotel (Aplican restricciones) *Entrada al Parque Tayrona</p>','<ul>\n<li>Almuerzo</li>\n<li>Impuesto de extranjer&iacute;a $40.000/13 US</li>\n<li>Seguro de accidentes $5.000/2 us</li>\n</ul>',NULL,NULL),(13,13,'Tayrona, el  Enigmatico Pueblito Chayrama','Descripción',2,11,0,'assets/images/default.jpg',NULL,NULL,NULL,NULL,NULL,NULL,NULL),(14,14,'Tour a Taganga y Playa Grande','<p>En esta modalidad recorremos unos 50 minutos aproximadamente en vehiculo climatizado hasta llegar a Taganga, tomamos una lancha que nos lleva a Playa Grande para disfrutar de actividades maritimas, sol y playa.</p>\n<p>Tenemos delicioso almuerzo tipico incluido.</p>\n<p>Luego nos dirigimos al mirador de Taganga para disfrutar del atardecer, nuestro pasadia sera de 8:00 am a 4:00 pm.&nbsp;</p>',4,10,0,'assets/images/media/618af4681e517.jpg','<ul>\n<li>Traslado en vehiculo climatizado desde el hotel (zona El Rodadero, Pozos Colorados y Centro)</li>\n<li>Traslado en lancha hasta Playa Grande</li>\n<li>Pasadia en Playa Grande</li>\n<li>Almuerzo en Playa Grande</li>\n</ul>','<ul>\n<li>Seguro 5000 cop/ 2 us (Ni&ntilde;os de 0 a 2 a&ntilde;os)</li>\n<li>Gastos no especificados</li>\n</ul>','<p>Te pasamos a buscar al hotel de 8.40 a 9.20 am, (zona El Rodadero, Pozos Colorados y Centro)<br />(PREVIA CONFIRMACION CON JET SET VIAJES)</p>','<p>*Traslado desde y hacia el hotel (Aplican restricciones) *Traslado en lancha hasta Playa Grande *Pasadia en Playa Grande *Almuerzo en Playa Grande</p>','<ul>\n<li>Gastos no especificados</li>\n</ul>',NULL,NULL),(15,15,'Tayrona, Tour Bahía Concha','<p>Recorrido hasta la primera playa del Tayrona en comodos vehiculos podras disfrutar de un bello recorrido panoramico por la ciudad de Santa Marta. LLegamos a Bahia Concha para disfrutar del hermoso paisaje y almorzar un exquisito plato tipico frente al mar para descansar de tu rutina diaria, nuestro pasadia sera de 8:00 am a 4:00 pm.&nbsp;</p>',4,10,0,'assets/images/media/618dafa9e78b0.jpg','<ul>\n<li>Traslado en vehiculo climatizado desde el hotel (zona El Rodadero, Pozos Colorados y Centro)</li>\n<li>Traslado en lancha hasta Bahia Concha</li>\n<li>Pasadia en Bahia Concha</li>\n</ul>','<ul>\n<li>Almuerzo</li>\n<li>Gastos no especificados</li>\n<li>Snorkel</li>\n</ul>','<p>Te pasamos a buscar al hotel de acuerdo a horario acordado, (zona El Rodadero, Pozos Colorados y Centro)<br />(PREVIA CONFIRMACION CON JET SET VIAJES)</p>','<p>*Traslado desde y hacia el hotel (Aplican restricciones) *Pasadia en Bahia Concha&nbsp;</p>','<ul>\n<li>Almuerzo&nbsp;</li>\n<li>Carpas</li>\n<li>Snorkel</li>\n</ul>',NULL,NULL),(16,16,'Tour a Guatape y el Peñol ','<p>En esta modalidad te llevamos desde un punto de partida hasta la Piedra del Pe&ntilde;ol para que puedas escalar hasta la cima y disfrutar de esa espectacular panoramica (no incluye el valor de la subida, luego llegaremos al pueblo de Guatape para recorrer sus hermosas calles, almorzar y realizar un recorrido por la laguna en barco o ferry por 50 minutos aproxiamadamente, nuestro pasadia sera de 7:00 am a 7:00 pm aproximadamente.</p>\n<p>Sitios de abordaje:</p>\n<p><strong><a href=\"https://bit.ly/PARQUE_EL_POBLADO\" target=\"_blank\" rel=\"noopener\">https://bit.ly/PARQUE_EL_POBLADO</a></strong></p>\n<p><strong><a href=\"https://bit.ly/ESTACION_ESTADIO\" target=\"_blank\" rel=\"noopener\">https://bit.ly/ESTACION_ESTADIO</a></strong></p>\n<p>&nbsp;</p>',3,10,0,'assets/images/media/61c4e98253fdd.jpg','<ul>\n<li>Traslado en vehiculo turistico desde 3 puntos diferentes</li>\n<li style=\"text-align: left;\">Visita a la Piedra del Pe&ntilde;ol</li>\n<li style=\"text-align: left;\">Visita a la r&eacute;plica del viejo Pe&ntilde;ol</li>\n<li style=\"text-align: left;\">Recorrido por la laguna de Guatape&nbsp;</li>\n<li style=\"text-align: left;\">Almuerzo en Pueblo de Guatape</li>\n<li style=\"text-align: left;\">Visita a tiendas artesanales (Plazoleta de los Z&oacute;calos)</li>\n<li style=\"text-align: left;\">Seguro durante el recorrido</li>\n</ul>','<ul>\n<li>Gastos no especificados</li>\n</ul>','<p>Presentarse en uno de estos puntos: *<label class=\"switch switch-success switch-round margin-top-20\"><strong>Parque del Poblado 7:00 am</strong> *<label class=\"switch switch-success switch-round margin-top-20\"><strong>Estaci&oacute;n Estadio 7:30 am *</strong><label class=\"switch switch-success switch-round margin-top-20\"><strong>C&aacute;mara de Comercio Av Oriental 8:00 am&nbsp;</strong> </label></label></label>(PREVIA CONFIRMACION CON JET SET VIAJES)</p>','<p>*Traslado en vehiculo turistico desde un punto de encuentro *Visita a la Piedra del Pe&ntilde;ol *Recorrido por la laguna de Guatape&nbsp; *<label class=\"switch switch-success switch-round margin-top-20\">Almuerzo en Guatape *</label>Visita a tiendas artesanales (Plazoleta de los Z&oacute;calos) *Seguro durante el recorrido</p>','<ul>\n<li>Subida a la Piedra del Pe&ntilde;ol 20.000 cop/6 us Opcional</li>\n</ul>',NULL,NULL),(17,17,'Cabalgata en la Playa ','<p>En esta modalidad realizamos un recorrido por zona rural hasta la Tom Hooker, all&iacute; vamos a entrar a la playa y luego hasta el hotel Decameron de San Luis, salimos a la carretera principal y seguiremos hasta el punto de partida, nuestra actividad sera de Lunes a Viernes de 5:00 pm a 6:00 pm&nbsp;</p>\n<p>La actividad dura 1 hora aproximadamente.</p>',2,10,0,'assets/images/media/61b5417f64187.jpg','<ul>\n<li>Cabalgata por 1 hora&nbsp;</li>\n<li>Asistencia medica</li>\n<li>Instructor durante la actividad</li>\n</ul>','<ul>\n<li>Traslado del hotel a las pesebreras&nbsp;</li>\n<li>Gastos no especificados</li>\n</ul>','<p>Presentarse en el <strong>San Luis sector Sound Bay, </strong>al frente del restaurante D&Oacute;NDE FRANCESCA.<strong> </strong>(PREVIA CONFIRMACION CON JET SET VIAJES)</p>','<p>*Cabalgata por 1 hora *Asistencia medica *Instructor durante la actividad</p>','<ul>\n<li>Traslado del hotel a las pesebreras&nbsp;</li>\n<li>Gastos no especificados</li>\n</ul>',NULL,NULL),(18,18,'Acuario, Mantarayas y Manglares','Descripción',2,10,1,'assets/images/default.jpg',NULL,NULL,NULL,NULL,NULL,NULL,NULL),(19,19,'Vive el Tour al Acuario y Johnny Cay','<p>Nuestro recorrido empieza en la ma&ntilde;ana hacia el cayo acuario,&nbsp; un acuario natural donde disfrutaremos del sol y la playa ademas de la observacion de peces sumergiendonos con caretas o snorkel a pocos metros de profundidad, luego de hora y media nos dirigimos a Johnny Cay, otro maravilloso islote donde podemos&nbsp; almuerzar con pescado o puedes tomar cocteles tipicos del caribe, nuestro pasadia sera de 10:00 am a 3:30 pm.&nbsp;</p>\n<p>El trayecto hacia Johnny Cay es corto y bajo condiciones atmosf&eacute;ricas normales es un recorrido un poco movido consultar restricciones para adultos mayores y mujeres embarazadas</p>',2,10,0,'assets/images/media/61a17a486ae2e.jpg','<ul>\n<li>Traslado en lancha hasta el acuario</li>\n<li>Traslado en lancha hasta Johnny Cay</li>\n</ul>','<ul>\n<li>Traslado al Muelle</li>\n<li>Almuerzo</li>\n<li>Impuesto coralina 15.000 cop/ 5 us</li>\n</ul>','<p>Presentarse en el Muelle <strong>Casa de La Cultura</strong> a las<strong> 9.15 am </strong>Preguntar por<strong> Willie&nbsp;Bush</strong>&nbsp;(PREVIA CONFIRMACION CON JET SET VIAJES)</p>','<p>*Traslado en lancha hasta Acuario y Johnny Cay&nbsp;</p>','<ul>\n<li>Traslado al Muelle</li>\n<li>Almuerzo</li>\n<li>Impuesto de Coralina 15000 cop/5 us</li>\n</ul>',NULL,NULL),(20,20,'Vuelta a la Isla en Chiva en la mañana','<p>En esta modalidad realizamos un recorrido guiado en chiva por los principales sitios turisticos de San Andres, llegamos a la Casa Isle&ntilde;a, Cueva de Morgan, Hoyo soplador, Piscina Natural y otros atractivos mas, nuestra actividad sera de 9:00 am a 12:00.&nbsp;</p>\n<p>La actividad dura 3 horas aproximadamente.</p>',3,10,1,'assets/images/media/61a7b49adfc8f.jpg','<ul>\n<li>Traslado en vehiculo tipico desde punto de encuentro</li>\n<li>Guia y musica&nbsp;</li>\n<li>Recorrido panoramico&nbsp;</li>\n<li>Parada en Museo Casa Isle&ntilde;a</li>\n<li>Parada en Cueva de Morgan o Museo Pirata</li>\n<li>Parada en West View</li>\n<li>Parada Hoyo soplador</li>\n</ul>','<ul>\n<li>Ingreso Museo Casa Isle&ntilde;a 10.000 cop / 3 us</li>\n<li>Ingreso Cueva de Morgan o Museo Pirata 20.000 cop / 7 us</li>\n<li>Ingreso West View 6.000 cop / 2 us</li>\n</ul>','<p>Presentarse en el <strong>Parque de la Barracuda</strong> <strong>8.30 am </strong>(PREVIA CONFIRMACION CON JET SET TRAVEL)</p>','<p>*Recorrido panoramico *Guia y musica *Parada en Museo Casa Isle&ntilde;a *Parada en Cueva de Morgan o Museo Pirata *Parada en West View *Parada Hoyo soplador</p>','<ul>\n<li>Ingreso Museo Casa Isle&ntilde;a 10.000 cop / 3 us</li>\n<li>Ingreso Cueva de Morgan o Museo Pirata 20.000 cop / 7 us</li>\n<li>Ingreso West View 6.000 cop / 2 us</li>\n</ul>',3,NULL),(21,21,'Asesoria de Visa ','<p>En nuestra asesor&iacute;a, te estaremos brindando el acompa&ntilde;amiento durante. todo el proceso de solicitud de cita para el visado, de igual manera tendremos una entrevista presencial o virtual segun sea el caso para de esta manera recolectar la informacion necesaria para el correcto diligenciamiento de los dierentes formularios de acuerdo al tipo de visado.&nbsp;</p>',5,11,1,'assets/images/media/62b4a4f13f0b6.jpeg','<ul>\n<li>Entrevista presencial o virtual.</li>\n<li>Recoleccion de documentcion.</li>\n<li>Relleno de los formularios.</li>\n<li>Asignacion de cita. (previa cancelacion de los derechos consulares).</li>\n</ul>','<ul>\n<li>Documentacion de ninguna clase.</li>\n<li>Derechos consulares.</li>\n</ul>','<p>Debes contactarte con ArmatuMochila.com al +57 311 3778721 para coordinar una cita con nuestro profesional.</p>','<ul>\n<li>Entrevista presencial o virtual.</li>\n<li>Recoleccion de documentcion.</li>\n<li>Relleno de los formularios.</li>\n<li>Asignacion de cita. (previa cancelacion de los derechos consulares).</li>\n</ul>','<ul>\n<li>Documentacion de ninguna naturaleza.</li>\n<li>Derechos consulares.</li>\n</ul>',NULL,NULL),(22,22,'Noche Blanca por la Bahia de San Andres','<p>En esta modalidad puedes disfrutar la experiencia de cenar y bailar bajo las estrellas de la bah&iacute;a de San Andres a bordo del Catamaran <strong>Trit&oacute;n Geminis</strong>, nuestro recorrido sera de 7:00 pm a 10:00 pm.&nbsp;</p>\n<p>Salidas Lunes, Martes, Miercoles, Jueves, Viernes y Sabado</p>',3,8,0,'assets/images/media/61a7e1af8b37c.png','<ul>\n<li>Recorrido por la bahia</li>\n<li>Cena estilo buffet</li>\n<li>Postre</li>\n<li>Bar abierto&nbsp;</li>\n<li>Musica a bordo</li>\n</ul>','<ul>\n<li>Traslados al muelle</li>\n<li>Gastos no especificados</li>\n</ul>','<p>Presentarse en el Muelle <strong>Portofino</strong> a las<strong> 6.30 pm </strong>(PREVIA CONFIRMACION CON JET SET VIAJES)</p>','<p>*Recorrido por la bahia *Cena estilo buffet *Bar abierto bebidas seleccionadas *Musica a bordo</p>','<ul>\n<li>Traslados al muelle</li>\n<li>Gastos no especificados</li>\n</ul>',NULL,NULL),(23,23,'Minicurso de Buceo ','<p>Te ofrecemos llevarte hasta la escuela de buceo para recibir la instruccion teorica y practica en piscina, luego nos dirigimos en lancha hasta los arrecifes de corales y durante 30 a 40 minutos realizaras la inmersion con equipo profesional de buceo en compa&ntilde;ia de un guia certificado.&nbsp;</p>\n<p>Salidas de Lunes a Sabado 8.00 am y 2.00 pm y Domingos 8.00 am.</p>',10,12,0,'assets/images/media/61b4b8aa88fc4.jpg','<ul>\n<li>Traslado ida y regreso al punto de inmersion</li>\n<li>Instructor certificado&nbsp;</li>\n<li>Equipo de buceo profesional</li>\n<li>1 inmersion en mar&nbsp;</li>\n</ul>','<ul>\n<li>Fotos ni videos</li>\n</ul>','<p>Te pasamos a buscar al hotel de acuerdo a horario acordado, (PREVIA CONFIRMACION CON JET SET VIAJES)</p>\n<p><strong>La actividad no se debe realizar 24 horas antes de la hora de tu vuelo de regreso ni el dia de tu vuelo de llegada.</strong></p>','<p>*Traslado ida y regreso al punto de inmersion *Instructor certificado *Equipo de buceo profesional *1 inmersion en mar&nbsp;</p>','<ul>\n<li>Fotos ni videos</li>\n</ul>',NULL,NULL),(24,24,'Tour al Acuario Natural','<p>En esta modalidad no tienes incluido el recorrido en bote con fondo de vidrio hasta los arrecifes coralinos,solo llegaremos al Acuario, nuestro pasadia sera de 8:00 am a 1:00 pm.&nbsp;</p>\n<p><strong>Las lancha sale unicamente a las 8.00 am&nbsp;</strong></p>',4,10,0,'assets/images/media/61a14da85227e.jpg','<ul>\n<li>Traslado en lancha hasta el Acuario Natural</li>\n<li>Mediodia en el Acuario Natural&nbsp;</li>\n</ul>','<ul>\n<li>Traslado al Muelle</li>\n<li>Impuesto de Muelle 5.000cop/2 us</li>\n<li>Almuerzo</li>\n<li>Recorrido a los arrecifes de corales</li>\n</ul>','<p>Presentarse en el <strong>Muelle de la Policia</strong>&nbsp;a las <strong>8.00 am </strong>Preguntar por <strong>Kevin</strong>&nbsp;(PREVIA CONFIRMACION CON JET SET VIAJES)</p>','<p>*Traslado en lancha hasta el Acuario Natural *Mediodia en el Acuario Natural&nbsp;</p>','<ul>\n<li>Traslado al Muelle</li>\n<li>Impuesto de Muelle 5.000cop/2 us</li>\n<li>Almuerzo</li>\n<li>Recorrido a los arrecifes de corales</li>\n</ul>',NULL,NULL),(25,25,'Tour al Cayo Johnny Cay','<p>Nuestro recorrido empieza en la ma&ntilde;ana hacia este hermoso cayo, disfrutaremos del sol y la playa en este exotico lugar, almuerza un delicioso plato tipico y pasa un dia maravilloso en este islote natural y maravilloso. Puedes darle la vuelta caminando y observar hermosos animales que lo habitan, nuestro pasadia sera de 9:30 am a 1:00 pm y de 10:00 am a 1:50 pm.</p>\n<p>El trayecto hacia Johnny Cay es corto y bajo condiciones atmosf&eacute;ricas normales es un recorrido un poco movido, consultar restricciones para adultos mayores y mujeres embarazadas</p>',2,10,0,'assets/images/media/61a16fbdb1908.jpg','<ul>\n<li>Traslado en lancha hasta Johnny Cay</li>\n<li>Pasadia en Johnny Cay</li>\n</ul>','<ul>\n<li>Traslado al Muelle</li>\n<li>Almuerzo</li>\n<li>Impuesto coralina 15.000 cop/ 5 us</li>\n</ul>','<p>Presentarse en el Muelle <strong>Casa de La Cultura</strong> a las<strong> 9.15 am </strong>Preguntar por<strong> Willie&nbsp;Bush</strong>&nbsp;(PREVIA CONFIRMACION CON JET SET VIAJES)</p>','<p>*Traslado en lancha hasta&nbsp; Johnie Cay *Pasadia en &nbsp;Johnie Cay</p>','<ul>\n<li>Traslado al Muelle</li>\n<li>Almuerzo</li>\n<li>Impuesto de Coralina 15000 cop/5 us</li>\n</ul>',NULL,NULL),(26,26,'Vuelta a la Isla en Lancha en Providencia','Descripción',0,0,0,'assets/images/default.jpg',NULL,NULL,NULL,NULL,NULL,NULL,NULL),(27,27,'Snuba experiencia bajo el agua','<p>En esta modalidad disfrutaras del fondo del mar y de su maravillosa flora y fauna de una forma sencilla y comoda,</p>\n<p>Te llevaremos hasta nuestra escuela de buceo, y acompa&ntilde;ado siempre de un instructor realizaras una inmersion a 5 pies de profundidad para ver el fondo marino como si bucearas durante unos 20 minutos aproximadamente.</p>\n<p>Salidas de Lunes a Sabado 8.00 am y 2.00 pm y Domingos 8.00 am.</p>',6,10,0,'assets/images/media/61b4f07f6a5d1.jpg','<ul>\n<li>Traslados al lugar de inmersi&oacute;n (Desde el muelle en el centro)</li>\n<li>Instructor certificado&nbsp;</li>\n<li>Inmersion submarina</li>\n</ul>\n<p>&nbsp;</p>','<ul>\n<li>Traslados al muelle</li>\n<li>Fotos y v&iacute;deos.</li>\n</ul>','<p>Presentarse en el Muelle <strong>Portofino</strong> a las<strong> 8.00 am o&nbsp; 2.00 pm </strong>(PREVIA CONFIRMACION CON JET SET VIAJES)</p>\n<p><strong>La actividad no se debe realizar 24 horas antes de la hora de tu vuelo de regreso ni el dia de tu vuelo de llegada.</strong></p>','<p>*Traslado del Muelle al lugar de inmersion *Instructor certificado *Equipo de snuba profesional *1 inmersion en mar&nbsp;</p>','<ul>\n<li>Traslados al Muelle de Portofino</li>\n<li>Fotos ni videos</li>\n</ul>',NULL,NULL),(28,28,'Paseo en Coche por la Ciudad Amurallada','<p>Cartagena es una ciudad de leyendas, que a trav&eacute;s del tiempo se consolido como patrimonio de la humanidad, quien llega se deja atrapar por un ambiente de felicidad y un paseo en coche por las calles de Cartagena es una declaraci&oacute;n de amor, es entrar en el fant&aacute;stico universo de la historia. Dejate seducir por la magia de sus balcones y callecitas coloridas.</p>\n<p><strong>Debes de comprar 1 solo cupo para 1 a 4 personas.</strong>&nbsp;</p>\n<p>&nbsp;</p>',4,10,1,'assets/images/media/6167441215b8d.jpg','<ul>\n<li>Recorrido por el centro historico</li>\n<li>Guia nativo</li>\n</ul>','<ul>\n<li>Traslado hasta el punto de partida&nbsp;</li>\n<li>Gastos no especificados</li>\n</ul>','<p>Presentarse en el Parque de la Marina. Salidas desde las a las <strong>5.00 pm</strong> hasta las <strong>9.00 pm</strong> (PREVIA CONFIRMACION CON JET SET VIAJES)</p>','<p>*Recorrido por el centro historico *Guia nativo</p>','<ul>\n<li>Traslado hasta el punto de partida&nbsp;</li>\n<li>Gastos no especificados</li>\n</ul>',NULL,NULL),(29,29,'Islas del  Rosario, Playa Tranquila, Baru Tradicional','<p>En esta modalidad tenemos almuerzo y un coctel de la casa, nuestro pasadia sera de 8:00 am a 3:00 pm.&nbsp;</p>\n<p>Tenemos <strong>4 opciones </strong>de almuerzo para seleccionar: pescado frito (Mojarra 450 gms), cerdo a la plancha (Chuleta), pollo a la plancha (Pechuga) y vegetariano.</p>',3,10,0,'assets/images/media/61008f7b17614.jpg','<ul>\n<li>Traslado en lancha deportiva&nbsp;</li>\n<li>Panoramico por las Islas del Rosario</li>\n<li>Parada en el Oceanario&nbsp;</li>\n<li>Coctel de la casa</li>\n<li>4 opciones de almuerzo en <strong>Jet Set Beach</strong></li>\n<li>Ba&ntilde;os y duchas de agua dulce</li>\n</ul>','<ul>\n<li>Traslados al muelle</li>\n<li>Impuesto de muelle 20.000 cop/6 us</li>\n<li>Ingreso al Oceanario o Snorkel&nbsp;</li>\n<li>Uso de sillas reposeras, camas de playa y bohios</li>\n</ul>','<p>Presentarse en el <strong>Muelle de la Bodeguita, Entrada 1 a las</strong> <strong>8.00 am</strong>&nbsp;(PREVIA CONFIRMACION CON JET SET TRAVEL)<br /><br /></p>','<p>*Traslado en lancha *Panoramico por las Islas del Rosario *Almuerzo *Coctel de la casa</p>','<ul>\n<li>Traslados al muelle</li>\n<li>Impuesto de muelle 20.000 cop/6 us</li>\n<li>Entrada al Oceanario 30.000 cop/ 10 us</li>\n<li>Actividad de snorkel 45.000 cop/ 12 us</li>\n<li>Sillas asoleadoras, camas de playa o bohios</li>\n</ul>',1,NULL),(30,30,'Acuario en Santa Marta  y Playa Blanca con Almuerzo','Descripción',3,5,1,'assets/images/default.jpg',NULL,NULL,NULL,NULL,NULL,NULL,NULL),(31,31,'City Tour Panoramico con Subida al Mirador de la Popa','Descripción',4,10,1,'assets/images/default.jpg',NULL,NULL,NULL,NULL,NULL,NULL,NULL),(32,32,'City Tour con Entradas a los Sitios Turisticos M T','Descripción',4,12,1,'assets/images/default.jpg',NULL,NULL,NULL,NULL,NULL,NULL,NULL),(33,33,'Full Day a Santa Marta y Playas del  Rodadero ','<p>En esta modalidad llegamos a Santa Marta para conocer la hermosa ciudad y luego disfrutar la playa en Playa Blanca, nuestro pasadia sera de 4:30 am a 9:00 pm los Miercoles y Sabados.&nbsp;</p>',5,10,0,'assets/images/media/6168b7b653388.jpg','<ul>\n<li>Traslado en vehiculo climatizado desde el hotel (zona Bocagrande, El Laguito, Castillo, Getsemani y Zona Norte)</li>\n<li>Paseo panor&aacute;mico por la ciudad de Barranquilla</li>\n<li>Desayuno: arepa de huevo con jugo de naranja o caf&eacute;</li>\n<li>Llegada a Santa Marta, visita Quinta San Pedro Alejandrino</li>\n<li>Visita a la estatua del Pibe Valderrama, barrio Pescadito y cancha la Castellana</li>\n<li>Paseo por la Bah&iacute;a, la Marina, Parque de los novios, la Catedral, Plaza Bol&iacute;var&nbsp;</li>\n<li>Entrada al museo del Oro</li>\n<li>Visita al sector del Rodadero, lancha hacia Playa Blanca</li>\n<li>Almuerzo t&iacute;pico&nbsp;&nbsp;</li>\n<li>2 paradas en Barranquilla: Caim&aacute;n del R&iacute;o: corredor vial a orilla del Magdalena</li>\n<li>Ventana al Mundo: monumento mas alto de Latinoam&eacute;rica</li>\n</ul>','<ul>\n<li>Gastos no especificados</li>\n<li>Propinas&nbsp;</li>\n</ul>','<p>Te pasamos a buscar al hotel a las <strong>4.30 am.</strong> Zona Bocagrande, El Laguito, Castillo Grande, Getsemani y Zona Norte.<br />(PREVIA CONFIRMACION CON JET SET VIAJES)</p>','<p>*Traslado desde y hacia el hotel (Aplican restricciones) *Desayuno *Almuerzo *Entrada a la Quinta de San Pedro *Panoramico por Santa Marta y Barranquilla *Recorrido a Playa Blanca *Seguro&nbsp;</p>','<ul>\n<li>Gastos no especificados</li>\n</ul>',1,NULL),(34,34,'City Tour por Medellin en Bus de 2 Pisos','<p>En esta modalidad te llevamos a conocer la ciudad de Medellin en un maravilloso recorrido a bordo de nuestros buses, podemos salir en el Turibus de 2 pisos o nuestro bus tipo tranvia, nuestra actividad sera de 8:00 am a 5:00 pm aproximadamente.</p>\n<p>Sitio de abordaje:</p>\n<p>8:00 am <strong><a href=\"https://bit.ly/ESTACIONESTADIO\" target=\"_blank\" rel=\"noopener\">https://bit.ly/ESTACIONESTADIO</a></strong></p>\n<p>9:30 am&nbsp; &nbsp;<strong><a title=\"SITIO AGUINALDO\" href=\"https://bit.ly/ESTACIONELPOBLADO\" target=\"_blank\" rel=\"noopener\">https://bit.ly/ESTACIONELPOBLADO</a></strong></p>\n<p>&nbsp;</p>',4,10,0,'assets/images/media/61c4fb5a56adb.jpg','<ul>\n<li>Transporte en veh&iacute;culo Turibus de dos pisos &uacute;nico en Medell&iacute;n&nbsp;</li>\n<li>Con el piso superior 100% panor&aacute;mico o en nuestro tradicional Turibus tipo tranv&iacute;a o veh&iacute;culo especial de turismo Seditrans</li>\n<li>Gu&iacute;a de Turismo acompa&ntilde;ante&nbsp;</li>\n<li>Recorrido por los principales atractivos tur&iacute;sticos de Medell&iacute;n a trav&eacute;s de nuestras paradas.</li>\n</ul>','<ul>\n<li>Traslado hacia el punto de salida</li>\n<li>Gastos no especificados</li>\n</ul>','<p>Presentarse en este punto: *<strong>Estacion Estadio 8:00 am</strong> <strong><a href=\"https://bit.ly/ESTACIONESTADIO\" target=\"_blank\" rel=\"noopener\">https://bit.ly/ESTACIONESTADIO </a></strong><strong>*Parque el Poblado 9:30 am&nbsp; </strong>&nbsp;<strong><a title=\"SITIO AGUINALDO\" href=\"https://bit.ly/ESTACIONELPOBLADO\" target=\"_blank\" rel=\"noopener\">https://bit.ly/ESTACIONELPOBLADO </a></strong><label class=\"switch switch-success switch-round margin-top-20\"></label>(PREVIA CONFIRMACION CON JET SET TRAVEL)</p>','<p>*Transporte en veh&iacute;culo <strong>Turibus de 2 pisos o tipo tranv&iacute;a</strong>&nbsp; *Gu&iacute;a de Turismo acompa&ntilde;ante *Recorrido por los principales atractivos tur&iacute;sticos de Medell&iacute;n&nbsp;</p>','<ul>\n<li>Traslado hacia el punto de salida</li>\n<li>Gastos no especificados</li>\n</ul>',NULL,NULL),(35,35,'Conoce San Andres en la Vuelta a la Isla ','Descripción',4,10,1,'assets/images/default.jpg',NULL,NULL,NULL,NULL,NULL,NULL,NULL),(36,36,'Crucero por el Mar de los 7 Colores ','<p>En esta modalidad salimos en un recorrido de casi 2 horas por la bahia en horas de la ma&ntilde;ana, para disfrutar del hermoso paisaje del mar de los 7 colores y la vista de la bahia y sus alrededores, acompa&ntilde;ado de m&uacute;sica caribe&ntilde;a y mucha diversi&oacute;n,</p>',3,10,0,'assets/images/media/61a80ee4380d9.jpg','<ul>\n<li>Recorrido por la bahia</li>\n<li>Coctel de bienvenida</li>\n<li>Musica a bordo</li>\n</ul>','<ul>\n<li>Traslados al muelle</li>\n</ul>','<p>Presentarse en el Muelle <strong>Casa de La Cultura</strong> a las<strong> 9.30 am</strong>&nbsp;(PREVIA CONFIRMACION CON JET SET VIAJES)</p>','<p>*Recorrido panoramico por la bahia * Bebida de bienvenida * Musica a bordo</p>','<ul>\n<li>Traslados al muelle</li>\n</ul>',1,NULL),(37,37,'Vuela Sobre el Mar de 7 Colores en el Parasail','Descripción',6,12,1,'assets/images/default.jpg',NULL,NULL,NULL,NULL,NULL,NULL,NULL),(38,38,'Tour Quebrada Valencia y Buritaca','<p>Nuestro recorrido sera hasta las quebradas de Valencia para tener un delicioso ba&ntilde;o refrescante en el rio, luego de esto nos dirigimos hacia las estribaciones de la Sierra Nevada.</p>\n<p>En Buritaca desemboca el rio en el mar y podemos disfrutar de una tarde inolvidable.</p>\n<p>No esta incluido el almuerzo, nuestro pasadia sera de 8:00 am a 4:00 pm.&nbsp;</p>',4,10,0,'assets/images/media/618b0ccb6b53f.jpg','<ul>\n<li>Traslado en vehiculo climatizado desde el hotel (zona El Rodadero, Pozos Colorados y Centro)</li>\n<li>Caminata ecologica</li>\n<li>Ba&ntilde;o en Cascadas de Valencia</li>\n<li>Pasadia en Buritaca</li>\n</ul>','<ul>\n<li>Almuerzo&nbsp;</li>\n</ul>','<p>Te pasamos a buscar al hotel de acuerdo a horario acordado, (zona El Rodadero, Pozos Colorados y Centro)<br />(PREVIA CONFIRMACION CON JET SET VIAJES)</p>','<p>*Traslado desde y hacia el hotel (Aplican restricciones) *Caminata ecologica *Pasadia en Buritaca&nbsp;</p>','<ul>\n<li>Almuerzo&nbsp;</li>\n<li>Gastos no especificados</li>\n</ul>',1,NULL),(39,39,'Tayrona, 7 Olas, Neguanje y Playa Cristal','<p>Recorrido en vehiculo climatizado hasta Parque Tayrona, llegamos al Mirador de las 7 olas, famoso por su imponente belleza y fuerza de las aguas.</p>\n<p>De ahi llegamos a Neguange donde tomamos una peque&ntilde;a embarcacion para llegar a Playa Cristal y disfrutar de delicioso almuerzo tipico y de un maravilloso dia bajo el sol, nuestro pasadia sera de 7:00 am a 4:00 pm.&nbsp;</p>',4,10,1,'assets/images/media/618ee3b73e7f8.jpg','<ul>\n<li>Traslado en vehiculo climatizado desde el hotel (zona El Rodadero, Pozos Colorados y Centro)</li>\n<li>Entrada al Parque Tayrona</li>\n<li>Visita al mirador de 7 Olas</li>\n<li>Lancha a Playa Cristal</li>\n<li>Pasadia en Playa Cristal</li>\n</ul>','<ul>\n<li>Almuerzo tipico</li>\n<li>Impuesto de extranjer&iacute;a $40.000/13 US</li>\n<li>Seguro de accidentes $5.000/2 us</li>\n</ul>','<p>Te pasamos a buscar al hotel de acuerdo a horario acordado, (zona El Rodadero, Pozos Colorados y Centro)<br />(PREVIA CONFIRMACION CON JET SET VIAJES)</p>','<p>*Traslado desde y hacia el hotel (Aplican restricciones) *Entrada al Parque Tayrona&nbsp;</p>','<ul>\n<li>Almuerzo</li>\n<li>Impuesto de extranjer&iacute;a $40.000/13 US</li>\n<li>Seguro de accidentes $5.000/2 us</li>\n</ul>',NULL,NULL),(40,40,'Islas del  Rosario, Isla Privada Cocoliso Resort','<p>Hermosa isla con una gran infraestructura, &aacute;reas verdes, piscina, playa de arena blanca, &aacute;rea de hamacas, sillas asoleadoras, cancha de voleyball, caf&eacute; de bienvenida, y laguna encantada.<br />Incluye un rico almuerzo t&iacute;pico con pescado, arroz con coco, patacones, ensalada, refresco, caf&eacute; y agua.</p>\n<p>Por ser una isla privada podemos descansar c&oacute;modamente y estar en un ambiente exclusivo y sin tanta gente a nuestro alrededor.</p>',4,10,0,'assets/images/media/62031b58d31ab.jpg','<ul>\n<li>Traslado en lancha Triton</li>\n<li>Panoramico por las Islas del Rosario</li>\n<li>Almuerzo tipico</li>\n<li>Sillas y hamacas</li>\n<li>Piscina&nbsp;</li>\n</ul>','<ul>\n<li>Impuesto de muelle 20.000 cop/6 us</li>\n<li>Ingreso al Oceanario o Snorkel</li>\n</ul>','<p>Presentarse en el Muelle de la Bodeguita Taquilla 10 a las <strong>8.00 am</strong> (PREVIA CONFIRMACION CON JET SET VIAJES)</p>','<p>*Traslado en lancha *Panoramico por las Islas del Rosario *Almuerzo *Sillas asoleadoras, hamacas</p>','<ul>\n<li>Traslados al muelle</li>\n<li>Impuesto de muelle 20.000 cop/6 us</li>\n<li>Entrada al Oceanario 30.000 cop/ 10 us</li>\n<li>Actividad de snorkel 45.000 cop/ 12 us</li>\n</ul>',NULL,NULL),(41,41,'Tour a Playa Blanca en Santa Marta con Almuerzo','Descripción',3,8,1,'assets/images/default.jpg',NULL,NULL,NULL,NULL,NULL,NULL,NULL),(42,42,'Pasadia a Playa Blanca en Santa Marta sin almuerzo','<p>En esta modalidad no tienes incluido el almuerzo solo el recorrido desde la bahia del Rodadero hasta Playa Blanca, nuestro pasadia sera de 8:30 am a 3:00 pm.&nbsp;</p>\n<p><strong>Las lanchas salen desde las 8.30 am cada media hora y el regreso es 2.00 pm, 3.00 pm y&nbsp; 4.00 pm.</strong></p>',2,4,1,'assets/images/media/6297d5ad36be6.jpeg','<ul>\n<li>Traslado en lancha hasta Playa Blanca</li>\n<li>Pasadia en Playa Blanca</li>\n</ul>','<ul>\n<li>Traslado al Muelle</li>\n<li>Ingreso al Acuario</li>\n<li>Almuerzo lo puedes adquirir por 30.000 por persona con tu asesor en linea</li>\n<li>Seguro 5000 cop/ 2 us (Ni&ntilde;os de 0 a 2 a&ntilde;os)</li>\n</ul>','<p>Presentarse en la<strong> Cra 1 N&deg;7-69 Edificio Fuentemar</strong> a partir de las <strong>8.30 am</strong> (PREVIA CONFIRMACION CON JET SET VIAJES)</p>\n<p><strong>Las lanchas salen desde las 8.30 am cada media hora y el regreso es 1.30, 3.00 y 4.00 pm</strong></p>','<p>*Traslado en lancha *Pasadia en Playa Blanca&nbsp;</p>','<ul>\n<li>Traslados al Muelle</li>\n<li>Ingreso al Acuario</li>\n<li>Almuerzo</li>\n<li>Seguro 5000 cop/ 2 us (Ni&ntilde;os de 0 a 2 a&ntilde;os)</li>\n</ul>',1,NULL),(43,43,'Tour Premium en Bote con Fondo de Vidrio','<p>Esta actividad es ideal para familias con ni&ntilde;os o personas que no sepan nadar, veremos los peces en su habitat natural durante 20 minutos a traves del vidrio del bote, nos daran explicaciones sobre sus nombres, caracteristicas y curiosidades sobre el mar de los 7 colores, luego recorremos la bahia y los manglares, &nbsp;nuestro pasadia sera de 8:00 am a 2:00 pm.&nbsp;</p>\n<p><strong>La lancha sale unicamente a las 8.00 am&nbsp;</strong></p>',4,10,0,'assets/images/media/61a2754033558.jpg','<ul>\n<li>Traslado en lancha hasta el Acuario Natural</li>\n<li>Recorrido en bote de fondo de vidrio</li>\n<li>Estadia en el Acuario Natural&nbsp;</li>\n<li>Observacion de mantarayas</li>\n<li>Paseo por la bahia</li>\n<li>Recorrido por los manglares</li>\n</ul>','<ul>\n<li>Traslado al Muelle</li>\n<li>Impuesto de Muelle 5.000cop/2 us</li>\n<li>Almuerzo</li>\n</ul>','<p>Presentarse en el <strong>Muelle de la Policia</strong>&nbsp;a las <strong>8.00 am </strong>Preguntar por <strong>Kevin</strong>&nbsp;(PREVIA CONFIRMACION CON JET SET VIAJES)</p>','<p>*Traslado en lancha hasta el Acuario Natural *Recorrido en bote de fondo de vidrio *Estadia en el Acuario Natural *Observacion de mantarayas *Recorrido por la bahia *Recorrido a los manglares</p>','<ul>\n<li>Traslado al Muelle</li>\n<li>Impuesto de Muelle 5.000cop/2 us</li>\n<li>Almuerzo</li>\n</ul>',NULL,NULL),(44,44,'City Tour por Cali','Descripción',2,10,1,'assets/images/default.jpg',NULL,NULL,NULL,NULL,NULL,NULL,NULL),(45,45,'Turibus Navideño en Medellin','<p>En esta modalidad recorreremos Medellin y sus alrededores en la epoca mas linda del a&ntilde;o, disfrutaras de los mas bellos alumbrados de Colombia con guia durante el recorrido en nuestro comodos vehiculos, nuestra actividad sera de 6:30 pm a 11:30 pm.</p>\n<p>Sitio de abordaje: <strong><a title=\"SITIO AGUINALDO\" href=\"https://bit.ly/LLEGA_ACA\" target=\"_blank\" rel=\"noopener\">https://bit.ly/LLEGA_ACA</a></strong></p>\n<p><strong>Diciembre:</strong>&nbsp;<br />Todos los d&iacute;as del mes, excepto 24, 25 y 31.<br /><strong>Enero:<br /></strong>Todos los d&iacute;as del mes hasta el 11, excepto 01.</p>',2,11,1,'assets/images/media/61cb3a96a0027.jpg','<ul>\n<li>Transporte en veh&iacute;culo Turibus de dos pisos &uacute;nico en Medell&iacute;n</li>\n<li>Con el piso superior 100% panor&aacute;mico o en nuestro tradicional Turibus tipo tranv&iacute;a o veh&iacute;culo especial de turismo Seditrans</li>\n<li class=\" gdlr-core-skin-divider clearfix\">\n<div class=\"gdlr-core-icon-list-content-wrap\"><span class=\"gdlr-core-icon-list-content\">Gu&iacute;a profesional de turismo durante el recorrido</span></div>\n</li>\n<li class=\" gdlr-core-skin-divider clearfix\">\n<div class=\"gdlr-core-icon-list-content-wrap\"><span class=\"gdlr-core-icon-list-content\">Animaci&oacute;n durante el recorrido de las voces de Estrella Est&eacute;reo en el punto m&aacute;s alto</span></div>\n</li>\n<li class=\" gdlr-core-skin-divider clearfix\">\n<div class=\"gdlr-core-icon-list-content-wrap\"><span class=\"gdlr-core-icon-list-content\">Hora loca al interior del veh&iacute;culo</span></div>\n</li>\n<li class=\" gdlr-core-skin-divider clearfix\">\n<div class=\"gdlr-core-icon-list-content-wrap\"><span class=\"gdlr-core-icon-list-content\">1 cerveza (Para mayores de 18 a&ntilde;os)</span></div>\n</li>\n<li class=\" gdlr-core-skin-divider clearfix\">\n<div class=\"gdlr-core-icon-list-content-wrap\"><span class=\"gdlr-core-icon-list-content\">Recorrido por los principales alumbrados con 3 paradas con descenso</span></div>\n</li>\n<li class=\" gdlr-core-skin-divider clearfix\">\n<div class=\"gdlr-core-icon-list-content-wrap\"><span class=\"gdlr-core-icon-list-content\">Regreso al Parque El poblado</span></div>\n</li>\n<li class=\" gdlr-core-skin-divider clearfix\">\n<div class=\"gdlr-core-icon-list-content-wrap\"><span class=\"gdlr-core-icon-list-content\">Tarjeta de asistencia m&eacute;dica</span></div>\n</li>\n</ul>','<ul>\n<li>Traslado hacia el punto de salida</li>\n<li>Gastos no especificados</li>\n</ul>','<p>Presentarse en este punto: *<label class=\"switch switch-success switch-round margin-top-20\"><strong>Parque del Poblado 6:15 pm </strong></label><strong><a title=\"SITIO AGUINALDO\" href=\"https://bit.ly/LLEGA_ACA\" target=\"_blank\" rel=\"noopener\">https://bit.ly/LLEGA_ACA </a></strong>(PREVIA CONFIRMACION CON JET SET VIAJES)</p>','<p>*Transporte en veh&iacute;culo <strong>Turibus de 2 pisos o tipo tranv&iacute;a</strong>&nbsp; *Gu&iacute;a de Turismo acompa&ntilde;ante *<span class=\"gdlr-core-icon-list-content\">1 cerveza (mayores de 18 a&ntilde;os) *</span><span class=\"gdlr-core-icon-list-content\">Recorrido por los principales alumbrados *</span><span class=\"gdlr-core-icon-list-content\">Tarjeta de asistencia m&eacute;dica</span></p>','<ul>\n<li>Traslado hacia el punto de salida</li>\n<li>Gastos no especificados</li>\n</ul>',NULL,NULL),(46,46,'Cabalgata con Subida al Mirador 2 Horas','Descripción',2,12,0,'assets/images/default.jpg',NULL,NULL,NULL,NULL,NULL,NULL,NULL),(47,47,'Conoce el Semisubmarino Nautilus ','Descripción',2,12,1,'assets/images/default.jpg',NULL,NULL,NULL,NULL,NULL,NULL,NULL),(48,48,'Pasaporte Arriero','Descripción',2,11,1,'assets/images/default.jpg',NULL,NULL,NULL,NULL,NULL,NULL,NULL),(49,49,'Pasaporte Multiple Parque del Cafe','Descripción',3,10,1,'assets/images/default.jpg',NULL,NULL,NULL,NULL,NULL,NULL,NULL),(50,50,'Parque Panaca','Descripción',4,11,1,'assets/images/default.jpg',NULL,NULL,NULL,NULL,NULL,NULL,NULL),(51,51,'Islas del  Rosario, Playa Tranquila, Especial Mas Cocteles','Descripción',2,10,0,'assets/images/default.jpg',NULL,NULL,NULL,NULL,NULL,NULL,NULL),(52,52,'Combo: Johnny Cay, Acuario, Mantarayas y Manglares','<p>Recorre 2 islotes, observa las mantarayas en su habitat natural, pasea por la bahia al atardecer y conoce los manglares. Todo esto desde la ma&ntilde;ana hasta la tarde en un solo dia.</p>\n<p>Diversion y playa bajo el sol del caribe disfrutando de cocolocos y pi&ntilde;as coladas en Johnny Cay y nadando en el mar de 7 colores, nuestro pasadia sera de 9:30 am a 3:00 pm y de 10:00 am a 3:45 pm.</p>',2,10,0,'assets/images/media/61a291e1c462a.jpg','<ul>\n<li>Traslado en lancha hasta el Acuario Natural y Johnny Cay</li>\n<li>Estadia en el Acuario Natural y en Johnny Cay&nbsp;</li>\n<li>Observacion de mantarayas</li>\n<li>Paseo por la bahia</li>\n<li>Recorrido por los manglares</li>\n</ul>','<ul>\n<li>Traslado al Muelle</li>\n<li>Almuerzo</li>\n<li>Impuesto de Coralina 15.000 cop/ 5 us</li>\n</ul>','<p>Presentarse en el Muelle <strong>Casa de La Cultura</strong> a las<strong> 9.15 am </strong>Preguntar por<strong> Willie&nbsp;Bush</strong>&nbsp;(PREVIA CONFIRMACION CON JET SET VIAJES)</p>','<p>*Traslado en lancha hasta el Acuario Natural y Johnny Cay *Estadia en el Acuario Natural y en Johnny Cay&nbsp; *Observacion de mantarayas *Paseo por la bahia *Recorrido por los manglares</p>','<ul>\n<li>Traslado al Muelle</li>\n<li>Almuerzo</li>\n<li>Impuesto de Coralina 15.000 cop / 5 us</li>\n</ul>',NULL,NULL),(53,53,'Combo Encuentro con los delfines en el Acuario','<p>En esta modalidad tienes incluido el almuerzo, y recorrido desde la bahia del Rodadero hasta el Acuario donde te sumergiras con los delfines en el mar, luego llegamos a Playa Blanca, nuestro pasadia sera de 8:30 am a 4:00 pm.&nbsp;</p>\n<p>Tenemos&nbsp;<strong>4</strong> opciones de almuerzo para seleccionar: pescado frito, carne asada, cerdo asado y pollo a la plancha, no incluye la bebida.</p>\n<p><strong>Las lanchas salen desde las 8.30 am cada media hora y el regreso es 2.00 pm, 3.00 pm y&nbsp; 4.00 pm.</strong></p>',2,4,0,'assets/images/media/61846860517be.jpg','<ul>\n<li>Traslado en lancha hasta el Acuario y Playa Blanca</li>\n<li>Ingreso al Acuario y sus shows</li>\n<li>Observacion de diferentes especies marinas</li>\n<li>Show de delfines&nbsp;</li>\n<li><strong>Interaccion de 7 minutos con los delfines</strong></li>\n<li>Museo Ospina Navia y Museo Tayrona</li>\n<li>Pasadia en Playa Blanca</li>\n<li>Almuerzo en&nbsp;<strong>La Pikua</strong></li>\n</ul>','<ul>\n<li>Seguro 5000 cop/ 2 us (Ni&ntilde;os de 0 a 2 a&ntilde;os)</li>\n<li>Bebida con el almuerzo</li>\n</ul>','<p>Presentarse en la Cra 1 N&deg;7-69 Edificio Fuentemar a partir de las <strong>8.30 am</strong> (PREVIA CONFIRMACION CON JET SET VIAJES)</p>\n<p><strong>Las lanchas salen desde las 8.30 am cada media hora y el regreso es 1.30, 3.00 y 4.00 pm</strong></p>\n<p>&nbsp;</p>','<p>*Ingreso al Acuario *Museo Ospina Navia *Museo Tayrona *Traslado en lancha *Pasadia en Playa Blanca *Almuerzo&nbsp;</p>','<ul>\n<li>Seguro 5000 cop/ 2 us (Ni&ntilde;os de 0 a 2 a&ntilde;os)</li>\n</ul>',NULL,NULL),(54,54,'Yate Rumba por la Bahia','<p>En esta modalidad disfrutaras de una discoteca sobre el mar, diversion y rumba a bordo durante 3 horas, nuestro recorrido sera de 8:00 pm a 11:00 pm.&nbsp;</p>\n<p>Salidas Lunes, MIercoles Viernes y Sabado.</p>\n<p>NO esta permitido el ingreso de menores de edad.</p>',18,18,0,'assets/images/media/61afb5007f0a3.jpg','<ul>\n<li>Recorrido por la bahia</li>\n<li>Bar abierto&nbsp;</li>\n<li>Venta de licores</li>\n<li>Musica a bordo</li>\n</ul>','<ul>\n<li>Traslados al muelle</li>\n<li>Gastos no especificados</li>\n</ul>','<p>Presentarse en el <strong>Muelle Toninos Marina</strong><strong>&nbsp;</strong>a las<strong> 7.30 pm </strong>(PREVIA CONFIRMACION CON JET SET VIAJES)</p>','<p>*Recorrido por la bahia *Bar abierto bebidas seleccionadas *Musica a bordo</p>','<ul>\n<li>Traslados al muelle</li>\n<li>Gastos no especificados</li>\n</ul>',1,NULL),(55,55,'Cabalgata en el Lago Calima','Descripción',0,0,1,'assets/images/default.jpg',NULL,NULL,NULL,NULL,NULL,NULL,NULL),(56,56,'Paseo en Lancha o Ferry por el Lago Calima','Descripción',4,12,1,'assets/images/default.jpg',NULL,NULL,NULL,NULL,NULL,NULL,NULL),(57,57,'Museo Calima','Descripción',2,10,1,'assets/images/default.jpg',NULL,NULL,NULL,NULL,NULL,NULL,NULL),(58,58,'Traslado a Playa Blanca Baru Terrestre Básico','Descripción',2,10,1,'assets/images/default.jpg',NULL,NULL,NULL,NULL,NULL,NULL,NULL),(59,59,'Traslados In-Out a Hoteles Centro, Getsemani, Marbella ','Descripción',2,8,0,'assets/images/default.jpg',NULL,NULL,NULL,NULL,NULL,NULL,NULL),(60,60,'Vive una Experiencia Bajo el Mar con Buceo Doble','Descripción',2,10,1,'assets/images/default.jpg',NULL,NULL,NULL,NULL,NULL,NULL,NULL),(63,63,'City Tour con Entrada al Castillo de San Felipe Teheran Ojo','Descripción',4,10,0,'assets/images/default.jpg',NULL,NULL,NULL,NULL,NULL,NULL,NULL),(64,64,'Espectacular Hacienda Napoles Pasaporte Aventura','Descripción',2,5,1,'assets/images/default.jpg',NULL,NULL,NULL,NULL,NULL,NULL,NULL),(66,66,'Traslados In-Out a Hoteles del  Rodadero y Pozos Colorados','Descripción',4,10,0,'assets/images/default.jpg',NULL,NULL,NULL,NULL,NULL,NULL,NULL),(67,67,'City Tour Panoramico Privado por la Ciudad','Descripción',4,10,1,'assets/images/default.jpg',NULL,NULL,NULL,NULL,NULL,NULL,NULL),(68,68,'Tierra Bomba, Margaritas Beach Privado','Descripción',4,10,1,'assets/images/default.jpg',NULL,NULL,NULL,NULL,NULL,NULL,NULL),(69,69,'Isla de Baru Terrestre, Playa Tranquila Tradicional ','Descripción',2,10,1,'assets/images/default.jpg',NULL,NULL,NULL,NULL,NULL,NULL,NULL),(70,70,'City Tour por Medellin ','<p>En esta modalidad realizamos un recorrido por los principales sitios turisticos en 2 horarios diferentes que puedes escoger, ma&ntilde;ana o tarde.</p>\n<p>Recorremos; Parque de los Pies Descalzos, Parque de las Esculturas, Parque de los Deseos, Panor&aacute;mico por Centro Administrativo la Alpujarra, Parque de las luces, Av. San Juan, Milla de oro, Av. el Poblado. La actividad dura 4 horas aproximadamente.</p>\n<p>Sitios de abordaje:</p>\n<p>&nbsp;8:00 am<strong>&nbsp; <a href=\"https://bit.ly/PARQUE_EL_POBLADO\" target=\"_blank\" rel=\"noopener\">&nbsp;https://bit.ly/PARQUE_EL_POBLADO</a></strong></p>\n<p>8:30 am<strong> &nbsp;<a href=\"https://bit.ly/ESTACION_ESTADIO\" target=\"_blank\" rel=\"noopener\">https://bit.ly/ESTACION_ESTADIO</a></strong></p>\n<p>&nbsp;</p>\n<p>&nbsp;</p>',4,10,0,'assets/images/default.jpg','<ul>\n<li>Traslado en vehiculo especial de turismo</li>\n<li>Guia de Turismo acompa&ntilde;ante</li>\n<li>Recorrido panoramico&nbsp;</li>\n</ul>','<ul>\n<li>Traslado al punto de encuentro</li>\n<li>Gastos no especificados</li>\n</ul>',NULL,NULL,NULL,NULL,NULL),(71,71,'Espectacular Tour Lechero ','Descripción',2,10,1,'assets/images/default.jpg',NULL,NULL,NULL,NULL,NULL,NULL,NULL),(72,72,'Conoce la Espectacular Santa Fe de Antioquia','Descripción',4,8,1,'assets/images/default.jpg',NULL,NULL,NULL,NULL,NULL,NULL,NULL),(73,73,'Canopy desde el Acuario a Playa Blanca 1 vuelo','<p>En esta modalidad debes de llegar al Acuario para realizar 1 solo vuelo hasta Playa Blanca, se debe comprar el traslado en lancha hasta el Acuario.</p>\n<p><strong>Las lanchas salen desde las 8.30 am cada media hora y el regreso es 2.00 pm, 3.00 pm y&nbsp; 4.00 pm.</strong></p>',5,10,1,'assets/images/media/6297d39f27c42.jpeg','<ul>\n<li>1 vuelo en Canopy desde el Acuario</li>\n<li>Seguro de asistencia</li>\n<li>Instructor</li>\n<li>Equipamiento: equipo de seguridad</li>\n</ul>\n<p><strong>&nbsp;</strong></p>','<ul>\n<li>Traslados al Acuario</li>\n<li>Pasadia en Playa Blanca</li>\n</ul>','<p><strong>IMPORTANTE: </strong>Debes reclamar tu manilla de ingreso en nuestra oficina en la <strong>cra 1 con 7 edificio Fuentemar</strong>, presentando este voucher impreso</p>','<p>*1 vuelo en Canopy hacia Playa Blanca</p>','<ul>\n<li>Traslado maritimo hasta el Acuario</li>\n<li>Entrada al Acuario</li>\n<li>Seguro 5000 cop/ 1 us Ni&ntilde;os de 0 a 2 a&ntilde;os</li>\n</ul>',1,NULL),(74,74,'Volcan del  Totumo Basico','<p>En esta modalidad iremos al Volcan del Totumo y luego de estar 20 minutos en el lodo medicinal pasamos a enjuagarnos en la cienaga y de regreso a Cartagena, nuestro pasadia sera de 7:30 am a 12:00 pm.&nbsp;</p>\n<p><strong>La visita al Mar Rosa es un obsequio que esta sujeto a condiciones climaticas.</strong></p>\n<p>&nbsp;</p>',3,10,1,'assets/images/media/61676f7f1d6df.jpg','<ul>\n<li>Traslado en vehiculo climatizado desde el hotel (zona Bocagrande, El Laguito, Castillo, Zona Norte y Marbella)</li>\n<li><span style=\"vertical-align: inherit;\"><span style=\"vertical-align: inherit;\"><span style=\"vertical-align: inherit;\"><span style=\"vertical-align: inherit;\"><span style=\"vertical-align: inherit;\"><span style=\"vertical-align: inherit;\">Ingreso al volc&aacute;n de lodo</span></span></span></span></span></span></li>\n<li><span style=\"vertical-align: inherit;\"><span style=\"vertical-align: inherit;\"><span style=\"vertical-align: inherit;\"><span style=\"vertical-align: inherit;\"><span style=\"vertical-align: inherit;\"><span style=\"vertical-align: inherit;\">Arepa de huevo (frito t&iacute;pico de la regi&oacute;n caribe)</span></span></span></span></span></span></li>\n<li><span style=\"vertical-align: inherit;\"><span style=\"vertical-align: inherit;\"><span style=\"vertical-align: inherit;\"><span style=\"vertical-align: inherit;\"><span style=\"vertical-align: inherit;\"><span style=\"vertical-align: inherit;\">Gu&iacute;a durante el recorrido</span></span></span></span></span></span></li>\n</ul>','<ul>\n<li>Almuerzo</li>\n<li>Pasadia en Playa</li>\n<li>Gastos no especificados</li>\n<li>Propinas</li>\n</ul>','<p>Te pasamos a buscar al hotel a las <strong>7.30 am.</strong> Zona Bocagrande, El Laguito, Castillo Grande, Marbella y Zona Norte.<br />(PREVIA CONFIRMACION CON JET SET VIAJES)</p>','<p>*Traslado desde y hacia el hotel (Aplican restricciones) *Entrada al Volcan *Refrigerio tipico</p>','<ul>\n<li>Almuerzo&nbsp;</li>\n<li>Pasadia en playa</li>\n<li>Propinas&nbsp;</li>\n<li>Gastos no especificados</li>\n</ul>',1,NULL),(75,75,'Traslados In - Out a Hoteles del  Sector Centro ','Descripción',4,10,0,'assets/images/default.jpg',NULL,NULL,NULL,NULL,NULL,NULL,NULL),(76,76,'Traslados desde Santa Marta a Cartagena Ida y Regreso','Descripción',4,10,1,'assets/images/default.jpg',NULL,NULL,NULL,NULL,NULL,NULL,NULL),(77,77,'Traslados desde Cartagena a  Santa Marta Ida y Regreso','Descripción',4,10,1,'assets/images/default.jpg',NULL,NULL,NULL,NULL,NULL,NULL,NULL),(78,78,'Recorrido por Cali Aji con Salsa','Descripción',2,10,0,'assets/images/default.jpg',NULL,NULL,NULL,NULL,NULL,NULL,NULL),(79,79,'Traslados In-Out a Hoteles Zona Tayrona','Descripción',2,10,0,'assets/images/default.jpg',NULL,NULL,NULL,NULL,NULL,NULL,NULL),(80,80,'Traslados In-Out a Hoteles del  Sector Manzanillo','Descripción',4,10,0,'assets/images/default.jpg',NULL,NULL,NULL,NULL,NULL,NULL,NULL),(81,81,'Combo Mar y Ciudad  ','Descripción',4,10,0,'assets/images/default.jpg',NULL,NULL,NULL,NULL,NULL,NULL,NULL),(82,82,'Combo Mar y Ciudad ','Descripción',2,10,0,'assets/images/default.jpg',NULL,NULL,NULL,NULL,NULL,NULL,NULL),(83,83,'Traslados desde Cartagena a  Barranquilla Ida y Regreso','Descripción',4,10,1,'assets/images/default.jpg',NULL,NULL,NULL,NULL,NULL,NULL,NULL),(84,84,'Traslados desde Cartagena a Barranquilla Ida','Descripción',4,10,1,'assets/images/default.jpg',NULL,NULL,NULL,NULL,NULL,NULL,NULL),(86,86,'City Tour en Bus de 2 Pisos Citysightseeing','Descripción',4,10,0,'assets/images/default.jpg',NULL,NULL,NULL,NULL,NULL,NULL,NULL),(87,87,'Traslados desde Santa Marta a Barranquilla Ida','Descripción',4,10,1,'assets/images/default.jpg',NULL,NULL,NULL,NULL,NULL,NULL,NULL),(90,90,'Traslados In - Out a Hoteles del  Sector Taganga','Descripción',4,10,0,'assets/images/default.jpg',NULL,NULL,NULL,NULL,NULL,NULL,NULL),(92,92,'Islas del  Rosario Isla Privada Isla del  Pirata','<p>En la Isla del Pirata puedes disfrutar de este maravillo lugar, almorzar un delicioso plato tipico o un plato de nuestro menu internacional,</p>\n<p>Ba&ntilde;ate en el mar y asoleate en nuestras comodas asoleadoras o camas de playa, nuestro pasadia sera de 8:00 am a 3:00 pm.&nbsp;</p>',2,8,0,'assets/images/media/614ba999e8fe9.jpg','<ul>\n<li>Traslado en lancha Triton</li>\n<li>Panoramico por las Islas del Rosario</li>\n<li>Coctel de bienvenida</li>\n<li>Almuerzo tipico o&nbsp;bono consumible</li>\n<li>de 40.000 cop/10 us en el restaurante</li>\n<li>Cama de playa, sillas asoleadoras</li>\n</ul>','<ul>\n<li>Traslados al muelle</li>\n<li>Impuesto de muelle 20.000 cop/6 us</li>\n</ul>','<p>Presentarse en el Muelle de la Bodeguita <strong>Entrada 4 </strong>a las 8.15 am, preguntar por <strong>MONICA SANCHEZ</strong><br />(PREVIA CONFIRMACION CON JET SET TRAVEL)</p>','<p>*Traslado en lancha *Coctel de bienvenida *Almuerzo tipico o bono consumible *Cama de playa, sillas asoleadoras</p>','<ul>\n<li>Traslados al muelle</li>\n<li>Impuesto de muelle 20.000 cop/6 us</li>\n</ul>',NULL,NULL),(93,93,'Pasadia en Wala Beach Club','<p>Vive un espectacular pasadia en este exclusivo y privado Club de Playa en pleno corazon de Cartagena, sin necesidad de largos desplazamientos ni pagos de impuestos, tampoco tienes que estar sujeto a horarios de salida y regreso, nuestro pasadia sera de 8:00 am a 8:00 pm con la opcion de recibirte a la hora que gustes.</p>\n<p>Tenemos diferentes opciones de almuerzo en nuestro restaurante de autor: pargo, pasta marinera, hamburguesa, pollo chutney.</p>\n<p>Servicio de bar, piscina, camas de playa y acceso a playa privada.</p>',4,10,0,'assets/images/media/6205930e23a28.jpeg','<ul>\n<li>Pasadia desde las 8.00 am hasta las 8.00 pm</li>\n<li>Bebida de bienvenida</li>\n<li>2 opciones de almuerzo gourmet</li>\n<li>Camas de playa</li>\n<li>Uso de ba&ntilde;os&nbsp;</li>\n<li>Piscina</li>\n<li>Acceso a playa privada</li>\n</ul>','<ul>\n<li>Traslado hasta el Wala Beach Club</li>\n<li>Gastos no especificados</li>\n</ul>','<p>Presentarse en la Calle 1 N&deg; 1-52 Barrio el Laguito \"Wala Beach Club\", a partir de las <strong>8.00 am </strong>(PREVIA CONFIRMACION CON JET SET VIAJES)&nbsp;</p>','<p>*Bebida de bienvenida * Almuerzo Gourmet *Camas de Playa *Uso de las instalaciones</p>','<ul>\n<li>Traslados al club</li>\n<li>Gastos no especificados</li>\n</ul>',NULL,NULL),(94,94,'City Tour por Medellin en la Tarde','Descripción',4,10,0,'assets/images/default.jpg',NULL,NULL,NULL,NULL,NULL,NULL,NULL),(95,95,'Conoce San Andres en la Vuelta a la Isla en la Tarde.','Descripción',4,10,0,'assets/images/default.jpg',NULL,NULL,NULL,NULL,NULL,NULL,NULL),(96,96,'Hacienda Napoles Pasaporte Safari','<p>En esta modalidad puedes disfrutar de un excelente Parque Tem&aacute;tico, ubicado en el Municipio de Puerto Triunfo (Antioquia).</p>\n<p>Este parque se ha convertido en una de los mas visitados de la regi&oacute;n, gracias a su variedad de animales y atracciones acu&aacute;ticas, nuestro pasadia sera los Sabados y Domingos de 4:30 am a 7:00 pm aproximadamente.</p>',3,10,0,'assets/images/media/61cca614a12af.jpg','<ul>\n<li>Trasporte en vehiculo desde punto de encuentro</li>\n<li>Desayuno&nbsp;</li>\n<li>Ingreso a la Hacienda Napoles con pasaporte SAFARI</li>\n<li>Recorrido por el h&aacute;bitat de los animales</li>\n<li>Ingreso y disfrute de las zonas acu&aacute;ticas</li>\n</ul>','<ul>\n<li>Almuerzo</li>\n</ul>','<p>Presentarse en este punto: <strong>*C&aacute;mara de Comercio de Medell&iacute;n ubicada en la Carrera 46 # 52-82 de la Avenida Oriental<label class=\"switch switch-success switch-round margin-top-20\"><label class=\"switch switch-success switch-round margin-top-20\"><label class=\"switch switch-success switch-round margin-top-20\">&nbsp;</label></label></label></strong>(PREVIA CONFIRMACION CON JET SET VIAJES)</p>','<p>*Traslado en vehiculo turistico desde un punto de encuentro *Desayuno *Pasaporte AVENTURA *Seguro durante el recorrido</p>\n<p>&nbsp;</p>\n<p>&nbsp;</p>','<ul>\n<li>Almuerzo</li>\n</ul>',NULL,NULL),(97,97,'Isla Privada Palmarito Beach Media Mañana','Descripción',2,10,0,'assets/images/default.jpg',NULL,NULL,NULL,NULL,NULL,NULL,NULL),(98,98,'Cali , Salsa y Cultura','Descripción',0,0,0,'assets/images/default.jpg',NULL,NULL,NULL,NULL,NULL,NULL,NULL),(99,99,'Entrada al Oceanario','<p>El ingreso al Oceanario tiene una diracion de 1 hora para disfrutar del show de delfines y tiburones, donde se podr&aacute;n apreciar todas las especies marinas en exhibici&oacute;n, entre ellas tortugas, meros y much&iacute;simas especies m&aacute;s.</p>\n<p><strong>Es necesario comprar el tour a las Islas del Rosario en lancha para realizar la actividad del Oceanario, lo puedes adquirir con nosotros directamente.</strong></p>',2,10,1,'assets/images/media/628acb482f956.jpg','<ul>\n<li>Ingreso al Oceanario durante&nbsp; 1 hora.</li>\n<li>Observacion de diferentes especies marinas.</li>\n<li>Show de delfines y tiburones.</li>\n</ul>','<ul>\n<li>Traslado maritimo hasta el Oceanario.</li>\n<li>Nado con delfines valor adicional por persona $150.000 aprox.</li>\n<li>Snorkel en el oceanario valor adicional por persona $ 50.000 aprox.</li>\n</ul>','<p><strong>IMPORTANTE: </strong>Debes reclamar tu boleta de ingreso en <strong>ARMA TU MOCHILA.COM</strong><br />DEBES DE ENTREGARLA UNICAMENTE A LA PERSONA QUE ESTA DENTRO DE LA TAQUILLA DEL OCEANARIO. &nbsp;&nbsp;</p>\n<p>ARMA TU MOCHILA.COM no se hace responsable de inconvenientes relacionados por no seguir la indicaci&oacute;n anterior, ni tampoco hara reembolsos de entradas no utilizadas.<br /><br /></p>','<p>*Ingreso al Oceanario para ver todos los shows, tunel marino.</p>','<ul>\n<li>Traslado maritimo hasta el Oceanario</li>\n<li>Pasadia en Islas</li>\n</ul>',1,NULL),(100,100,'Islas del  Rosario, Isla Privada Cocoliso Resort Bar Abierto','Descripción',2,8,0,'assets/images/default.jpg',NULL,NULL,NULL,NULL,NULL,NULL,NULL),(101,101,'Islas del  Rosario Isla Privada Bendita Beach','<p>Disfruta de esta maravillosa isla, su deliciosa comida y las mas extensas playas de las Islas, ba&ntilde;ate en el mar azul turquesa, da la vuelta a la isla en kayac y descansa en la blanca arena, nuestro pasadia sera de 8:00 am a 3:00 pm.&nbsp;</p>',2,7,1,'assets/images/media/61491379df7d8.jpg','<ul>\n<li>Traslado en lancha Triton</li>\n<li>Panoramico por las Islas del Rosario</li>\n<li>Coctel de bienvenida</li>\n<li>Almuerzo tipo buffet, bebida y postre&nbsp;</li>\n<li>Cama de playa, sillas asoleadoras</li>\n<li>Hamacas y carpas</li>\n</ul>','<ul>\n<li>Traslados al muelle</li>\n<li>Impuesto de muelle 19.000 cop/6 us</li>\n<li>Ingreso al Oceanario o Snorkel</li>\n</ul>','<p>Presentarse en el Muelle de la Bodeguita entrada 4 a las <strong>7.30 am</strong> (PREVIA CONFIRMACION CON JET SET VIAJES)<br /><br /></p>','<p>*Traslado en lancha Triton *Coctel de bienvenida *Almuerzo *Cama de playa, sillas asoleadoras</p>\n<p>&nbsp;</p>\n<p>&nbsp;</p>\n<p>&nbsp;</p>','<ul>\n<li>Traslados al muelle</li>\n<li>Impuesto de muelle 19.000 cop/6 us</li>\n<li>Ingreso al Oceanario o Snorkel</li>\n</ul>',NULL,NULL),(102,102,'Traslados desde  Barranquilla a Cartagena Ida','Descripción',4,10,1,'assets/images/default.jpg',NULL,NULL,NULL,NULL,NULL,NULL,NULL),(103,103,'Canopy desde Playa Blanca al Acuario 2 Recorridos','Descripción',4,10,1,'assets/images/default.jpg',NULL,NULL,NULL,NULL,NULL,NULL,NULL),(104,104,'Traslados desde Santa Marta a Cartagena Ida','Descripción',4,10,1,'assets/images/default.jpg',NULL,NULL,NULL,NULL,NULL,NULL,NULL),(105,105,'Isla Privada Bomba Beach en Tierra Bomba','Descripción',4,8,0,'assets/images/default.jpg',NULL,NULL,NULL,NULL,NULL,NULL,NULL),(106,106,'Crucero Montecarlo Velada Blanca con Cena','Descripción',2,2,0,'assets/images/default.jpg',NULL,NULL,NULL,NULL,NULL,NULL,NULL),(107,107,'Isla Privada Bora Bora Beach Club ','<p>En esta modalidad tienes acceso al Club de Playa, almuerzo, coctel de bienvenida, nuestro pasadia sera de 8:00 am a 3:00 pm.&nbsp;</p>\n<p><strong>Solo para mayores de 12 a&ntilde;os.</strong></p>',12,12,0,'assets/images/media/6146148236679.jpg','<ul>\n<li>Traslado en lancha Triton</li>\n<li>Panoramico por las Islas del Rosario</li>\n<li>Coctel de la casa</li>\n<li>3 opciones de almuerzo&nbsp;</li>\n<li>DJ en vivo</li>\n<li>Cama de playa (segunda linea de playa)</li>\n</ul>','<ul>\n<li>Traslados al muelle</li>\n<li>Impuesto de muelle 20.000 cop/6 us</li>\n<li>Traslado al Oceanario</li>\n<li>Cama de playa en primera linea (70.000 cop/20 us adicionales)</li>\n</ul>','<p>Presentarse en el Muelle de la Bodeguita Entrada 4 a las<strong> 7.20 am</strong> (PREVIA CONFIRMACION CON JET SET VIAJES)<br /><br /></p>','<p>*Traslado en lancha Triton *Coctel de la casa *3 opciones de almuerzo&nbsp; *Cama de playa (segunda linea de playa)</p>','<ul>\n<li>Traslados al muelle</li>\n<li>Impuesto de muelle 20.000 cop/6 us</li>\n<li>Traslado al Oceanario</li>\n</ul>',NULL,NULL),(108,108,'Fiesta Blanca - Tour atardecer','<p>En esta modalidad te ofrecemos recorrido&nbsp;por las hermosas playas del Rodadero hasta Santa Marta, desembarque en playa Inca Inca, barra libre de c&oacute;cteles a bordo, tambopapayera en Playa Inca Inca y fogata en la playa, nuestra actividad sera de 5:30 pm a 9:30 pm.&nbsp;</p>\n<p><strong>Salidas</strong> todos los viernes y s&aacute;bados con previa reserva y confirmaci&oacute;n de disponibilidad.&nbsp;</p>',4,10,0,'assets/images/media/6186b02bee9ad.jpg','<ul>\n<li>Recorrido por las bahias</li>\n<li>Barra libre de c&oacute;cteles a bordo&nbsp;</li>\n<li>Tambopapayera en Playa Inca Inca</li>\n<li>Fogata en la playa</li>\n<li>Snack de bienvenida en playa</li>\n</ul>','<ul>\n<li>Traslado hasta el Muelle</li>\n<li>Seguro 5000 cop/ 2 us (Ni&ntilde;os de 0 a 4 a&ntilde;os)</li>\n</ul>','<p>Presentarse en la<strong> Cra 1 N&deg;7-69 Edificio Fuentemar</strong> a las <strong>5.00 pm</strong> (PREVIA CONFIRMACION CON JET SET VIAJES)</p>','<p>*Recorrido por las bahias *Barra libre *Snack de bienvenida</p>','<ul>\n<li>Traslado hasta el Muelle</li>\n<li>Seguro 5000 cop/ 2 us (Ni&ntilde;os de 0 a 4 a&ntilde;os)</li>\n</ul>',1,NULL),(109,109,'Disfruta la Noche de Santa Marta en la Chiva Rumbera','Descripción',2,10,0,'assets/images/default.jpg',NULL,NULL,NULL,NULL,NULL,NULL,NULL),(110,110,'Visita Minca Joe Premium','Descripción',2,8,1,'assets/images/default.jpg',NULL,NULL,NULL,NULL,NULL,NULL,NULL),(111,111,'Paseo en Coche y Cena Romantica para 2 Menu Exotico','Descripción',2,10,1,'assets/images/default.jpg',NULL,NULL,NULL,NULL,NULL,NULL,NULL),(112,112,'Cena Romántica en Getsemani menu Sensación para 2','<p>En esta modalidad cenamos en un restaurante en el barrio Getsemani con un excelente menu.</p>\n<p><strong>Debes de comprar 1 solo cupo para 2 personas&nbsp;</strong></p>',4,10,0,'assets/images/media/61817896d9e2f.jpg','<ul>\n<li>Cena en restaurante de Getsemani&nbsp;</li>\n<li>1 bebida sin alcohol&nbsp;</li>\n<li>Entrada&nbsp;</li>\n<li>Plato fuerte</li>\n<li>Postre para 2</li>\n<li>1 coctel seleccionado para 2&nbsp;</li>\n<li>Mesa decorada</li>\n</ul>','<ul>\n<li>Traslado al restaurante</li>\n<li>Gastos adicionales</li>\n</ul>','<p>Presentarse en el Restaurante <strong>San Nicolas</strong> a partir de las <strong>7.00 pm</strong> &nbsp;(PREVIA CONFIRMACION CON JET SET VIAJES)<br /><br /></p>','<p>*Coctel de bienvenida *Entrada *Plato fuerte *Bebida *Postre</p>','<ul>\n<li>Traslado al restaurante</li>\n<li>Propinas ni gastos no especificados</li>\n</ul>',NULL,NULL),(113,113,'Cena Romántica Menu Exotico para 2','Descripción',2,10,1,'assets/images/default.jpg',NULL,NULL,NULL,NULL,NULL,NULL,NULL),(114,114,'City Tour Nocturno por Medellin Espectacular','Descripción',4,10,1,'assets/images/default.jpg',NULL,NULL,NULL,NULL,NULL,NULL,NULL),(115,115,'City Tour Panoramico en Santa Marta','<p>En esta modalidad te ofrecemos un recorrido panoramico por los principales atractivos de la hermosa ciudad de Santa Marta, acompa&ntilde;ados de un guia turistico.</p>\n<p>La actividad dura 3 horas aproximadamente.</p>',4,10,0,'assets/images/media/618abdfd8a516.jpg','<ul>\n<li>Traslado en vehiculo climatizado desde el hotel (sujeto a ubicacion)</li>\n<li>Guia durante el recorrido</li>\n<li>Recorrido panoramico&nbsp;</li>\n</ul>','<ul>\n<li>Entrada a la Quinta de San Pedro Alejandrino</li>\n</ul>','<p>Te pasamos a buscar al hotel de acuerdo a horario acordado (sujeto a ubicacion)<br />(PREVIA CONFIRMACION CON JET SET VIAJES)</p>','<p>*Traslado desde y hacia el hotel (Aplican restricciones) *Guia *Recorrido panoramico</p>','<ul>\n<li>Entrada a la Quinta de San Pedro Alejandrino</li>\n</ul>',1,NULL),(116,116,'City Tour con Entradas en  Santa Marta en la Mañana','Descripción',2,10,0,'assets/images/default.jpg',NULL,NULL,NULL,NULL,NULL,NULL,NULL),(118,118,'Tour a Guatape y el Peñol sin Almuerzo','Descripción',2,11,1,'assets/images/default.jpg',NULL,NULL,NULL,NULL,NULL,NULL,NULL),(119,119,'Crucero Montecarlo Velada Blanca sin Cena (Yate Rumba)','Descripción',0,0,0,'assets/images/default.jpg',NULL,NULL,NULL,NULL,NULL,NULL,NULL),(120,120,'Minca Pozo Azul,  Taganga y Playa Grande','<p>En esta modalidad visitaras Minca un peque&ntilde;o pueblo cafetero enclavado en las monta&ntilde;as de la Sierra Nevada de Santa Marta, podemos disfrutar de un paisaje y clima maravilloso para luego dirigirnos a Playa Grande y tener un dia de playa y un delicioso almuerzo tipico frente al mar, nuestro pasadia sera de 8:00 am a 4:00 pm.&nbsp;</p>',4,10,0,'assets/images/media/618e993666d48.jpg','<ul>\n<li>Traslado en vehiculo climatizado desde el hotel (zona El Rodadero, Pozos Colorados y Centro)</li>\n<li>Caminata ecologica</li>\n<li>Traslado en lancha a Playa Grande</li>\n<li>Pasadia en Playa Grande</li>\n<li>Almuerzo tipico</li>\n</ul>','<ul>\n<li>Gastos no especificados</li>\n</ul>','<p>Te pasamos a buscar al hotel de acuerdo a horario acordado, (zona El Rodadero, Pozos Colorados y Centro)<br />(PREVIA CONFIRMACION CON JET SET VIAJES)</p>','<p>*Traslado desde y hacia el hotel (Aplican restricciones) *Traslado en lancha hasta Playa Grande *Pasadia en Playa Grande *Almuerzo en Playa Grande</p>','<ul>\n<li>Gastos no especificados</li>\n</ul>',1,NULL),(121,121,'Yate Sibarita por la Bahia al Atardecer ','<p>En esta modalidad realizamos un recorrido por la bahia para disfrutar el atardecer y la musica a bordo, salimos de 5:00 pm a 7:00 pm.</p>',4,11,0,'assets/images/media/616619e1dad08.jpg','<ul>\n<li>Recorrido por la bahia&nbsp;</li>\n<li>Musica a bordo&nbsp;</li>\n<li>Barra abierta de Cuba Libre, ron punch, limonada</li>\n<li>Agua y gaseosa</li>\n</ul>','<ul>\n<li>Traslados al muelle</li>\n<li>Impuesto de muelle 9.000 cop/3 us</li>\n</ul>','<p>Presentarse en el Muelle de los Pegasos a las <strong>4.30 pm</strong> (PREVIA CONFIRMACION CON JET SET VIAJES)</p>','<p>*Recorrido por la bahia *Barra abierta de Cuba Libre, ron punch, limonada, agua y gaseosa</p>','<ul>\n<li>Traslados al muelle</li>\n<li>Impuesto de muelle 10.000 cop/3 us</li>\n</ul>',1,NULL),(122,122,'Yate Sibarita por la Bahía con Cena Incluida','Descripción',2,10,1,'assets/images/default.jpg',NULL,NULL,NULL,NULL,NULL,NULL,NULL),(123,123,'Crucero por el Mar de los 7 Colores al Atardecer','Descripción',2,10,1,'assets/images/default.jpg',NULL,NULL,NULL,NULL,NULL,NULL,NULL),(124,124,'Crucero por el Mar de los 7 Colores de la Tarde','Descripción',2,10,0,'assets/images/default.jpg',NULL,NULL,NULL,NULL,NULL,NULL,NULL),(125,125,'Tour por Las Bahias en Katamaran con Almuerzo','Descripción',2,10,1,'assets/images/default.jpg',NULL,NULL,NULL,NULL,NULL,NULL,NULL),(126,126,'Cena Romántica  para 2 con del fines en el Acuario','Descripción',2,10,1,'assets/images/default.jpg',NULL,NULL,NULL,NULL,NULL,NULL,NULL),(127,127,'Full day desde Santa Marta a Cartagena City Tour Panorámico','<p>En esta modalidad realizamos un recorrido en vehiculo climatizado desde Santa Marta hasta Cartagena donde haremos un recorrido por los principales sitios turisticos, pasamos por el Castillo de San Felipe aunque no incluimos el ingreso , podemos tomar fotos desde el mirador de la Popa con una excelente panoramica, luego conoceremos el Centro Historico y caminaremos con nuestro guia historiador, nuestro pasadia sera de&nbsp; 4:00 am a 8:00 pm.&nbsp;</p>',3,10,0,'assets/images/media/61992bba735ea.jpg','<ul>\n<li>Traslado en vehiculo climatizado desde el hotel (zona El Rodadero, Pozos Colorados y Centro)</li>\n<li>Desayuno</li>\n<li>Almuerzo&nbsp;</li>\n<li>Seguro m&eacute;dico</li>\n<li>Gu&iacute;a acompa&ntilde;ante</li>\n</ul>','<ul>\n<li>Entrada al castillo de San Felipe. &nbsp;</li>\n</ul>','<p>Te pasamos a buscar al hotel de acuerdo a horario acordado, (zona El Rodadero, Pozos Colorados y Centro)<br />(PREVIA CONFIRMACION CON JET SET VIAJES)</p>','<p>*Traslado desde y hacia el hotel (Aplican restricciones) *Desayuno *Almuerzo *Guia historiador&nbsp; *Recorrido panoramico *Souvenir dulce&nbsp;</p>','<ul>\n<li>Entrada al Castillo&nbsp;</li>\n<li>Gastos no especificados</li>\n</ul>',1,NULL),(128,128,'Tour desde Santa Marta a Cartagena con Playa Tranquila Baru','Descripción',2,10,1,'assets/images/default.jpg',NULL,NULL,NULL,NULL,NULL,NULL,NULL),(129,129,'Snorkeling de Arrecifes en Playa Blanca Barú con trasporte desde Cartagena.','<p>En esta experiencia como lo indica su nombre viviras una maravillosa experiencia de arrecifes en Playa Blanca Bar&uacute; donde te llevaremos en lancha o bus climatizado desde Cartagena, hasta KALINAGO BEACH, luego&nbsp;experimentar&aacute;s la magia de otro mundo como lo es el mundo submarino y sus especies, rodeando los arrecifes de coral ubicados en playa blanca Bar&uacute;, lugar al que llegaremos en lacha para que disfrutemos de esta experiencia por un periiodo de unos 20 a 30 minutos aproximadamente en compa&ntilde;ia de nuestro guia de buceo quien te ense&ntilde;ar&aacute; a alimentar los peces multicolores que habitan el arrecife.</p>\n<p><strong>Si eliges el trasporte es en lancha, debes pagar el impuesto de muelle por valor de 20.000 cop/ 3 us, en el muele de la bodeguita.</strong></p>',4,10,1,'assets/images/media/6165f9bbaf22d.jpg','<ul>\n<li><span style=\"vertical-align: inherit;\"><span style=\"vertical-align: inherit;\"><span style=\"vertical-align: inherit;\"><span style=\"vertical-align: inherit;\">Trasporte maritimo o terrestre ida y regreso, segun modalidad que escojas.</span></span></span></span></li>\n<li><span style=\"vertical-align: inherit;\"><span style=\"vertical-align: inherit;\"><span style=\"vertical-align: inherit;\"><span style=\"vertical-align: inherit;\">Guia acompa&ntilde;ante.</span></span></span></span></li>\n<li><span style=\"vertical-align: inherit;\"><span style=\"vertical-align: inherit;\"><span style=\"vertical-align: inherit;\"><span style=\"vertical-align: inherit;\">Equipo de snorkel profesional.</span></span></span></span></li>\n</ul>\n<p>&nbsp;</p>','<ul>\n<li><span style=\"vertical-align: inherit;\"><span style=\"vertical-align: inherit;\"><span style=\"vertical-align: inherit;\"><span style=\"vertical-align: inherit;\">Almuerzo</span></span></span></span></li>\n<li><span style=\"vertical-align: inherit;\"><span style=\"vertical-align: inherit;\"><span style=\"vertical-align: inherit;\"><span style=\"vertical-align: inherit;\">Pasadia en <strong>KALINAGO BEACH.</strong></span></span></span></span></li>\n</ul>','<p>Te pasaremos a buscar&nbsp; a tu hotel a las 7.00 am. Zona Bocagrande, El Laguito, Castillo Grande y Getsemani o debes Presentarte en el Muelle de la Bodeguita <strong>Taquilla 10</strong> a las <strong>8.00 am</strong> <strong>(PREVIA CONFIRMACION CON ARMA TU MOCHILA.COM)</strong></p>\n<p>&nbsp;</p>\n<p><strong>El transporte es de acuerdo a disponibilidad, previa confirmacion con Arma tu Mochila.com</strong></p>','<p>*Traslado desde y hacia el hotel (Esto solo si el transporte es por tierra, no aplica para transporte desde Cartagena por lancha) *Equipo de snorkel *Guia profesional *1 Inmersion.</p>','<ul>\n<li>Traslados al muelle de la bodeguita.</li>\n<li>Impuesto de muelle 20.000 cop/6 us <strong>(solo si se realiza en lancha)</strong></li>\n<li>Pasadia en Jet KALINAGO BEACH.</li>\n</ul>',2,NULL),(130,130,'Snorkeling y Pasadía en Jet Set Beach','Descripción',2,10,1,'assets/images/default.jpg',NULL,NULL,NULL,NULL,NULL,NULL,NULL),(131,131,'Baño con Plancton una Experiencia Única','Descripción',2,10,1,'assets/images/default.jpg',NULL,NULL,NULL,NULL,NULL,NULL,NULL),(132,132,'Baño con Plancton con Trasporte desde Cartagena','Descripción',2,10,1,'assets/images/default.jpg',NULL,NULL,NULL,NULL,NULL,NULL,NULL),(133,133,'Pasadia Tour de Plancton desde Cartagena','Descripción',2,10,1,'assets/images/default.jpg',NULL,NULL,NULL,NULL,NULL,NULL,NULL),(134,134,'Recorrido por el  Aviario Nacional','<p>Par esta experiencia debes llegar al Aviario por tus medios y alli te daremos la boleta para la entrada y podras ver mas de 170 especies de aves y cerca de 1700 ejemplares, tenemos la presentaci&oacute;n educativa <strong>Aves al vuelo</strong>: a trav&eacute;s de esta presentaci&oacute;n podr&aacute;n conocer acerca de la biolog&iacute;a y el comportamiento de algunas especies de aves; as&iacute; como la importancia de la preservaci&oacute;n y conservaci&oacute;n de la avifauna colombiana y de la naturaleza.</p>\n<p>Entrada al Aviario de 9:00 am a 3:00 pm.</p>',2,10,1,'assets/images/media/628c08b53e18e.jpg','<ul>\n<li>Entrada al Aviario Nacional &nbsp;</li>\n<li>Recorrido por las estaciones&nbsp;</li>\n<li><strong>IMPORTANTE:&nbsp;</strong>Debes reclamar tu boleta de ingreso en <strong>ARMA TU MOCHILA.</strong></li>\n</ul>','<ul>\n<li>Trasporte hasta el aviario</li>\n<li>Impuesto de extranjeria $20.000/8 us (se pagan en la agencia)</li>\n</ul>','<p><strong>IMPORTANTE: </strong>Debes reclamar tu boleta de ingreso en <strong>Arma tu Mochila.com</strong><br />DEBES DE ENTREGARLA UNICAMENTE A LA PERSONA QUE ESTA DENTRO DE LA TAQUILLA DEL AVIARIO&nbsp; &nbsp;</p>','<p>*Ingreso al Aviario *Show de aves 11.30 am y 3.30 pm</p>','<ul>\n<li>Trasporte hacia el aviario</li>\n</ul>',1,NULL),(135,135,'Mini Curso de Buceo en Islas del Rosario, Baru','<p>En esta experiencia vamos a ir en lancha hasta el sitio de buceo previa mente definido, el sitio de buceo depende de factores climatologicos, y se acordar&aacute; en playa antes de la actividad, bajaremos por nuestra linea de descenso donde llegaremos al sitio de buceo, uno de los lugares que nos ofrecen un escenario maravilloso, donde se apreciaran los arrecifes coralinos, y diferentes especies animales propios de la zona. Esta actividad se puede realizar si estas en Playa Blanca Baru y no vas a regresar a Cartagena.</p>\n<p>Debes de llegar a nuestra de playa a las 10:00 am previa confirmacion con <strong>ARMA TU MOCHILA.COM, </strong>puedes agregar el pasadia a <strong>KALINAGO BEACH </strong>para que disfrutes del dia completo en nuestra playa y pasar todo un dia inolvidable.</p>',10,18,1,'assets/images/media/613f87dfe8827.jpg','<ul>\n<li><span style=\"vertical-align: inherit;\"><span style=\"vertical-align: inherit;\"><span style=\"vertical-align: inherit;\"><span style=\"vertical-align: inherit;\">Instrucciones previas a la inmeresion.</span></span></span></span></li>\n<li><span style=\"vertical-align: inherit;\"><span style=\"vertical-align: inherit;\"><span style=\"vertical-align: inherit;\"><span style=\"vertical-align: inherit;\">Instructor certificado.</span></span></span></span></li>\n<li><span style=\"vertical-align: inherit;\"><span style=\"vertical-align: inherit;\"><span style=\"vertical-align: inherit;\"><span style=\"vertical-align: inherit;\">Equipo de buceo autonomo.</span></span></span></span></li>\n<li><span style=\"vertical-align: inherit;\"><span style=\"vertical-align: inherit;\"><span style=\"vertical-align: inherit;\"><span style=\"vertical-align: inherit;\">1 inmersion en mar.</span></span></span></span></li>\n</ul>','<ul>\n<li><span style=\"vertical-align: inherit;\"><span style=\"vertical-align: inherit;\"><span style=\"vertical-align: inherit;\"><span style=\"vertical-align: inherit;\">Traslados (debes estar en Playa Blanca Baru y llegar a<strong> KALINAGO BEACH</strong>)</span></span></span></span></li>\n<li><span style=\"vertical-align: inherit;\"><span style=\"vertical-align: inherit;\"><span style=\"vertical-align: inherit;\"><span style=\"vertical-align: inherit;\">Almuerzo.</span></span></span></span></li>\n<li><span style=\"vertical-align: inherit;\"><span style=\"vertical-align: inherit;\"><span style=\"vertical-align: inherit;\"><span style=\"vertical-align: inherit;\">Pasadia en <span style=\"vertical-align: inherit;\"><span style=\"vertical-align: inherit;\"><span style=\"vertical-align: inherit;\"><span style=\"vertical-align: inherit;\"><strong>KALINAGO BEACH.</strong></span></span></span></span></span></span></span></span></li>\n</ul>','<p style=\"text-align: left;\">Presentarse en <strong>KALINAGO BEACH</strong> a las <strong>9.00 am</strong> (PREVIA CONFIRMACION CON ARMA TU MOCHILA.COM)</p>\n<p style=\"text-align: left;\"><strong>La actividad no se puede realizar 24 horas antes de la hora de tu vuelo de regreso.&nbsp;</strong></p>','<p>*Equipo de buceo autonomo *Guia profesional *1 Inmersion .</p>','<ul>\n<li>Trasporte a Playa Blanca Baru.</li>\n<li>Pasadia en KALINAGO BEACH.</li>\n<li>Almuerzo.</li>\n</ul>',3,NULL),(136,136,'Mini Curso de Buceo, Pasadia Premium en Playa Tranquila ','Descripción',8,10,1,'assets/images/default.jpg',NULL,NULL,NULL,NULL,NULL,NULL,NULL),(137,137,'Combo:  Quebrada Valencia y Playa Blanca Gratis: Chiva ','Descripción',2,10,0,'assets/images/default.jpg',NULL,NULL,NULL,NULL,NULL,NULL,NULL),(138,138,'Chiva Rumbera en Cartagena con Bebidas y Fritos ','Descripción',5,11,0,'assets/images/default.jpg',NULL,NULL,NULL,NULL,NULL,NULL,NULL),(139,139,'Chiva Rumbera  para Gozar la Noche Panorámico','Descripción',5,11,1,'assets/images/default.jpg',NULL,NULL,NULL,NULL,NULL,NULL,NULL),(140,140,'City tour con entrada al Castillo de San Felipe.','<p>En esta modalidad haremos un recorrido guiado en vans o&nbsp; chiva segun disponibilidad,&nbsp; por los principales sitios turisticos de Cartagena de Indias, pasando por barrios de bocagrande, castillo haciendo una parada para tomar algunas fotografias, posteriormente iremos a las botas viejas, donde tendremos otra parada, pasando por el Castillo de San Felipe aca si incluimos el ingreso, podemos tomar fotos, luego conoceremos el Centro Historico y caminaremos con nuestro guia historiador.</p>\n<p>La actividad dura 4 horas aproximadamente.</p>',4,10,1,'assets/images/media/6297d7632cdb8.jpeg','<ul>\n<li>Traslado&nbsp; desde tu hotel (zona Bocagrande, El Laguito y Castillo).</li>\n<li>Guia historiador.</li>\n<li>Recorrido panoramico.</li>\n<li>Entrada guiada al Castillo de San Felipe.</li>\n<li>Caminata guiada en el Centro Historico.</li>\n</ul>','<ul>\n<li>Subida al mirador de la Popa</li>\n<li><span style=\"vertical-align: inherit;\"><span style=\"vertical-align: inherit;\"><span style=\"vertical-align: inherit;\"><span style=\"vertical-align: inherit;\">Impuesto de extranjeria&nbsp; 5.000 cop / 2 us</span></span></span></span></li>\n</ul>','<p>Te pasamos a buscar a tu hotel de acuerdo a horario acordado, Zona Bocagrande, El Laguito, y Castillo Grande.<br /><strong>(PREVIA CONFIRMACION CONARMA TU MOCHILA.COM)</strong></p>\n<p><strong>Es OBLIGATORIO llevar tus documentos de identidad al momento de realizar la actividad.</strong></p>','<p>*Traslado desde y hacia el hotel (sector bocagrande, laguito, castillo, getsemani) *Guia historiador&nbsp; *Recorrido panoramico *Entrada al Castillo de San Felipe.</p>','<ul>\n<li>Subida al mirador de la Popa.</li>\n</ul>',3,NULL),(141,141,'Full Day Tayrona: 7 Olas, Playa Cristal, Neguanje','<p>En esta modalidad llegamos a Santa Marta y nos dirigimos hasta la segunda entrada del Parque Tayrona <span style=\"vertical-align: inherit;\"><span style=\"vertical-align: inherit;\">sector de Palangana, llegamos al mirador de las Siete Olas para tomar fotos.</span></span><br /><span style=\"vertical-align: inherit;\"><span style=\"vertical-align: inherit;\">Bajamos hasta el sector de Neguanje, abordamos una lancha 8 minutos hasta Playa Cristal, hermosa playa donde podemos disfrutar toda la tarde</span></span>, nuestro pasadia sera los Martes y Viernes de 4:30 am a 9:00 pm.&nbsp;</p>\n<p>Tenemos <strong>3&nbsp;opciones&nbsp;</strong>de almuerzo para seleccionar: pescado frito, carne a la plancha o pollo a la plancha.</p>',5,10,0,'assets/images/media/6168cce4aa2d0.JPG','<ul>\n<li>Traslado en vehiculo climatizado desde el hotel (zona Bocagrande, El Laguito, Castillo, Getsemani y Zona Norte)</li>\n<li>Entrada al Parque Tayrona</li>\n<li>Charla educativa sobre la conservaci&oacute;n del medio ambiente</li>\n<li>Parada en el mirador Playa Siete Olas</li>\n<li>Llegada a Playa Nenguaje</li>\n<li>Recorrido en lancha de 10 minutos hacia Playa Cristal</li>\n<li>Almuerzo t&iacute;pico&nbsp;</li>\n</ul>','<ul>\n<li>Desayuno</li>\n<li>Gastos no especificados</li>\n</ul>','<p>Te pasamos a buscar al hotel a las <strong>4.30 am.</strong> Zona Bocagrande, El Laguito, Castillo Grande, Getsemani y Zona Norte.<br />(PREVIA CONFIRMACION CON JET SET VIAJES)</p>','<p>*Traslado desde y hacia el hotel (Aplican restricciones) *Almuerzo *Entrada al Parque *Panoramico por Barranquilla *Seguro&nbsp;</p>','<ul>\n<li>Desayuno</li>\n<li>Gastos no especificados</li>\n</ul>',1,NULL),(142,142,'Volcan del  Totumo Dia de Playa, Premium','Descripción',2,10,0,'assets/images/default.jpg',NULL,NULL,NULL,NULL,NULL,NULL,NULL),(143,143,'Tour Full Day a Santa Marta y Playas del  Rodadero Sermarket ','Descripción',0,0,1,'assets/images/default.jpg',NULL,NULL,NULL,NULL,NULL,NULL,NULL),(144,144,'Entrada al Volcan','Descripción',4,10,0,'assets/images/default.jpg',NULL,NULL,NULL,NULL,NULL,NULL,NULL),(145,145,'Almuerzo en Restaurante la Pikua Playa Blanca','Descripción',0,0,1,'assets/images/default.jpg',NULL,NULL,NULL,NULL,NULL,NULL,NULL),(146,146,'Canopy a Playa Blanca Combo Extremo','Descripción',4,10,1,'assets/images/default.jpg',NULL,NULL,NULL,NULL,NULL,NULL,NULL),(147,147,'Rumba Rasta por la Bahia de San Andres','Descripción',3,10,1,'assets/images/default.jpg',NULL,NULL,NULL,NULL,NULL,NULL,NULL),(148,148,'Generacion de Pasabordo o Web Check In','Descripción',0,0,0,'assets/images/default.jpg',NULL,NULL,NULL,NULL,NULL,NULL,NULL),(149,149,'Entrada al Acuario, Museo Ospina Navia y Museo del  Mar','<p>Ingreso al Acuario durante 2 horas aproximadamente para disfrutar del show de delfines, contamos con&nbsp; peceras, exhibici&oacute;n de diferentes especies marinas entre ellas tortugas, meros y much&iacute;simas especies m&aacute;s.</p>\n<p>Se incluye el ingreso al Museo Ospina Navia y Museo Tayrona.</p>\n<p><strong>Es necesario comprar el traslado en lancha al Acuario para realizar la actividad del Acuario, lo puedes adquirir con nosotros directamente.</strong></p>',2,4,1,'assets/images/media/616f202faefe6.jpg','<ul>\n<li>Ingreso al Acuario y sus shows</li>\n<li>Observacion de diferentes especies marinas</li>\n<li>Show de delfines&nbsp;</li>\n<li>Museo Ospina Navia</li>\n<li>Museo Tayrona</li>\n</ul>','<ul>\n<li>Traslado maritimo hasta el Acuario</li>\n<li>Seguro 5000 cop/ 2 us (Ni&ntilde;os de 0 a 2 a&ntilde;os)</li>\n</ul>','<p><strong>IMPORTANTE: </strong>Debes reclamar tu boleta de ingreso en nuestra oficina en la cra 1 con 7 edificio Fuentemar, presentando este voucher impreso<br /><br /></p>\n<p>&nbsp;</p>','<p>*Ingreso al Acuario&nbsp;*Museo Ospina Navia *Museo Tayrona</p>','<ul>\n<li>Traslado maritimo hasta el Acuario</li>\n<li>Seguro 5000 cop/ 1 us Ni&ntilde;os de 0 a 2 a&ntilde;os</li>\n</ul>',NULL,NULL),(150,150,'Traslado desde Hoteles al Muelle de la Bodeguita','Descripción',2,10,1,'assets/images/default.jpg',NULL,NULL,NULL,NULL,NULL,NULL,NULL),(151,151,'Traslado desde Hoteles Morros y Boquilla al Muelle la Bodeguita','Descripción',2,10,0,'assets/images/default.jpg',NULL,NULL,NULL,NULL,NULL,NULL,NULL),(153,153,'Traslado desde  Bocagrande y Laguito al Muelle de Cruceros','Descripción',2,10,1,'assets/images/default.jpg',NULL,NULL,NULL,NULL,NULL,NULL,NULL),(154,154,'Isla Palma, Isla Privada en lancha','<p>En esta modalidad salimos en lancha, Miercoles y Domingo hacia Isla Palma la unica isla Privada de Colombia, e<span style=\"vertical-align: inherit;\"><span style=\"vertical-align: inherit;\"><span style=\"vertical-align: inherit;\"><span style=\"vertical-align: inherit;\"><span style=\"vertical-align: inherit;\"><span style=\"vertical-align: inherit;\">x&oacute;tico lugar, una de las joyas del Parque Nacional Natural corales del Rosario y San Bernardo, </span></span></span></span></span></span>tenemos desayuno y almuerzo ademas de un coctel de la casa, nuestro pasadia sera de 5:50 am a 4:00 pm los dias Miercoles y Sabados.</p>\n<p><span style=\"vertical-align: inherit;\"><span style=\"vertical-align: inherit;\"><span style=\"vertical-align: inherit;\"><span style=\"vertical-align: inherit;\"><span style=\"vertical-align: inherit;\"><span style=\"vertical-align: inherit;\"><span style=\"vertical-align: inherit;\"><span style=\"vertical-align: inherit;\"><span style=\"vertical-align: inherit;\"><span style=\"vertical-align: inherit;\">Contamos con piscina, sendero ecol&oacute;gico y zoologico.</span></span></span></span></span></span></span></span></span></span></p>\n<p>Tenemos <strong>3&nbsp;opciones&nbsp;</strong>de almuerzo para seleccionar: pescado frito, cerdo a la plancha, pollo a la plancha.</p>',4,10,1,'assets/images/media/6169ba4992764.jpg','<ul>\n<li>Traslados al muelle</li>\n<li>Traslado en lancha deportiva&nbsp;</li>\n<li>Panoramico por las Islas de San Bernardo</li>\n<li>Desayuno</li>\n<li>Coctel de la casa</li>\n<li>3 opciones de almuerzo&nbsp;</li>\n<li>Uso de las instalaciones</li>\n<li>Sillas asoleadoras, camas balinesas</li>\n<li>Piscina</li>\n</ul>','<ul>\n<li>Impuesto de muelle 20.000 cop/6 us</li>\n</ul>','<p>Presentarse en el Muelle de la Bodeguita Taquilla 10 a las<strong> 5.00 am</strong> (PREVIA CONFIRMACION CON JET SET VIAJES)</p>','<p>*Traslado en lancha deportiva *Desayuno *Coctel de la casa *Almuerzo *Uso de camas y sillas asoleadoras y piscina</p>\n<p>&nbsp;</p>','<ul>\n<li>Traslados al muelle</li>\n<li>Impuesto de muelle 20.000 cop/6 us</li>\n</ul>',3,NULL),(155,155,'Islas del  Rosario, Isla Privada Islabela Pasadia ','Descripción',2,10,0,'assets/images/default.jpg',NULL,NULL,NULL,NULL,NULL,NULL,NULL),(156,156,'Conoce y da la Vuelta a la Isla en Chiva en la Tarde','Descripción',2,10,1,'assets/images/default.jpg',NULL,NULL,NULL,NULL,NULL,NULL,NULL),(158,158,'Isla de Baru  Terrestre, Playa Tranquila Especial con Cocteles','Descripción',2,10,0,'assets/images/default.jpg',NULL,NULL,NULL,NULL,NULL,NULL,NULL),(160,160,'Snorkeling de Arrecifes en Baru con Trasporte','Descripción',2,10,1,'assets/images/default.jpg',NULL,NULL,NULL,NULL,NULL,NULL,NULL),(161,161,'Pasadia en Playa Manzanillo','<p>Tenemos almuerzo y pasadia espectacular en esta tranquila y apartada playa para ti, nuestro pasadia sera de 8:00 am a 3:00 pm.&nbsp;</p>\n<p>Tenemos <strong>2&nbsp;opciones&nbsp;</strong>de almuerzo para seleccionar: pescado frito (Mojarra 450 gms) y pollo a la plancha (Pechuga) con ensalada, patacones y arroz.</p>',3,10,0,'assets/images/media/61686f3be75c5.jpg','<ul>\n<li>Traslado en vehiculo climatizado desde el hotel (zona Bocagrande, El Laguito, Castillo, Zona Norte y Marbella)</li>\n<li>Refrigerio tipico de la costa</li>\n<li>2 opciones de almuerzo&nbsp;</li>\n<li>Hamacas y sillas asoleadoras</li>\n<li>Ba&ntilde;os&nbsp;</li>\n</ul>','<ul>\n<li>Gastos no especificados</li>\n</ul>','<p>Te pasamos a buscar al hotel a las <strong>8.00 am.</strong> Zona Bocagrande, El Laguito, Castillo Grande, Zona Norte y Marbella)<br />(PREVIA CONFIRMACION CON JET SET VIAJES)</p>','<p>*Traslado desde y hacia el hotel (Aplican restricciones) *Refrigerio *Almuerzo</p>','<ul>\n<li>Gastos no especificados</li>\n</ul>',NULL,NULL),(162,162,'Trasporte a Islas del  Rosario, en Lancha Basico','Descripción',4,10,1,'assets/images/default.jpg',NULL,NULL,NULL,NULL,NULL,NULL,NULL),(164,164,'Volcan del  Totumo Basico sin Dia de Playa ','Descripción',2,10,0,'assets/images/default.jpg',NULL,NULL,NULL,NULL,NULL,NULL,NULL),(165,165,'Catamaran Sunset Cruise por la Bahia ','Descripción',5,12,0,'assets/images/default.jpg',NULL,NULL,NULL,NULL,NULL,NULL,NULL),(166,166,'City Tour, Castillo de San Felipe y Convento de la Popa','Descripción',4,10,0,'assets/images/default.jpg',NULL,NULL,NULL,NULL,NULL,NULL,NULL),(167,167,'City Tour con Entrada al Castillo de San Felipe en la Mañana','Descripción',4,10,0,'assets/images/default.jpg',NULL,NULL,NULL,NULL,NULL,NULL,NULL),(168,168,'Islas del  Rosario, Playa Tranquila, Baru Premium','Descripción',2,10,1,'assets/images/default.jpg',NULL,NULL,NULL,NULL,NULL,NULL,NULL),(169,169,'Plan Mochila tradicional, Isla De Barú Terrestre.','<p>En esta experiencia te ofrecemos almuerzo y uso de nuestras instalaciones, nuestro pasadia sera de 7:00 am a 3:00 pm.&nbsp;</p>\n<p>Tenemos 3<strong>&nbsp;opciones </strong>de almuerzo para seleccionar: Mojarra frita, Cerdo a la plancha (Chuleta), y Pollo a la plancha (Pechuga).</p>',3,10,1,'assets/images/media/61704f3a0aef9.jpg','<ul>\n<li>Traslado en vehiculo climatizado desde tu hotel (zona Bocagrande, El Laguito y Castillo)</li>\n<li>3 opciones de almuerzo en <strong>KALINAGO BEACH I.</strong></li>\n<li>Uso de las instalaciones y playa.</li>\n</ul>','<ul>\n<li>Uso de sillas reposeras, camas de playa y bohios.</li>\n<li>Servicios no descritos en el presente programa.</li>\n</ul>','<p>Te pasamos a buscar a tu hotel a las <strong>7.00 am.</strong> Zona Bocagrande, El Laguito, Castillo Grande y Getsemani.<br />(PREVIA CONFIRMACION CON ARM TU MOCHILA.COM)<br /><br /></p>','<p>*Traslado desde y hacia el hotel (Zona Bocagrande, El Laguito, Castillo Grande y Getsemani.)&nbsp; *Almuerzo *Uso de las instalaciones.</p>','<ul>\n<li>Sillas asoleadoras, camas de playa o bohios.</li>\n<li>Servicios no descritos en el presente programa.</li>\n</ul>',1,NULL),(170,170,'Vive Getsemani de Noche Exclusivo Jet Set','Descripción',4,10,1,'assets/images/default.jpg',NULL,NULL,NULL,NULL,NULL,NULL,NULL),(171,171,'Vive Calima al Extremo','Descripción',2,10,1,'assets/images/default.jpg',NULL,NULL,NULL,NULL,NULL,NULL,NULL),(172,172,'Traslado Terrestre de Playa Blanca Baru a Cartagena ','Descripción',2,10,0,'assets/images/default.jpg',NULL,NULL,NULL,NULL,NULL,NULL,NULL),(173,173,'Playa Blanca Tradicional con Sillas Agy','Descripción',4,10,0,'assets/images/default.jpg',NULL,NULL,NULL,NULL,NULL,NULL,NULL),(174,174,'Almuerzo Tipico  en Playa Blanca Baru con Silla Agy','Descripción',2,10,0,'assets/images/default.jpg',NULL,NULL,NULL,NULL,NULL,NULL,NULL),(175,175,'Panoramico a Islas del  Rosario Mas Oceanario','<p>Recorrido en lancha hasta las Islas del Rosario, ingreso al Oceanario durante 45 minutos a 1 hora para disfrutar del show de delfines y tiburones, contamos con m&aacute;s de 20 peceras, exhibici&oacute;n de diferentes especies marinas entre ellas tortugas, meros y much&iacute;simas especies m&aacute;s. Se incluye el ingreso al t&uacute;nel Marino.</p>\n<p><strong>Es necesario comprar el tour a Playa Blanca Terrestre para realizar la actividad del Oceanario, lo puedes adquirir con nosotros directamente.</strong></p>',2,10,0,'assets/images/media/617c46eaa1177.jpg','<ul>\n<li>Traslado maritimo &nbsp;desde Playa Blanca hasta el Oceanario</li>\n<li>Ingreso al Oceanario durante 45 minutos a 1 hora</li>\n<li>Observacion de diferentes especies marinas</li>\n<li>Show de delfines y tiburones</li>\n</ul>','<ul>\n<li>Traslado terrestre hasta Playa Blanca Baru</li>\n</ul>','<p><strong>IMPORTANTE: </strong>Debes reclamar tu boleta de ingreso en Jet Set Beach<br />DEBES DE ENTREGARLA UNICAMENTE A LA PERSONA QUE ESTA DENTRO DE LA TAQUILLA DEL OCEANARIO. &nbsp;&nbsp;</p>\n<p>La agencia no se hace responsable de inconvenientes relacionados por no seguir la indicaci&oacute;n anterior.</p>','<p>*Traslado maritimo hasta el Oceanario *Ingreso al Oceanario para ver todos los shows.</p>','<ul>\n<li>Trasporte terrestre hasta Playa Blnaca Baru</li>\n<li>Pasadia en Islas</li>\n</ul>',NULL,NULL),(176,176,'Vive Getsemani de Rumba Exclusivo Jet Set','Descripción',4,10,1,'assets/images/default.jpg',NULL,NULL,NULL,NULL,NULL,NULL,NULL),(177,177,'Atardecer por la Bahia en el Perla Negra','Descripción',5,10,0,'assets/images/default.jpg',NULL,NULL,NULL,NULL,NULL,NULL,NULL),(178,178,'Atardecer por la bahia en Barco Pirata ','<p>Este maravilloso barco te servira de complice en celebraciones de cumplea&ntilde;os, aniversarios y muchas otras ocaciones especiales, salimos de 5:00 pm a 7:00 pm.</p>',2,11,0,'assets/images/media/617c646e2fae1.jpeg','<ul>\n<li>Recorrido por la bahia&nbsp;</li>\n<li>Musica a bordo&nbsp;</li>\n<li>Barra abierta de ron, aguardiente,</li>\n<li>Agua y gaseosa</li>\n<li>Impuesto de muelle 9.000 cop/3 us</li>\n</ul>','<ul>\n<li>Traslados al muelle</li>\n</ul>','<p>Presentarse en el Muelle de los Pegasos a las <strong>4.45 pm</strong>&nbsp; <strong>Puerta N&deg; 6</strong> (PREVIA CONFIRMACION CON JET SET VIAJES)</p>','<p>*Recorrido por la bahia *Barra abierta de ron, aguardiente, agua y gaseosa *Impuesto de Muelle</p>\n<p>&nbsp;</p>','<ul>\n<li>Traslados al muelle</li>\n</ul>\n<p>&nbsp;</p>',NULL,NULL),(179,179,'Full Day Tayrona: Cabo San Juan, Cañaveral y Arrecifes','Descripción',4,10,1,'assets/images/default.jpg',NULL,NULL,NULL,NULL,NULL,NULL,NULL),(180,180,'Getsemani Walking Tour.','<p><span style=\"vertical-align: inherit;\"><span style=\"vertical-align: inherit;\">En esta experiencia podr&agrave;s recorrer la magia de sus coloridas callecitas llenas de vida y de historias, donde pasaremos por la plaza de la trinidad, calle del pozo, calle de la chancleta entre otros.</span></span></p>\n<p><span style=\"vertical-align: inherit;\"><span style=\"vertical-align: inherit;\">Ven y disfruta una grata experiencia con nuestro guia y hagamos un recorrido peatonal para degustar nuestra comida t&iacute;pica, arte callejero y mucho mas. </span></span><span style=\"vertical-align: inherit;\"><span style=\"vertical-align: inherit;\">Getsemani barrio historico y famoso por su arquitectura e historia. </span><span style=\"vertical-align: inherit;\">Recorre las calles de Getsemani, aprende de su historia y disfruta un delicioso jugo natural.</span></span></p>\n<p><span style=\"vertical-align: inherit;\"><span style=\"vertical-align: inherit;\">La actividad dura 1 hora aproximadamente.</span></span></p>',4,10,1,'assets/images/media/62a65669c272d.jpg','<ul>\n<li><span style=\"vertical-align: inherit;\"><span style=\"vertical-align: inherit;\">Jugo natural <span style=\"vertical-align: inherit;\"><span style=\"vertical-align: inherit;\">refrescante.</span></span></span></span></li>\n<li><span style=\"vertical-align: inherit;\"><span style=\"vertical-align: inherit;\">Caminata por Getsemani.</span></span></li>\n<li><span style=\"vertical-align: inherit;\"><span style=\"vertical-align: inherit;\">Gu&iacute;a historiador durante el recorrido.</span></span></li>\n</ul>','<ul>\n<li>Traslados desde y hacia el hotel.</li>\n</ul>','<p>Te informaremos del punto de encuentro previa confirmacion en tu agencia Arma Tu Mochila.com.</p>','<p>*Jugo natural refrescante *Caminata por Getsemani *Gu&iacute;a historiador durante el recorrido.</p>','<ul>\n<li>Traslados hacia el punto de encuentro ni hasta el hotel.</li>\n</ul>\n<p>&nbsp;</p>',NULL,NULL),(181,181,'Paseo en Coche Cena Romantica para 2 Menu Sensacion','Descripción',2,10,1,'assets/images/default.jpg',NULL,NULL,NULL,NULL,NULL,NULL,NULL),(182,182,'Baño de Plancton en Playa Blanca sin Trasporte.','<p>En esta modalidad te llevaremos en lancha hasta la cienaga para realizar el ba&ntilde;o con plancton durante 30 minutos aproximadamente, ideal para cuando estas en Playa Blanca Baru y NO regresas a Cartagena con nosotros.</p>\n<p>Debes de llegar a nuestro club de playa a las 5:00 pm</p>',2,10,1,'assets/images/media/62ae16ed36351.jpg','<ul>\n<li>Snack o refrigerio.</li>\n<li>Traslado en lancha hasta la cienaga.</li>\n<li>Ba&ntilde;o con plancton.</li>\n</ul>','<ul>\n<li>Trasporte hasta Playa Blanca Baru.</li>\n<li>Trasporte hasta Cartagena.</li>\n<li>Almuerzo.</li>\n<li>Pasadia en <strong>Playa Blanca&nbsp; Baru.</strong></li>\n</ul>','<p>Debes presentarse en<strong> KALINAGO BEACH</strong> a las <strong>5.00 pm</strong> (<strong>PREVIA CONFIRMACION CON ARMA TU MOCHILA</strong>)</p>\n<p style=\"text-align: center;\">&nbsp;</p>','<p>*Snack o refrigerio *Traslado en lancha hasta la cienaga *Ba&ntilde;o con plancton.</p>','<ul>\n<li>Trasporte hasta Playa Blanca Baru.</li>\n<li>Trasporte hasta Cartagena.</li>\n<li>Pasadia en kalinago Beach.</li>\n<li>Almuerzo.</li>\n</ul>',NULL,NULL),(183,183,'Cena','Descripción',0,0,0,'assets/images/default.jpg',NULL,NULL,NULL,NULL,NULL,NULL,NULL),(184,184,'Traslados desde Barranquilla Cartagena Ida','Descripción',4,10,1,'assets/images/default.jpg',NULL,NULL,NULL,NULL,NULL,NULL,NULL),(188,188,'4 Islas del  Rosario Mas Playa Tranquila Premium y Plancton','Descripción',2,10,1,'assets/images/default.jpg',NULL,NULL,NULL,NULL,NULL,NULL,NULL),(189,189,'Impuesto de Extranjeria','Descripción',2,12,0,'assets/images/default.jpg',NULL,NULL,NULL,NULL,NULL,NULL,NULL),(190,190,'Bono Kilele','Descripción',4,10,0,'assets/images/default.jpg',NULL,NULL,NULL,NULL,NULL,NULL,NULL),(192,192,'Aquanautas, Caminata Submarina','<p>Disfruta del fondo del mar caminando sobre la suave arena con una escafandra especial para que puedas respirar como si estuvieras en tierra, nuestra actividad dura 1 hora o mas de acuerdo al tiempo de estadia que quieras en <strong>Inca Inca</strong>.</p>\n<p>A diferencia del snorkel o buceo con AQUANAUTAS no necesitar&aacute;s ning&uacute;n tipo entrenamiento especial, incluso quienes no saben nadar podr&aacute;n gozar de esta fant&aacute;stica aventura.</p>\n<p><strong>Las lanchas salen desde las 8.30 am cada hora y el regreso es cada hora.</strong></p>',6,10,0,'assets/images/media/6186ebc0bb0cc.jpg','<ul>\n<li>Traslado en lancha hasta Playa Blanca</li>\n<li>Caminata submarina 25 minutos</li>\n<li>Instructor profesional</li>\n</ul>','<ul>\n<li>Traslados hacia el muelle</li>\n<li>Almuerzo</li>\n</ul>','<p>Presentarse en la<strong> Cra 1 N&deg;7-69 Edificio Fuentemar</strong> a partir de las <strong>8.30 am</strong> (PREVIA CONFIRMACION CON JET SET VIAJES)</p>\n<p><strong>Las lanchas salen desde las 8.30 am cada hora&nbsp;</strong></p>','<p>*Traslado en lancha *Caminata submarina *Instructor profesional</p>','<ul>\n<li>Traslado hasta el Muelle</li>\n<li>Almuerzo</li>\n</ul>',NULL,NULL),(193,193,'Visita y Disfruta Palomino','Descripción',2,10,1,'assets/images/default.jpg',NULL,NULL,NULL,NULL,NULL,NULL,NULL),(194,194,'Palomino y Tayronaka ','<p>En esta modalidad recorremos una&nbsp; hora aproximadamente en vehiculo climatizado hasta llegar a Tayronaka donde subiremos a una lancha que nos llevara por el rio Don Diego hasta este magico lugar, antiguo asentamiento ind&iacute;gena, replica casi exacta de ciudad perdida en donde recorreremos el sector acompa&ntilde;ado de gu&iacute;a profesional. Luego de almorzar visitaremos el pueblo de Palomino, puedes disfrutar de una tarde de playa, nuestro pasadia sera de 8:00 am a 4:00 pm.&nbsp;</p>',4,10,0,'assets/images/media/61ba6cf957114.jpg','<ul>\n<li>Traslado en vehiculo climatizado desde el hotel (zona El Rodadero, Pozos Colorados y Centro)</li>\n<li>Traslado en lancha por el rio Don Diego</li>\n<li>Almuerzo tipico</li>\n<li>Tarde de playa en Palomino</li>\n</ul>','<ul>\n<li>Seguro 5000 cop/ 2 us (Ni&ntilde;os de 0 a 2 a&ntilde;os)</li>\n<li>Gastos no especificados</li>\n</ul>','<p>Te pasamos a buscar al hotel de 7.00 a 7.30 am, (zona El Rodadero, Pozos Colorados y Centro)<br />(PREVIA CONFIRMACION CON JET SET VIAJES)</p>','<p>*Traslado desde y hacia el hotel (Aplican restricciones) *Traslado en lancha *Almuerzo Tipico *Tarde de playa en Palomino</p>','<ul>\n<li>Seguro 5000 cop/ 2 us (Ni&ntilde;os de 0 a 2 a&ntilde;os)</li>\n<li>Gastos no especificados</li>\n</ul>',NULL,NULL),(195,195,'Tour Quebrada Valencia y Buritaca con Almuerzo','Descripción',4,8,1,'assets/images/default.jpg',NULL,NULL,NULL,NULL,NULL,NULL,NULL),(196,196,'Avistamiento de Aves, Minca Premium','Descripción',4,10,1,'assets/images/default.jpg',NULL,NULL,NULL,NULL,NULL,NULL,NULL),(197,197,'Traslados desde Santa Marta a Barranquilla Ida y Regreso','Descripción',4,10,1,'assets/images/default.jpg',NULL,NULL,NULL,NULL,NULL,NULL,NULL),(202,202,'Cabalgata Extrema a la Laguna','Descripción',2,10,0,'assets/images/default.jpg',NULL,NULL,NULL,NULL,NULL,NULL,NULL),(203,203,'Atardecer por la Bahía en Lancha Deportiva','<p>En esta modalidad realizamos un recorrido compartido por la bahia para disfrutar el atardecer y la musica a bordo, salimos de 5:00 pm a 7:00 pm.</p>',4,10,1,'assets/images/media/61eca833e047e.jpeg','<ul>\n<li>Recorrido por la bahia&nbsp;</li>\n<li>Musica a bordo&nbsp;</li>\n<li>Ceviche de camarones&nbsp;</li>\n<li>Agua, cerveza y gaseosa</li>\n<li>Impuesto de muelle 9.000 cop/3 us</li>\n</ul>','<ul>\n<li>Traslados al muelle</li>\n</ul>','<p>Presentarse en el Muelle de los Pegasos a las <strong>4.45 pm</strong> (PREVIA CONFIRMACION CON JET SET VIAJES)<br /><br /></p>','<p>*Recorrido por la bahia *Musica a bordo *Ceviche de camarones *Agua, cerveza y gaseosa</p>','<ul>\n<li>Traslados al muelle</li>\n<li>Impuesto de muelle 9.000 cop/3 us</li>\n</ul>',1,NULL),(204,204,'City Tour con Recorrido por el Centro en Segway','Descripción',4,10,1,'assets/images/default.jpg',NULL,NULL,NULL,NULL,NULL,NULL,NULL),(205,205,'Recorrido Historico en Segway Fun Ride','Descripción',2,10,1,'assets/images/default.jpg',NULL,NULL,NULL,NULL,NULL,NULL,NULL),(206,206,'Blue Moon, Punta Arena','<p>En esta experiencia disfrutar&agrave;s de un pasadia completo al frente de la playa, donde podr&agrave;s disfrutar de un delicioso almuerzo tipico caribe&ntilde;o, tambien podr&agrave;s tomar un ba&ntilde;o de sol en nuestras sillas de playa ( a disposicion),&nbsp;<br />Podr&agrave;s disfrutar de esta experiencia desde. las 8 am hasta las 4 pm.</p>',4,10,1,'assets/images/media/62995ffebbb4e.jpeg','<ul>\n<li>Incluye: transporte&nbsp; ida - vuelta en lancha ','<ul>\n<li>Traslados al muelle-</li>\n<li>Gastos no especificados-</li>\n</ul>','<p>Debes presentarte en el <strong>Muelle de Bocagrande</strong> &nbsp;detr&aacute;s del Nuevo Hospital Bocagrande, a las <strong>9.00 am, Coordinador: Movil +57 311 3778721.</strong></p>','<p>*Traslado en lancha</p>\n<p>*Almuerzo tipico&nbsp;</p>\n<p>*Sillas Asoleadoras, Carpas o paraguas (de acuerdo a disponibilidad)</p>','<ul>\n<li>Gastos no especificados</li>\n</ul>',NULL,NULL),(210,210,'Atardecer por la Bahía en Lancha Deportiva, Privada','Descripción',4,10,1,'assets/images/default.jpg',NULL,NULL,NULL,NULL,NULL,NULL,NULL),(211,211,'Islas del  Rosario + Oceanario + Snorkel y Playa Tranquila Baru','<p>Disfrutaras de las mas hermosas actividades en Islas del Rosario, conoceras las especies marinas de cerca y podras interactuar con los animales en su habitat natural, nuestro pasadia sera de 8:00 am a 3:00 pm.&nbsp;</p>\n<p>Tenemos <strong>4 opciones </strong>de almuerzo para seleccionar: pescado frito (Mojarra 450 gms), cerdo a la plancha (Chuleta), pollo a la plancha (Pechuga) y vegetariano.</p>',3,10,1,'assets/images/media/6160dcd1e09cd.jpg','<ul>\n<li>Traslado en lancha deportiva&nbsp;</li>\n<li>Panoramico por las Islas del Rosario</li>\n<li>Ingreso al Oceanario durante 45 minutos a 1 hora</li>\n<li>Actividad de snorkel&nbsp;</li>\n<li>Coctel de la casa</li>\n<li>4 opciones de almuerzo en <strong>Jet Set Beach</strong></li>\n<li>Porcion de fruta</li>\n<li>Uso de sillas reposeras, camas de playa y bohios</li>\n<li>Ba&ntilde;os y duchas de agua dulce</li>\n</ul>\n<p>&nbsp;</p>','<ul>\n<li>Traslados al muelle</li>\n<li>Impuesto de muelle 20.000 cop/6 us</li>\n</ul>','<p>Presentarse en el Muelle de la Bodeguita Taquilla 10 a las <strong>8.00 am</strong> (PREVIA CONFIRMACION CON JET SET VIAJES)</p>','<p>*Traslado en lancha *Panoramico por las Islas del Rosario *Entrada al Oceanario *Snorkel *Coctel de la casa *Almuerzo *Porcion de Fruta *Sillas asoleadoras y bohio</p>','<ul>\n<li>Traslados al muelle</li>\n<li>Impuesto de muelle 20.000 cop/6 us</li>\n</ul>',NULL,NULL),(212,212,'Pasadia Paraiso Tayrona','Descripción',0,10,1,'assets/images/default.jpg',NULL,NULL,NULL,NULL,NULL,NULL,NULL),(213,213,'Recorrido por la Bahia en Bote con Fondo de Vidrio','Descripción',0,0,0,'assets/images/default.jpg',NULL,NULL,NULL,NULL,NULL,NULL,NULL),(217,217,'Islas del  Rosario Mas Oceanario o Snorkel/Medio Dia','<p>Disfrutaras de las 2 actividades mas relajantes y enriquecedoras de Islas del Rosario, conoceras las especies marinas de cerca y podras interactuar con los peces en su habitat natural y alimentarlos de tu mano.</p>\n<p>Escoge realizar <strong>snorkel o buceo de superficie</strong>&nbsp;o ingresar al <strong>Oceanario</strong>. Salimos de 8:00 am a 1:00 pm.&nbsp;</p>\n<p>La actividad dura 4 horas aproximadamente.</p>',3,10,1,'assets/images/media/613f6f120e77d.jpg','<ul>\n<li>Traslado en lancha deportiva&nbsp;</li>\n<li>Panoramico por las Islas del Rosario</li>\n<li>Ingreso al Oceanario durante 45 minutos a 1 hora</li>\n<li>o actividad de snorkel con supervision durante 30 minutos</li>\n<li>Regreso a Cartagena via terrestre</li>\n</ul>','<ul>\n<li>Traslados al muelle</li>\n<li>Impuesto de muelle 19.000 cop/6 us</li>\n<li>Almuerzo ni pasadia <strong>en Jet Set Beach</strong></li>\n</ul>','<p>Presentarse en el Muelle de la Bodeguita Taquilla 10 a las <strong>8.00 am</strong> (PREVIA CONFIRMACION CON JET SET VIAJES)<br /><br /></p>','<p>*Traslado en lancha *Panoramico por las Islas del Rosario *Entrada al Oceanario o Snorkel</p>','<ul>\n<li>Traslados al muelle</li>\n<li>Impuesto de muelle 19.000 cop/6 us</li>\n<li>Almuerzo ni pasadia en <strong>Jet Set Beach</strong></li>\n</ul>',NULL,NULL),(218,218,'Noche Caribeña por la Bahia','Descripción',2,10,1,'assets/images/default.jpg',NULL,NULL,NULL,NULL,NULL,NULL,NULL),(219,219,'Islas del  Rosario, Isla Privada Isla del  Sol','<p>Espectacular isla del archipielago con las mas comodas instalaciones a tu servicio, deliciosa comida y un paisaje incomparable donde podemos realizar actividades adicionales como caminatas ecologicas, buceo y muchas mas, nuestro pasadia sera de 8:00 am a 3:00 pm.</p>',4,10,0,'assets/images/media/6161c80569ccf.jpg','<ul>\n<li>Traslado del hotel al Muelle (zona Bocagrande, El Laguito, Centro, Getsemani, Zona Norte)</li>\n<li>Traslado en lancha Triton</li>\n<li>Panoramico por las Islas del Rosario</li>\n<li>Almuerzo tipico</li>\n<li>Sillas y camas asoleadoras</li>\n<li>Piscina de agua de mar</li>\n<li>Traslado del Muelle al hotel (zona Bocagrande, El Laguito)</li>\n</ul>','<ul>\n<li>Impuesto de muelle 20.000 cop/6 us</li>\n<li>Ingreso al Oceanario o Snorkel</li>\n</ul>','<p>Te pasamos a buscar al hotel a las 7.45 am. Zona Bocagrande, El Laguito, Castillo Grande, Centro, Getsemani y zona Norte.<br />(PREVIA CONFIRMACION CON JET SET VIAJES)</p>','<p>*Traslado desde y hacia el hotel (Aplican restricciones) *Traslado en lancha Triton *Frutas tropicales de bienvenida *Almuerzo *Cama de playa, sillas asoleadoras</p>\n<p>&nbsp;</p>','<ul>\n<li>Traslados al muelle</li>\n<li>Impuesto de muelle 20.000 cop/6 us</li>\n<li>Ingreso al Oceanario o Snorkel</li>\n</ul>',NULL,NULL),(220,220,'4 Islas del  Rosario Mas Playa Tranquila Premium ','<p>En esta modalidad realizamos el recorrido completo sin incluir la actividad de plancton en la noche, tenemos sillas asoleadoras o camas de playa y bohio incluido,&nbsp; nuestro pasadia sera de 7:00 am a 3:00 pm.</p>\n<p>Tenemos <strong>6&nbsp;opciones </strong>de almuerzo para seleccionar: pescado frito (Mojarra 550 gms), pescado encocado (Mojarra 550 gms), pescado guisado (Mojarra 550 gms), cerdo a la plancha (Chuleta), pollo a la plancha (Pechuga) y vegetariano.</p>',3,10,1,'assets/images/media/6094761997988.jpg','<ul>\n<li>Traslado en vehiculo climatizado</li>\n<li>Panoramico por las Islas del Rosario en lancha</li>\n<li>Ingreso al Oceanario o Snorkel</li>\n<li>6 opciones de almuerzo en <strong>Jet Set Beach</strong></li>\n<li>Uso de sillas reposeras, camas de playa y bohios (ubicacion sujeta a disponibilidad)</li>\n<li>Zona de hamacas</li>\n<li>Ceviche de camarones o porci&oacute;n de Frutas</li>\n<li>Ba&ntilde;os y duchas de agua dulce</li>\n</ul>','<ul>\n<li>Actividad de plancton</li>\n</ul>','<p>Presentarse en el <strong>Muelle de la Bodeguita</strong> Taquilla 10 a las <strong>8.00 am</strong> (PREVIA CONFIRMACION CON JET SET VIAJES)</p>','<p>*Traslado en lancha *Panoramico por las Islas del Rosario *Coctel y snack *Oceanario o Snorkel *Almuerzo *Snack en la tarde *Sillas asoleadoras y bohio&nbsp;</p>','<ul>\n<li>Traslados al muelle</li>\n<li>Impuesto de muelle 20.000 cop/6 us</li>\n<li>Actividad de plancton</li>\n</ul>',NULL,NULL),(221,221,'Traslado Aeropuerto al Muelle de la Bodeguita','Descripción',2,11,1,'assets/images/default.jpg',NULL,NULL,NULL,NULL,NULL,NULL,NULL),(224,224,'Traslado del  Muelle de Castillo a Punta Arena','Descripción',2,10,1,'assets/images/default.jpg',NULL,NULL,NULL,NULL,NULL,NULL,NULL),(225,225,'Islas del  Rosario, la Cocotera','Descripción',2,10,1,'assets/images/default.jpg',NULL,NULL,NULL,NULL,NULL,NULL,NULL),(226,226,'Trasporte a Islas del  Rosario, Isla Privada en Lancha','Descripción',3,10,1,'assets/images/default.jpg',NULL,NULL,NULL,NULL,NULL,NULL,NULL),(227,227,'Islas del  Rosario, Isla Privada Kokomo','Descripción',0,0,0,'assets/images/default.jpg',NULL,NULL,NULL,NULL,NULL,NULL,NULL),(228,228,'Termales el Volcan ','Descripción',4,10,1,'assets/images/default.jpg',NULL,NULL,NULL,NULL,NULL,NULL,NULL),(229,220,'4 Islas Del Rosario Mas Playa Tranquila Premium Y Plancton','<p>En esta modalidad realizamos el recorrido completo incluyendo la actividad de plancton en la noche, tenemos sillas asoleadoras o camas de playa y bohio incluido,&nbsp; nuestro pasadia sera de 7:00 am a 8:00 pm con regreso en vehiculo climatizado via terrestre.</p>\n<p>Tenemos <strong>6&nbsp;opciones </strong>de almuerzo para seleccionar: pescado frito (Mojarra 550 gms), pescado encocado (Mojarra 550 gms), pescado guisado (Mojarra 550 gms), cerdo a la plancha (Chuleta), pollo a la plancha (Pechuga) y vegetariano.</p>',3,10,1,'assets/images/media/6037c330c5a49.jpg','<ul>\n<li>Traslado en vehiculo climatizado</li>\n<li>Panoramico por las Islas del Rosario en lancha</li>\n<li>Ingreso al Oceanario o Snorkel</li>\n<li>6 opciones de almuerzo en <strong>Jet Set Beach</strong></li>\n<li>Uso de sillas reposeras, camas de playa y bohios (ubicacion sujeta a disponibilidad)</li>\n<li>Zona de hamacas</li>\n<li>Ceviche de camarones o porci&oacute;n de Frutas</li>\n<li>Ba&ntilde;os y duchas de agua dulce</li>\n<li>Ba&ntilde;o con placton en la cienaga</li>\n</ul>','<ul>\n<li>Gastos no especificados</li>\n</ul>','<p>Presentarse en el <strong>Muelle de la Bodeguita</strong> Taquilla 10 a las <strong>8.00 am</strong> (PREVIA CONFIRMACION CON JET SET VIAJES)</p>','<p>*Traslado en lancha y terrestre *Panoramico por las Islas del Rosario *Coctel y snack *Oceanario o Snorkel *Almuerzo *Snack o refrigerio *Sillas asoleadoras y bohio&nbsp; *Actividad de plancton</p>','<ul>\n<li>Traslados al muelle</li>\n<li>Impuesto de muelle 20.000 cop/6 us</li>\n</ul>',NULL,NULL),(230,159,'Isla de Baru, 3 destinos Premium','<p>En esta modalidad realizamos el recorrido completo sin incluir la actividad de plancton en la noche, tenemos sillas asoleadoras o camas de playa y bohio incluido,&nbsp; nuestro pasadia sera de 7:00 am a 3:00 pm.</p>\n<p>Tenemos <strong>6&nbsp;opciones </strong>de almuerzo para seleccionar: pescado frito (Mojarra 550 gms), pescado encocado (Mojarra 550 gms), pescado guisado (Mojarra 550 gms), cerdo a la plancha (Chuleta), pollo a la plancha (Pechuga) y vegetariano.</p>',3,10,1,'assets/images/media/6202852eab183.png','<ul>\n<li>Traslado en vehiculo climatizado</li>\n<li>Panoramico por las Islas del Rosario en lancha</li>\n<li>Ingreso al Oceanario o actividad de Snorkel</li>\n<li>6 opciones de almuerzo en <strong>Jet Set Beach </strong>Playa Tranquila</li>\n<li>Uso de sillas reposeras, camas de playa y bohios (ubicacion sujeta a disponibilidad)</li>\n<li>Ceviche de camarones o porci&oacute;n de Frutas</li>\n<li>Ba&ntilde;os y duchas de agua dulce</li>\n</ul>','<ul>\n<li>Actividad de plancton</li>\n<li>Recorrido por el Aviario</li>\n<li>Entrada al <strong>Oceanario</strong> si eligen <strong>snorkel&nbsp;</strong></li>\n<li><strong>Snorkel </strong>si eligen entrada al<strong> Oceanario</strong></li>\n</ul>','<p>Te pasamos a buscar al hotel a las <strong>7.00 am.</strong> Zona Bocagrande, El Laguito, Castillo Grande y Getsemani.<br />(PREVIA CONFIRMACION CON JET SET VIAJES)</p>','<p>*Traslado desde y hacia el hotel (Aplican restricciones) *Coctel de bienvenida&nbsp; *Panoramico por las Islas del Rosario *Oceanario o Snorkel *Almuerzo *Sillas asoleadoras y bohio *Ceviche de camarones o porcion de Frutas</p>','<ul>\n<li>Actividad de plancton</li>\n<li>Recorrido por el Aviario</li>\n<li>Entrada al <strong>Oceanario</strong> si eligen <strong>snorkel, </strong>30.000 cop/ 10 us</li>\n<li><strong>Snorkel </strong>si eligen entrada al<strong> Oceanario,&nbsp; </strong>45.000 cop/ 12 us</li>\n</ul>\n<p>&nbsp;</p>',1,NULL),(231,182,'Baño Con Plancton Desde Playa  Blanca con transporte a Cartagena.','<p>En esta modalidad disfrutaremos de un ba&ntilde;o con plancton durante 30 minutos aproximadamente, contemplando la majestuosidad de las mas bellas noches colmadas de estrellas en el firmamento y el azul luminicente del mar en la noche, esto desde Playa Blanca Baru luego te regresamos a Cartagena via terrestre a las 8:00 pm</p>\n<p>Debes de llegar a <strong>KALINAGO BEACH</strong> a las 5:00 pm.</p>',2,10,1,'assets/images/media/62ae18f263860.jpg','<ul>\n<li>Snack o refrigerio.</li>\n<li>Traslado en lancha hasta la cienaga.</li>\n<li>Ba&ntilde;o con plancton en la cienaga.</li>\n<li>Traslado de regreso hasta Cartagena .</li>\n</ul>','<ul>\n<li>Trasporte hasta Playa Blanca Baru.</li>\n<li>Almuerzo.</li>\n<li>Pasadia en <strong>KALINAGO BEACH.</strong></li>\n</ul>','<p>Te esperamos en <strong>KALINAGO BEACH</strong> a las <strong>5.00 pm</strong> (<strong>PREVIA CONFIRMACION CON ARMA TU MOCHILA</strong>)</p>','<p>*Snack o refrigerio *Traslado en lancha hasta la cienaga *Ba&ntilde;o con plancton *Transporte de regreso hacia la ciudad de Cartagena.</p>','<ul>\n<li>Trasporte hasta Playa Blanca Baru.</li>\n<li>Pasadia en KALINAGO BEACH.</li>\n<li>Almuerzo.</li>\n</ul>',NULL,NULL),(232,182,'Baño Con Plancton Desde Cartagena.','<p>En esta experiencia disfrutaras de un ba&ntilde;o con plancton durante 30 minutos aproximadamente, contemplando como las aguas del mar rodean tu cuerpo haciendolo brillar con luz propia disfrutando&nbsp; de las mas bellas noches colmadas de estrellas en el firmamento.</p>\n<p>La hora de salida se programara con anticipacion con <strong>ARMA TU MOCHILA.COM.</strong></p>',2,10,1,'assets/images/media/62ae1ae64581a.jpg','<ul>\n<li>Trasporte terrestre ida y regreso desde y hacia Cartagena.</li>\n<li>Snack o refrigerio.</li>\n<li>Traslado en lancha hasta la cienaga.</li>\n<li>Ba&ntilde;o con plancton en la cienaga.</li>\n</ul>','<ul>\n<li>Almuerzo</li>\n<li>Pasadia en <strong>KALINAGO BEACH.</strong></li>\n</ul>','<p>Te pasafremos a buscar a tu hotel en <strong>horario acordado </strong>Zona Bocagrande, El Laguito, Castillo Grande y Getsemani.<br />(<strong>PREVIA CONFIRMACION CON TU ASESOR DE ARMA TU MOCHILA)</strong></p>','<p>*Traslado desde y hacia tu hotel (Zona Bocagrande, El Laguito, Castillo Grande y Getsemani.) *Snack o refrigerio *Traslado en lancha hasta la cienaga *Ba&ntilde;o con plancton.</p>','<ul>\n<li>Pasadia en KALINAGO BEACH.</li>\n<li>Almuerzo.</li>\n</ul>',NULL,NULL),(233,182,'Pasadía En Playa Blanca Barú más Noche De Plancton.','<p>En esta experiencia disfrutar&aacute;s de un pasadia en nuestro club de playa <strong>KALINAGO BEACH, </strong>donde tendr&aacute;s un delicioso almuerzo tipico, contemplando uno de los mas hermosos atardeceres que nos ofrece nuestra costa atlantica y finalmente tendremos un ba&ntilde;o con plancton durante 30 minutos aproximadamente, contemplando la majestuosidad de las mas bellas noches colmadas de estrellas en el firmamento y el azul luminicente del mar en la noche, esto desde Playa Blanca Baru luego te regresamos a Cartagena via terrestre a las 8:00 pm</p>\n<p>&nbsp;<br />Para esta modadlidad te ofreceremos 3 <strong>opciones </strong>de almuerzo para seleccionar: Mojarra Frita, Cerdo a la plancha (Chuleta), Pollo a la plancha (Pechuga).</p>',2,10,1,'assets/images/media/62ae1b7738af2.jpg','<ul>\n<li>Trasporte terrestre ida y regreso.</li>\n<li>3 opciones de almuerzo en<strong> KALINAGO BEACH.</strong></li>\n<li>Uso de sillas reposeras, camas de playa y bohios (ubicacion sujeta a disponibilidad).</li>\n<li>Snack en la tarde.</li>\n<li>Ba&ntilde;o de Plancton en la cienaga.</li>\n</ul>','<ul>\n<li>Gastos y servicios no especificados.</li>\n</ul>','<p>Te pasamos a buscar al hotel a las <strong>7.00 am</strong>. Zona Bocagrande, El Laguito, Castillo Grande y Getsemani.<br /><strong>(PREVIA CONFIRMACION CON ARAMA TU MOCHILA.COM)</strong></p>','<p>*Traslado desde y hacia el hotel (Zona Bocagrande, El Laguito, Castillo Grande y Getsemani.) *Almuerzo *Snack en la tarde * Sillas asoleadoras y bohios *Ba&ntilde;o con plancton.</p>','<ul>\n<li>Gastos y servicios no especificados en el presente programa.</li>\n</ul>',NULL,NULL),(235,203,'Atardecer Por La Bahía En Lancha Deportiva, Privada 1-6 pasajeros','<p>En esta modalidad realizamos un recorrido <strong>privado</strong> por la bahia para disfrutar el atardecer y la musica a bordo, salimos de 5:00 pm a 7:00 pm.</p>',4,10,1,'assets/images/media/615615adddacb.jpg','<ul>\n<li>Recorrido <strong>privado</strong> por la bahia&nbsp;</li>\n<li>Musica a bordo&nbsp;</li>\n<li>Ceviche de camarones&nbsp;</li>\n<li>Agua, cerveza y gaseosa</li>\n</ul>','<ul>\n<li>Traslados al muelle</li>\n<li>Impuesto de muelle 9.000 cop/3 us</li>\n</ul>','<p>Presentarse en el Muelle de los Pegasos a las <strong>4.45 pm</strong> (PREVIA CONFIRMACION CON JET SET VIAJES)<br /><br /></p>','<p>*Recorrido por la bahia *Musica a bordo *Ceviche de camarones *Agua, cerveza y gaseosa</p>','<ul>\n<li>Traslados al muelle</li>\n<li>Impuesto de muelle 9.000 cop/3 us</li>\n</ul>',3,NULL),(236,203,'Atardecer Por La Bahía En Lancha Deportiva, Privada 7-12 pasajeros','<p>En esta modalidad realizamos un recorrido <strong>privado</strong> por la bahia para disfrutar el atardecer y la musica a bordo, salimos de 5:00 pm a 7:00 pm.</p>\n<p>&nbsp;</p>',4,10,1,'assets/images/media/607f5565edaab.jpg','<ul>\n<li>Recorrido <strong>privado</strong> por la bahia&nbsp;</li>\n<li>Musica a bordo&nbsp;</li>\n<li>Ceviche de camarones&nbsp;</li>\n<li>Agua, cerveza y gaseosa</li>\n</ul>','<ul>\n<li>Traslados al muelle</li>\n<li>Impuesto de muelle 9.000 cop/3 us</li>\n</ul>','<p>Presentarse en el Muelle de los Pegasos a las <strong>4.45 pm</strong> (PREVIA CONFIRMACION CON JET SET VIAJES)<br /><br /></p>','<p>*Recorrido por la bahia *Musica a bordo *Ceviche de camarones *Agua, cerveza y gaseosa</p>','<ul>\n<li>Traslados al muelle</li>\n<li>Impuesto de muelle 9.000 cop/3 us</li>\n</ul>',4,NULL),(237,112,'Cena Romántica en Centro Historico menu Exotico para 2','<p>En esta modalidad cenamos en un restaurante en el centro historico con un excelente menu y vista desde el balcon del restaurante.</p>\n<p><strong>Debes de comprar 1 solo cupo para 2 personas&nbsp;</strong></p>',4,10,0,'assets/images/media/618179166a051.jpg','<ul>\n<li>Cena en restaurante del centro historico</li>\n<li>Coctel de bienvenida</li>\n<li>Entrada para 2&nbsp;</li>\n<li>Plato fuerte</li>\n<li>Postre para 2</li>\n<li>Copa de vino de la casa</li>\n<li>Mesa decorada ubicada en el balcon</li>\n</ul>','<ul>\n<li>Traslado al restaurante</li>\n<li>Gastos adicionales</li>\n</ul>','<p>Presentarse en el Restaurante a partir de las<strong> 7.00 pm</strong> (PREVIA CONFIRMACION CON JET SET VIAJES)<br /><br /></p>','<p>*Coctel de bienvenida *Entrada *Plato fuerte *Bebidas *Postre&nbsp;</p>','<ul>\n<li>Traslado al restaurante</li>\n<li>Propinas ni gastos no especificados</li>\n</ul>',NULL,NULL),(238,112,'Paseo en coche y cena romantica menu Sensacion para 2','<p>En esta modalidad realizamos un recorrido de 30 minutos aproximadamente en un coche tradicional de caballos por el centro historico y luego cenamos en un restaurante con un excelente menu y musica en vivo los fines de semana.</p>\n<p><strong>Debes de comprar 1 solo cupo para 2 personas&nbsp;</strong></p>',4,10,0,'assets/images/media/618179331782d.jpg','<ul>\n<li>Paseo en coche de caballos con guia nativo</li>\n<li>Cena en restaurante de Getsemani&nbsp;</li>\n<li>1 bebida sin alcohol&nbsp;</li>\n<li>Entrada&nbsp;</li>\n<li>Plato fuerte</li>\n<li>Postre para 2</li>\n<li>1 coctel seleccionado para 2&nbsp;</li>\n<li>Mesa decorada</li>\n</ul>','<ul>\n<li>Traslado al centro historico</li>\n<li>Gastos adicionales</li>\n</ul>','<p>Presentarse en el Parque de la Marina a partir de las <strong>6.00 pm</strong></p>\n<p>Restaurante <strong>San Nicolas </strong>&nbsp;(PREVIA CONFIRMACION CON JET SET VIAJES)&nbsp;<br /><br /></p>','<p>*Paseo en coche por el centro historico *Coctel de bienvenida *Entrada *Plato fuerte&nbsp; *Postre</p>','<ul>\n<li>Traslado al restaurante</li>\n<li>Propinas ni gastos no especificados</li>\n</ul>',NULL,NULL),(239,112,'Paseo en coche y cena romantica menu Exotico para 2','<p>En esta modalidad realizamos un recorrido de 30 minutos aproximadamente en un coche tradicional de caballos por el centro historico y luego cenamos en un restaurante&nbsp; con un excelente menu.</p>\n<p><strong>Debes de comprar 1 solo cupo para 2 personas&nbsp;</strong></p>',4,10,0,'assets/images/media/61817b408454c.jpg','<ul>\n<li>Paseo en coche de caballos con guia nativo</li>\n<li>Cena en restaurante del centro historico</li>\n<li>Coctel de bienvenida</li>\n<li>Entrada para 2&nbsp;</li>\n<li>Plato fuerte</li>\n<li>Postre para 2</li>\n<li>Copa de vino de la casa</li>\n<li>Mesa decorada ubicada en el balcon</li>\n</ul>','<ul>\n<li>Traslado al centro historico</li>\n<li>Gastos adicionales</li>\n</ul>','<p>Presentarse en el Parque de la Marina a partir de las<strong> 6.00 pm</strong>&nbsp;(PREVIA CONFIRMACION CON JET SET VIAJES)<br /><br /></p>','<p>*Paseo en coche por el centro historico *Traslado al restaurante *Coctel de bienvenida *Entrada *Plato fuerte *Postre</p>','<ul>\n<li>Propinas ni gastos no especificados</li>\n</ul>',NULL,NULL),(240,140,'City tour panorámico en Chiva.','<p>En esta modalidad haremos un recorrido guiado en vehiculo de madera tipico (<strong>chiva</strong>),&nbsp; por los principales sitios turisticos de Cartagena de Indias, pasando por barrios de bocagrande, castillo haciendo una parada para tomar algunas fotografias, posteriormente iremos a las botas viejas, donde tendremos otra parada, pasando por el Castillo de San Felipe aunque no incluimos el ingreso, podemos tomar fotos, luego conoceremos el Centro Historico y caminaremos con nuestro guia historiador.</p>\n<p>La actividad dura 3 horas aproximadamente.</p>\n<p>&nbsp;</p>',3,10,1,'assets/images/media/613152185b20c.jpeg','<ul>\n<li>Traslado en bus de madera (chiva) desde tu hotel (zona Bocagrande, El Laguito y Castillo)</li>\n<li>Guia historiador.</li>\n<li>Recorrido panoramico.</li>\n<li>Caminata guiada en el Centro Historico.</li>\n</ul>','<ul>\n<li>Entrada al Castillo de San Felipe.</li>\n</ul>','<p>Te pasaremos a buscar a tu hotel de acuerdo a horario acordado, Zona Bocagrande, El Laguito, y Castillo Grande.<br /><strong>(PREVIA CONFIRMACION CON ARMA TU MOCHILA.COM)</strong></p>','<p>*Traslado desde y hacia el hotel (Zona Bocagrande, El Laguito, y Castillo Grande.) *Guia historiador&nbsp; *Recorrido panoramico.</p>','<ul>\n<li>Entrada al Castillo de San Felipe.</li>\n</ul>',1,NULL),(241,140,'City tour panoramico con recorrido en Segway','<p>En este recorrido conoceremos los lugares mas representativos de Cartagena en vehiculo climatizado y con guia historiador durante el recorrido, finalizamos en el Centro Historico el cual recorreremos en movilidad electrica: segway durante 20 minutos aprox.</p>\n<p>La actividad dura 3 horas aproximadamente</p>',3,10,0,'assets/images/media/61315230e72d1.jpg','<ul>\n<li>Traslado en vehiculo climatizado desde el hotel (zona Bocagrande, El Laguito y Castillo)</li>\n<li>Guia historiador&nbsp;</li>\n<li>Recorrido panoramico&nbsp;</li>\n<li>Subida al mirador de la Popa (sujeto a condiciones)</li>\n<li>Caminata guiada en el Centro Historico en Segway</li>\n<li>Degustacion de vinos y cafes de Colombia (sujeto a condiciones)</li>\n<li>Souvenir dulce</li>\n</ul>','<ul>\n<li>Entrada al Castillo de San Felipe</li>\n</ul>','<p>Te pasamos a buscar al hotel de acuerdo a horario acordado, Zona Bocagrande, El Laguito, y Castillo Grande.<br />(PREVIA CONFIRMACION CON JET SET VIAJES)<br /><br /></p>','<p>*Traslado desde y hacia el hotel (Aplican restricciones) *Guia historiador *Recorrido panoramico *Souvenir dulce *Recorrido en segway por el centro</p>','<ul>\n<li>Entrada al Castillo de San Felipe</li>\n</ul>',4,NULL),(242,140,'City Tour privado por Cartagena de Indias','<p>En esta modalidad realizamos un recorrido <strong>privado, </strong>en vehiculo climatizado, podemos tomar fotos en los principales sitios turisticos y conoceremos el Centro Historico, acompa&ntilde;ados de nuestro guia historiador.</p>\n<p>La actividad dura 3 horas aproximadamente.</p>\n<p><strong>El valor publicado es por persona, minimo deben pagar dos personas.</strong></p>',4,10,1,'assets/images/media/613151c202746.jpg','<ul>\n<li>Traslado <strong>privado </strong>desde y hacia el hotel (Bocagrande, El Laguito, Castillo, Zona Norte, Centro y Getsemani)</li>\n<li>Guia historiador&nbsp;</li>\n<li>Recorrido panoramico&nbsp;</li>\n<li>Subida al mirador de la Popa (sujeto a condiciones)</li>\n<li>Caminata guiada en el Centro Historico</li>\n<li>Degustacion de vinos y cafes de Colombia (sujeto a condiciones)</li>\n<li>Souvenir dulce</li>\n</ul>','<ul>\n<li>Entrada al Castillo de San Felipe</li>\n</ul>','<p>Te pasamos a buscar a tu hotel de acuerdo a horario acordado, Zona Bocagrande, El Laguito, y Castillo Grande.<br /><strong>(PREVIA CONFIRMACION CON ARMA TU MOCHILA.COM)</strong></p>','<p>*Traslado desde y hacia el hotel (Aplican restricciones) *Guia historiador *Recorrido panoramico.</p>','<ul>\n<li>Entrada al Castillo de San Felipe.</li>\n</ul>',5,NULL),(243,29,'Islas del Rosario, Playa Tranquila, Baru Premium','<p>En esta modalidad tenemos sillas asoleadoras o camas de playa y bohio incluido, ademas de 2 deliciosos cocteles de la casa y un ceviche de camarones o porcion de frutas y los ni&ntilde;os pueden escoger frutas o un postre o torta, nuestro pasadia sera de 8:00 am a 3:00 pm.&nbsp;</p>\n<p>Tenemos <strong>6&nbsp;opciones </strong>de almuerzo para seleccionar: pescado frito (Mojarra 550 gms), pescado encocado (Mojarra 550 gms), pescado guisado (Mojarra 550 gms), cerdo a la plancha (Chuleta), pollo a la plancha (Pechuga) y vegetariano.</p>',3,10,1,'assets/images/media/61607bfa6be72.jpg','<ul>\n<li>Traslado en lancha&nbsp;</li>\n<li>Panoramico por las Islas del Rosario</li>\n<li>Parada en el Oceanario</li>\n<li>2 Cocteles de la casa</li>\n<li>6 opciones de almuerzo en <strong>Jet Set Beach</strong></li>\n<li>Ceviche de camarones o porcion de frutas</li>\n<li>Postre o torta para los ni&ntilde;os&nbsp;</li>\n<li>Uso de sillas reposeras, camas de playa y bohios (ubicacion sujeta a disponibilidad)</li>\n<li>Ba&ntilde;os y duchas de agua dulce</li>\n</ul>','<ul>\n<li>Traslados al muelle</li>\n<li>Impuesto de muelle 20.000 cop/6 us</li>\n<li>Ingreso al Oceanario o Snorkel</li>\n</ul>','<p>Presentarse en el <strong>Muelle de la Bodeguita, Entrada 1 a las</strong> <strong>8.00 am</strong>&nbsp;(PREVIA CONFIRMACION CON JET SET TRAVEL)</p>','<p>*Traslado en lancha *Panoramico por las Islas del Rosario *Almuerzo *2 Cocteles de la casa *Ceviche de camarones o Fruta *Silla asoleadora y bohio o cama de playa</p>','<ul>\n<li>Traslados al muelle</li>\n<li>Impuesto de muelle 20.000 cop/6 us</li>\n<li>Entrada al Oceanario 30.000 cop/ 10 us</li>\n<li>Actividad de snorkel 45.000 cop/ 12 us</li>\n</ul>',3,NULL),(244,203,'Noche Caribeña Por La Bahia','<p>En esta modalidad realizamos un recorrido compartido por la bahia para disfrutar la romantica noche del caribe y una sensacional parranda vallenata a bordo, salimos de 7:00 pm a 9:00 pm.</p>',4,10,1,'assets/images/media/61316c33cb155.jpg','<ul>\n<li>Recorrido por la bahia&nbsp;</li>\n<li>Musica a bordo con parrando vallenato</li>\n<li>Ceviche de camarones&nbsp;</li>\n<li>Bar abierto de cocteles seleccionados</li>\n</ul>','<ul>\n<li>Traslados al muelle</li>\n<li>Impuesto de muelle 9.000 cop/3 us</li>\n</ul>','<p>Presentarse en el Muelle de los Pegasos a las <strong>6.45 pm</strong> (PREVIA CONFIRMACION CON JET SET VIAJES)<br /><br /></p>','<p>*Recorrido por la bahia *Musica a bordo *Ceviche de camarones *Bar abierto de cocteles seleccionados</p>','<ul>\n<li>Traslados al muelle</li>\n<li>Impuesto de muelle 9.000 cop/3 us</li>\n</ul>',2,NULL),(245,180,'Descubre la magia de la noche en Getsemani.','<p><span class=\"-raw-multiline\"><span style=\"vertical-align: inherit;\"><span style=\"vertical-align: inherit;\">En esta experiencia, cooceremos las coloridas callecitas&nbsp; de el sector de Getsemani en la noche, donde disfrutaremos del flolklor callejero, podremos disfrutar de su gastronomia y la vida nocturna que este sitio nos ofrece a propios y visitantes.</span></span></span></p>\n<p><span class=\"-raw-multiline\"><span style=\"vertical-align: inherit;\"><span style=\"vertical-align: inherit;\">Getsemani barrio hist&oacute;rico y famoso por su arquitectura e historia, te recogemos en tu hotel para darte un breve recorrido por la zona hotelera y turistica de Bocagrande y El Laguito, luego podras difrutar de una caminata guiada por&nbsp; las bellas calles de Getsemani disfrutar un delicioso jugo natural y terminar con diferentes opciones de primer plato, entrante o entrada en un excelente y elegante restaurante.</span></span></span></p>\n<p><span class=\"-raw-multiline\"><span style=\"vertical-align: inherit;\"><span style=\"vertical-align: inherit;\">Musica en vivo los fines de semana, puedes quedarte en el restaurante y disfrutar de la noche hasta la hora que quieras regresar a tu hotel, el regreso sera por tu cuenta.</span></span></span></p>\n<p><span class=\"-raw-multiline\"><span style=\"vertical-align: inherit;\"><span style=\"vertical-align: inherit;\">La actividad dura 2 horas aproximadamente.</span></span></span></p>',4,10,1,'assets/images/media/62a65822d2bf6.jpeg','<ul>\n<li>Traslado desde el hotel (Bocagrande, El Laguito y Castillo).</li>\n<li><span style=\"vertical-align: inherit;\"><span style=\"vertical-align: inherit;\">Recorrido por Castillogrande, Bocagrande y el Laguito.</span></span></li>\n<li><span style=\"vertical-align: inherit;\"><span style=\"vertical-align: inherit;\">Plato de entrada.</span></span></li>\n<li>Jugo natural <span style=\"vertical-align: inherit;\"><span style=\"vertical-align: inherit;\">refrescante.</span></span></li>\n<li>Caminata por Getsemani.</li>\n<li>Gu&iacute;a historiador durante el recorrido.</li>\n</ul>','<ul>\n<li><span style=\"vertical-align: inherit;\"><span style=\"vertical-align: inherit;\">Bebida en el restaurante</span></span></li>\n<li><span style=\"vertical-align: inherit;\"><span style=\"vertical-align: inherit;\">Regreso al hotel</span></span></li>\n</ul>','<p>Te pasamos a buscar al hotel a las <strong>7.00 pm</strong>, Zona Bocagrande, El Laguito, y Castillo Grande.<br />(PREVIA CONFIRMACION CON ARMA TU MOCHILA.COM)<br /><br /></p>','<p>*Traslado desde el hotel (Aplican restricciones) *Recorrido por Castillogrande, Bocagrande y el Laguito *Jugo natural refrescante *Caminata por Getsemani *Gu&iacute;a historiador durante el recorrido *Plato de entrada.</p>','<ul>\n<li>Propinas.</li>\n<li>Gastos no especificados.</li>\n<li>Regreso al hotel.</li>\n</ul>',NULL,NULL),(246,180,'Getsemani De Rumba.','<p>En esta experiencia viviremos la magia de la noche Getsemanicense, aca haremos un breve recorrido por la zona turistica de Cartagena, para luego hacer una caminata por sus callecitas llenas de hostoria, y podremos disfrutar de una noche en una de las mejores discotecas del momento en la ciudad de Cartagena, donde tendremos shows en vivo cada hora, el regreso hacia el hotel no esta incluido.</p>\n<p>**<strong>NO SE ACEPTAN NI&Ntilde;OS</strong>**</p>\n<p>La actividad dura 3 horas aproximadamente.</p>',4,10,1,'assets/images/media/62a65ba79c512.jpeg','<ul>\n<li>Traslado desde el hotel (Bocagrande, El Laguito y Castillo)</li>\n<li>Recorrido por Castillogrande , Bocagrande y el Laguito</li>\n<li>Jugo natural&nbsp;refrescante</li>\n<li>Caminata por Getsemani</li>\n<li>Entrada a discoteca con coctail de bienvenida.</li>\n<li>Gu&iacute;a historiador durante el recorrido</li>\n</ul>','<ul>\n<li>Propina</li>\n<li>Traslado al hotel&nbsp;</li>\n</ul>','<p>Te pasamos a buscar al hotel a las <strong>7.00 pm</strong>, Zona Bocagrande, El Laguito, y Castillo Grande.<br />(PREVIA CONFIRMACION CON ARMA TU MOCHILA.COM)<br /><br /></p>','<p>*Traslado desde el hotel (Aplican restricciones) *Recorrido por Castillogrande, Bocagrande y el Laguito *Jugo natural refrescante *Caminata por Getsemani *Gu&iacute;a historiador durante el recorrido *Entrada a seven times *coctail de bienvenida.</p>','<ul>\n<li>Propinas&nbsp;</li>\n<li>Gastos no especificados</li>\n<li>Regreso al hotel</li>\n</ul>',NULL,NULL),(247,135,'Mini Curso de Buceo y Pasadia en Playa Blanca Baru.','<p>En esta modalidad te llevamos desde Cartagena en vehiculo climatizado hasta la isla de Baru, una de las islas del Rosario.</p>\n<p>Pasaras un dia espectacular en nuestra Playa <strong>KALINAGO BEACH</strong>, relajate frente al mar y realiza una inmersion de 30 a 40 minutos en los arrecifes de peces y corales a tan solo unos minutos en lancha de Baru, nuestro pasadia sera de 7:00 am a 3:00 pm.&nbsp;</p>\n<p>Tenemos 3<strong>&nbsp;opciones </strong>de almuerzo para seleccionar: Mojarra frita, pescado encocado (Mojarra 550 gms), pescado guisado (Mojarra 550 gms), cerdo a la plancha (Chuleta), pollo a la plancha (Pechuga) y vegetariano.</p>',10,18,1,'assets/images/media/613fb30ac2d0d.jpg','<ul>\n<li>Traslado en vehiculo climatizado desde tu hotel (zona Bocagrande, El Laguito y Castillo).</li>\n<li>2 Cocteles de la casa.</li>\n<li>3 opciones de almuerzo en <strong>KALINAGO BEACH.</strong></li>\n<li>Uso de sillas reposeras o camas de playa y bohios (ubicacion sujeta a disponibilidad).</li>\n<li><span style=\"vertical-align: inherit;\"><span style=\"vertical-align: inherit;\"><span style=\"vertical-align: inherit;\"><span style=\"vertical-align: inherit;\">Instructor certificado, e</span></span></span></span><span style=\"vertical-align: inherit;\"><span style=\"vertical-align: inherit;\"><span style=\"vertical-align: inherit;\"><span style=\"vertical-align: inherit;\">quipo de buceo autonomo.</span></span></span></span></li>\n<li><span style=\"vertical-align: inherit;\"><span style=\"vertical-align: inherit;\"><span style=\"vertical-align: inherit;\"><span style=\"vertical-align: inherit;\">1 inmersion en mar.</span></span></span></span></li>\n</ul>','<ul>\n<li>Gastos no especificados.</li>\n</ul>','<p>Te pasamos a buscar al hotel a las <strong>7.00 am</strong>. Zona Bocagrande, El Laguito, Castillo Grande y Getsemani.<br />(PREVIA CONFIRMACION CON NARMA TU MOCHILA.COM)</p>\n<p style=\"text-align: left;\"><strong>La actividad no se puede realizar 24 horas antes de la hora de tu vuelo de regreso ni el dia de tu vuelo de llegada.<br /><br /></strong></p>','<p>*Traslado desde y hacia el hotel (Zona Bocagrande, El Laguito, Castillo Grande y Getsemani.)&nbsp; *Almuerzo *Equipo de buceo *Guia profesional *1 Inmersion *Sillas asoleadoras.</p>','<ul>\n<li>Gastos no especificados.</li>\n</ul>',4,NULL),(248,169,'Plan Mochila Especial, isla de Barú terrestre.','<p>En esta experiencia te ofrecemos almuerzo y un coctel de la casa, ademas te incluiremos silas o camas de playa, nuestro pasadia sera de 7:00 am a 3:00 pm.&nbsp;</p>\n<p>Tenemos 3<strong>&nbsp;opciones </strong>de almuerzo para seleccionar: Mojarra frita, Cerdo a la plancha (Chuleta), y Pollo a la plancha (Pechuga).</p>\n<p>&nbsp;</p>',3,10,1,'assets/images/media/629e84cd6eeca.jpg','<ul>\n<li>Traslado en vehiculo climatizado desde tu hotel (zona Bocagrande, El Laguito y Castillo)</li>\n<li>3 opciones de almuerzo en <strong>KALINAGO BEACH I.</strong></li>\n<li>Uso de las instalaciones y playa.</li>\n<li>Uso de sillas reposeras, camas de playa y bohios (ubicacion sujeta a disponibilidad)</li>\n</ul>','<ul>\n<li>Servicios no descritos en el presente programa.</li>\n</ul>','<p>Te pasamos a buscar a tu hotel a las <strong>7.00 am.</strong> Zona Bocagrande, El Laguito, Castillo Grande y Getsemani.<br />(PREVIA CONFIRMACION CON ARMA TU MOCHILA.COM)<br /><br /></p>','<p>*Traslado desde y hacia el hotel (Zona Bocagrande, El Laguito, Castillo Grande y Getsemani.)&nbsp; *Almuerzo *Uso de las instalaciones. *Silla asoleadora y bohio o cama de playa</p>','<ul>\n<li>Servicios no descritos en el presente programa.</li>\n</ul>',2,NULL),(249,169,'Plan mochila Oro, Baru playa tranquila.','<p>En esta experiencia te ofrecemos Transporte compartido Van, Horario recogido 7:00/8:00<br />Horario regreso 13:00/ 20:00, donde te incluiremos Sillas, mesas, asoleadoras seg&uacute;n&nbsp;<br />disponibilidad, Almuerzo: Mojarra, pollo o Veggie, tambien podr&aacute;s disfrutar de un delicioso Desayuno &oacute; jugo de frutas.</p>',3,10,1,'assets/images/media/61704ee066fd8.jpg','<ul>\n<li>Transporte compartido Van.</li>\n<li>Horario recogido 7:00/8:00.</li>\n<li>Horario regreso 13:00/ 20:00.<br />Pasad&iacute;a, Incluye Sillas, mesas.</li>\n<li>Asoleadoras seg&uacute;n disponibilidad.</li>\n<li>Almuerzo: Mojarra, pollo o Veggie.</li>\n<li>Desayuno &oacute; jugo de frutas.</li>\n</ul>','<ul>\n<li>Gastos no especificados.</li>\n</ul>','<p>Te pasamos a buscar a tu hotel a las <strong>7.00 am.</strong> Zona Bocagrande, El Laguito, Castillo Grande y Getsemani.<br />(PREVIA CONFIRMACION CON ARMA TU MOCHILA.COM)<br /><br /></p>','<p>*Traslado desde y hacia el hotel (Zona Bocagrande, El Laguito, Castillo Grande y Getsemani.)&nbsp; *Almuerzo *Uso de las instalaciones. *Silla asoleadora *mesas *Desayuno o jugo de frutas.</p>','<ul>\n<li>Servicios no descritos en el presente programa.</li>\n</ul>',4,NULL),(250,65,'Recorrido al Aviario y pasadia en Playa Tranquila','<p>Recorrido de 2 horas por el Aviario Nacional de Colombia, show de aves a las 11.30 am y tarde de playa en Playa Tranquila Baru a donde llegaremos en una peque&ntilde;a lancha en un recorrido de 5 minutos a este sector exclusivo y privado.</p>\n<p>Disfruta de almuerzo en<strong> Jet Set Beach,</strong> mar azul turquesa y arena blanca bajo tus pies, nuestro pasadia sera de 8:00 am a 3:00 pm.</p>\n<p>Tenemos <strong>4 opciones </strong>de almuerzo para seleccionar: pescado frito (Mojarra 450 gms), cerdo a la plancha (Chuleta), pollo a la plancha (Pechuga) y vegetariano.</p>',2,10,1,'assets/images/media/613fd21a84900.jpg','<ul>\n<li>Traslado en vehiculo climatizado desde el hotel (zona Bocagrande, El Laguito y Castillo)</li>\n<li>Entrada al Aviario Nacional &nbsp;</li>\n<li><strong>IMPORTANTE: </strong>Debes reclamar tu boleta de ingreso en Jet Set Viajes</li>\n<li>Traslado hasta Playa Tranquila</li>\n<li>Coctel de la casa</li>\n<li>4 opciones de almuerzo en <strong>Jet Set Beach</strong></li>\n<li>Ba&ntilde;os y duchas de agua dulce</li>\n</ul>','<ul>\n<li>Uso de sillas reposeras, camas de playa y bohios</li>\n<li>Impuesto de extranjeria $20.000/8 us (se pagan en la agencia)</li>\n</ul>','<p>Te pasamos a buscar al hotel a las <strong>8.00 am.</strong> Zona Bocagrande, El Laguito, Castillo Grande y Getsemani.<br />(PREVIA CONFIRMACION CON JET SET VIAJES)<br /><br /></p>','<p>*Traslado desde y hacia el hotel (Aplican restricciones) *Entrada al Aviario&nbsp; *Coctel de la casa *Almuerzo *Porcion de Fruta</p>','<ul>\n<li>Uso de sillas reposeras, camas de playa y bohios</li>\n<li>Impuesto de extranjeria $20.000/10 us (se pagan en la agencia)</li>\n</ul>',NULL,NULL),(251,206,'Margaritas Beach Club','<p>En esta modalidad te ofrecemos un delicioso almuerzo tipico caribe&ntilde;o en nuestro Club de Playa con comodos bohios, camas de playa, hamacas y bebida de bienvenida.&nbsp;</p>\n<p>Disfruta de la piscina de agua dulce y de cocteles deliciosos de nuestro bar.</p>\n<p>Tenemos una panoramica espectacular de Cartagena, nuestro pasadia sera de 9:00 am a 3:00 pm.&nbsp;</p>',5,10,0,'assets/images/media/6183df8b31710.jpg','<ul>\n<li>Traslado en lancha&nbsp;</li>\n<li>Coctel de bienvenida</li>\n<li>3 opciones de almuerzo tipico&nbsp;</li>\n<li>Uso de instalaciones&nbsp;</li>\n<li>Bohios, camas de playa, asoleadoras</li>\n</ul>','<ul>\n<li>Traslados al muelle</li>\n<li>Bebida con el almuerzo</li>\n<li>Gastos no especificados</li>\n</ul>','<p>Presentarse en el <strong>Muelle de Bocagrande</strong> &nbsp;detr&aacute;s del Nuevo Hospital Bocagrande, a las <strong>9.00 am, Coordinadora: Movil +57 317 886 2083</strong>&nbsp;(PREVIA CONFIRMACION CON JET SET VIAJES)</p>','<p>*Traslado en lancha *Almuerzo tipico *Bebida de bienvenida</p>','<ul>\n<li>Gastos no especificados</li>\n<li>Bebida con el almuerzo</li>\n</ul>\n<p>&nbsp;</p>',NULL,NULL),(252,107,'Isla Privada Bora Bora VIP','<p>En esta modalidad tienes acceso al Club de Playa y a la zona VIP, 5 opciones de almuerzo, coctel de bienvenida.</p>\n<p>Almuerzo para escoger: paella Bora Bora, pasta a la marinera, plato t&iacute;pico cartagenero (pescado), pechuga de pollo a la plancha &oacute; plato vegetariano, nuestro pasadia sera de 8:00 am a 3:00 pm.&nbsp;</p>\n<p><strong>Solo para mayores de 18 a&ntilde;os.</strong></p>',18,18,0,'assets/images/media/6146157c13d5c.jpeg','<ul>\n<li>Traslado en lancha Triton</li>\n<li>Panoramico por las Islas del Rosario</li>\n<li>Coctel de la casa</li>\n<li>5 opciones de almuerzo&nbsp;</li>\n<li>DJ en vivo</li>\n<li>Cama de playa (segunda linea de playa)</li>\n</ul>','<ul>\n<li>Traslados al muelle</li>\n<li>Impuesto de muelle 20.000 cop/6 us</li>\n<li>Traslado al Oceanario</li>\n<li>Cama de playa en primera linea (70.000 cop/20 us adicionales)</li>\n</ul>','<p>Presentarse en el Muelle de la Bodeguita Entrada 4 a las <strong>7.20 am</strong> (PREVIA CONFIRMACION CON JET SET VIAJES)<br /><br /></p>','<p>*Traslado en lancha Triton *Coctel de la casa *5 opciones de almuerzo&nbsp; *Cama de playa (segunda linea de playa)</p>','<ul>\n<li>Traslados al muelle</li>\n<li>Impuesto de muelle 20.000 cop/6 us</li>\n<li>Traslado al Oceanario</li>\n</ul>',NULL,NULL),(253,122,'Test Sibarita','',NULL,NULL,1,'assets/images/default.jpg','','',NULL,NULL,NULL,NULL,NULL),(254,135,'Mini experiencia de Buceo en Baru.','<p>Si aun no estas seguro de tener una experiencia completa de buceo, o eres una persona nerviosa, esta actividad es parati y para los mas novatos o quienes aun no han tomado la decision de vivir una experiencia mas completa.</p>\n<p>En esta actividad tendremos una capacitacion rapida de aspectos mas relevantes que se deben tener en cuenta para una inmersion, donde nos equiparemos con todo lo necesario para vivr esta emocionante experiencia haciendo un buceo autonomo a baja profundidad durante un periodo de 15 minutos recorriendo los arrecifes de coral del sector, donde podremos apreciar diferentes especies de peces, y corales.</p>\n<p>Esta actividad se realiza si estas en Playa Blanca Baru.&nbsp;</p>\n<p>Debes de llegar a nuestro club de playa a las 10:00 am previa confirmacion con la agencia <strong>KALINAGO BEACH.</strong></p>',10,18,1,'assets/images/media/6153aec4a6eed.jpg','<ul>\n<li><span style=\"vertical-align: inherit;\"><span style=\"vertical-align: inherit;\"><span style=\"vertical-align: inherit;\"><span style=\"vertical-align: inherit;\">Instructor PADI certificado.</span></span></span></span></li>\n<li><span style=\"vertical-align: inherit;\"><span style=\"vertical-align: inherit;\"><span style=\"vertical-align: inherit;\"><span style=\"vertical-align: inherit;\">Equipo de buceo profesional.</span></span></span></span></li>\n<li><span style=\"vertical-align: inherit;\"><span style=\"vertical-align: inherit;\"><span style=\"vertical-align: inherit;\"><span style=\"vertical-align: inherit;\">1 inmersion en mar.</span></span></span></span></li>\n</ul>','<ul>\n<li><span style=\"vertical-align: inherit;\"><span style=\"vertical-align: inherit;\"><span style=\"vertical-align: inherit;\"><span style=\"vertical-align: inherit;\">Traslados (debes estar en Playa Blanca Baru y llegar a<strong> KALINAGO BEACH</strong>)</span></span></span></span></li>\n<li><span style=\"vertical-align: inherit;\"><span style=\"vertical-align: inherit;\"><span style=\"vertical-align: inherit;\"><span style=\"vertical-align: inherit;\">Almuerzo</span></span></span></span></li>\n<li><span style=\"vertical-align: inherit;\"><span style=\"vertical-align: inherit;\"><span style=\"vertical-align: inherit;\"><span style=\"vertical-align: inherit;\">Pasadia en <strong>KALINAGO BEACH.</strong></span></span></span></span></li>\n</ul>','<p>Presentarse en <strong>KALINAGO BEACH</strong> a las <strong>9.00 am</strong> (<strong>PREVIA CONFIRMACION CON ARMA TU MOCHILA.COM</strong>)</p>\n<p style=\"text-align: left;\"><strong>La actividad no se puede realizar 24 horas antes de la hora de tu vuelo de regreso.&nbsp;</strong></p>','<p>*Equipo de buceo *Guia profesional *1 Inmersion&nbsp;&nbsp;</p>','<ul>\n<li>Trasporte a Playa Blanca Baru.</li>\n<li>Pasadia en KALINAGO BEACH.</li>\n<li>Almuerzo.</li>\n<li>Servicios no estipulaos en el presente programa.</li>\n</ul>',1,NULL),(255,140,'Caminata guiada por el Castillo de San Felipe','<p>En esta modalidad realizamos un recorrido guiado al interior del Castillo de San Felipe durante 1 hora aproximadamente, conoceremos los secretos y maravillas de esta fabulosa construccion.</p>\n<p>Caminaremos por los magicos tuneles y subiremos a la parte mas alta del castillo para ver la belleza de ciudad desde ese punto.</p>\n<p>La actividad dura 1 hora aproximadamente.</p>\n<p>&nbsp;</p>',3,10,1,'assets/images/media/615f76ed498d1.jpg','<ul>\n<li>Traslado en vehiculo climatizado desde tu hotel.</li>\n<li>(zona Bocagrande, El Laguito y Castillo, Getsemani y zona Norte).</li>\n<li>Guia historiador .</li>\n<li>Entrada al Castillo de San Felipe.</li>\n</ul>','<ul>\n<li><strong>Traslado de regreso a tu Hotel.</strong></li>\n</ul>','<p>Pasaremos a buscarte a tu hotel <strong>(sector bocagrande, castillo, castillo grande y getsemani</strong>) para llevarte hasta el castillo de san Felipe, previamentge estaremos conformando un dia antes el horario de la actividad&nbsp; de acuerdo a disponibilidad, para hacer este emocionante recorrido por la historia, donde nuestro guia le llevar&aacute; por un viaje a traves de el tiempo, recorriendo tuneles y pasadisos secretos.</p>\n<p><strong>Es OBLIGATORIO llevar tu documento de identidad para poder de realizar la actividad.</strong></p>','<p>*Traslado desde el Hotel (solo sector bocagrande, castillo, laguito, gertsesmani) *Entrada al Castillo de San Felipe * Guia historiador</p>','<ul>\n<li>Traslado de regreso al Hotel</li>\n<li><span style=\"vertical-align: inherit;\"><span style=\"vertical-align: inherit;\"><span style=\"vertical-align: inherit;\"><span style=\"vertical-align: inherit;\">Impuesto de extranjeria&nbsp; 5.000 cop / 2 us</span></span></span></span></li>\n</ul>',2,NULL),(256,29,'Islas del  Rosario, Playa Tranquila, Baru Especial','<p>En esta modalidad tenemos almuerzo y un coctel de la casa ademas de sillas asoleadoras en el sector privado de<strong> Jet Set Beach</strong>, nuestro pasadia sera de 8:00 am a 3:00 pm.&nbsp;</p>\n<p>Tenemos <strong>4 opciones </strong>de almuerzo para seleccionar: pescado frito (Mojarra 450 gms), cerdo a la plancha (Chuleta), pollo a la plancha (Pechuga) y vegetariano.</p>',3,10,0,'assets/images/media/61607bbb37777.jpg','<ul>\n<li>Traslado en lancha deportiva&nbsp;</li>\n<li>Panoramico por las Islas del Rosario</li>\n<li>Parada en el Oceanario</li>\n<li>Coctel de la casa</li>\n<li>4 opciones de almuerzo en <strong>Jet Set Beach</strong></li>\n<li>Uso de sillas reposeras, camas de playa y bohios (ubicacion sujeta a disponibilidad)</li>\n<li>Zona de hamacas</li>\n<li>Ba&ntilde;os y duchas de agua dulce</li>\n</ul>','<ul>\n<li>Traslados al muelle</li>\n<li>Impuesto de muelle 20.000 cop/6 us</li>\n<li>Ingreso al Oceanario o Snorkel&nbsp;</li>\n</ul>','<p>Presentarse en el <strong>Muelle de la Bodeguita, Entrada 1 a las</strong> <strong>8.00 am</strong>&nbsp;(PREVIA CONFIRMACION CON JET SET TRAVEL)</p>','<p>*Traslado en lancha *Panoramico por las Islas del Rosario *Almuerzo *Coctel de la casa *Silla asoleadora o cama de playa y bohio</p>','<ul>\n<li>Traslados al muelle</li>\n<li>Impuesto de muelle 20.000 cop/6 us</li>\n<li>Entrada al Oceanario 30.000 cop/ 10 us</li>\n<li>Actividad de snorkel 45.000 cop/ 12 us</li>\n</ul>',2,NULL),(257,129,'Snorkeling de Arrecifes en Playa Blanca Barú. ','<p>En esta experiencia experimentar&aacute;s la magia de otro mundo como lo es el mundo submarino y sus especies, rodeando los arrecifes de coral ubicados en playa blanca Bar&uacute;, lugar al que llegaremos en lacha para que disfrutemos de esta experiencia por un periiodo de unos 20 a 30 minutos aproximadamente en compa&ntilde;ia de nuestro guia de buceo quien te ense&ntilde;ar&aacute; a alimentar los peces multicolores que habitan el arrecife.</p>\n<p>&nbsp;</p>',4,10,1,'assets/images/media/6165f98189438.jpg','<ul>\n<li>Trasporte en lancha hasta los arrecifes.</li>\n<li><span style=\"vertical-align: inherit;\"><span style=\"vertical-align: inherit;\"><span style=\"vertical-align: inherit;\"><span style=\"vertical-align: inherit;\">Guia acompa&ntilde;ante.</span></span></span></span></li>\n<li><span style=\"vertical-align: inherit;\"><span style=\"vertical-align: inherit;\"><span style=\"vertical-align: inherit;\"><span style=\"vertical-align: inherit;\">Equipo de snorkel.</span></span></span></span></li>\n</ul>','<ul>\n<li><span style=\"vertical-align: inherit;\"><span style=\"vertical-align: inherit;\"><span style=\"vertical-align: inherit;\"><span style=\"vertical-align: inherit;\">Almuerzo.</span></span></span></span></li>\n<li><span style=\"vertical-align: inherit;\"><span style=\"vertical-align: inherit;\"><span style=\"vertical-align: inherit;\"><span style=\"vertical-align: inherit;\">Pasadia en <strong>KALINAGO BEACH.</strong></span></span></span></span></li>\n</ul>','<p>Debes Presentarte en <strong>KALINAGO BEACH</strong> a las <strong>9.00 am</strong> <strong>(PREVIA CONFIRMACION CON ARMA TU MOCHILA.COM)</strong></p>\n<p>&nbsp;</p>\n<p>&nbsp;</p>','<p>*Equipo de snorkel *Guia profesional.</p>','<ul>\n<li>Trasporte a Playa Blanca Baru.</li>\n<li>Pasadia en KALINAGO BEACH.</li>\n<li>Almuerzo.</li>\n</ul>',1,NULL),(258,129,'Snorkeling de Arrecifes  y Pasadía en Playa Blanca Barú.','<p>En esta experiencia como lo indica su nombre viviras una maravillosa experiencia de arrecifes en Playa Blanca Bar&uacute; donde te llevaremos en lancha o bus climatizado desde Cartagena, hasta KALINAGO BEACH, luego experimentar&aacute;s la magia de otro mundo como lo es el mundo submarino y sus especies, rodeando los arrecifes de coral ubicados en playa blanca Bar&uacute;, lugar al que llegaremos en lacha para que disfrutemos de esta experiencia por un periiodo de unos 20 a 30 minutos aproximadamente en compa&ntilde;ia de nuestro guia de buceo quien te ense&ntilde;ar&aacute; a alimentar los peces multicolores que habitan el arrecife. y podr&aacute;s disfrutar de nuestro almuerzo tipico frente al mar, disfrutando de arenas blancas y mar azul turquesa.</p>\n<p>Tenemos 3<strong>&nbsp;opciones&nbsp;</strong>de almuerzo para ofrecerte: Mojarra frita, Cerdo a la plancha (Chuleta), Pollo a la plancha (Pechuga).</p>',4,10,1,'assets/images/media/6165ff657b960.png','<p>&nbsp;Trasporte terrestre ida y regreso.</p>\n<ul>\n<li>3 opciones de almuerzo en <strong>KALINAGO BEACH.</strong></li>\n<li>Uso de sillas reposeras, camas de playa y bohios.</li>\n<li><span style=\"vertical-align: inherit;\"><span style=\"vertical-align: inherit;\"><span style=\"vertical-align: inherit;\"><span style=\"vertical-align: inherit;\">Guia acompa&ntilde;ante.</span></span></span></span></li>\n<li><span style=\"vertical-align: inherit;\"><span style=\"vertical-align: inherit;\"><span style=\"vertical-align: inherit;\"><span style=\"vertical-align: inherit;\">Equipo de snorkel profesional.</span></span></span></span></li>\n</ul>','<ul>\n<li>Gastos no especificados.</li>\n</ul>','<p>Te pasamos a buscar al hotel a las 7.00 am. Zona Bocagrande, El Laguito, Castillo Grande y Getsemani.</p>','<p>*Traslado desde y hacia el hotel (Zona Bocagrande, El Laguito, Castillo Grande y Getsemani.) *Almuerzo *Equipo de snorkel *Guia profesional *1 Inmersion *Sillas asoleadoras y bohio.</p>','<ul>\n<li>Gastos no especificados</li>\n</ul>',3,NULL),(259,121,'Yate Sibarita por la Bahia con Cena','<p>En esta modalidad realizamos un recorrido por la bahia y disfrutaremos de una deliciosa cena con entrada, plato fuerte, postre y vino bajo las estrellas, salimos de 7:00 pm a 9:00 pm.</p>\n<p>Mesa exclusiva garantizada:&nbsp; 60.000 cop/ 20 us adicionales por pareja.</p>',4,11,0,'assets/images/media/616619f521fcd.png','<ul>\n<li>Recorrido por la bahia&nbsp;</li>\n<li>Musica a bordo&nbsp;</li>\n<li><span style=\"vertical-align: inherit;\"><span style=\"vertical-align: inherit;\">Cena Men&uacute; servido (entrada, plato fuerte, postre)</span></span></li>\n<li><span style=\"vertical-align: inherit;\"><span style=\"vertical-align: inherit;\"> </span></span><span style=\"vertical-align: inherit;\"><span style=\"vertical-align: inherit;\">Dos copas de vino por persona&nbsp;</span></span><br /><br /></li>\n</ul>','<ul>\n<li>Traslados al muelle</li>\n<li>Impuesto de muelle 10.000 cop/3 us</li>\n</ul>','<p>Presentarse en el Muelle de los Pegasos a las <strong>6.30 pm</strong> (PREVIA CONFIRMACION CON JET SET VIAJES)</p>','<p>*Recorrido por la bahia *Cena a 3 tiempos</p>','<ul>\n<li>Traslados al muelle</li>\n<li>Impuesto de muelle 9.000 cop/3 us</li>\n</ul>',2,NULL),(260,74,'Volcan del  Totumo, Dia de Playa Tradicional','<p>En esta modalidad iremos al Volcan del Totumo y luego de estar 20 minutos en el lodo medicinal pasamos a enjuagarnos en la cienaga y luego a disfrutar de un delicioso almuerzo tipico y una tarde de playa en el sector de Manzanillo, nuestro pasadia sera de 7:30 am a 3:00 pm.&nbsp;</p>\n<p><strong>La visita al Mar Rosa es un obsequio que esta sujeto a condiciones climaticas.</strong></p>',3,10,1,'assets/images/media/61677353bc661.jpg','<ul>\n<li>Traslado en vehiculo climatizado desde el hotel (zona Bocagrande, El Laguito, Castillo, Zona Norte y Marbella)</li>\n<li><span style=\"vertical-align: inherit;\"><span style=\"vertical-align: inherit;\"><span style=\"vertical-align: inherit;\"><span style=\"vertical-align: inherit;\"><span style=\"vertical-align: inherit;\"><span style=\"vertical-align: inherit;\">Ingreso al volc&aacute;n de lodo</span></span></span></span></span></span></li>\n<li><span style=\"vertical-align: inherit;\"><span style=\"vertical-align: inherit;\"><span style=\"vertical-align: inherit;\"><span style=\"vertical-align: inherit;\"><span style=\"vertical-align: inherit;\"><span style=\"vertical-align: inherit;\">Arepa de huevo (frito t&iacute;pico de la regi&oacute;n caribe)</span></span></span></span></span></span></li>\n<li><span style=\"vertical-align: inherit;\"><span style=\"vertical-align: inherit;\"><span style=\"vertical-align: inherit;\"><span style=\"vertical-align: inherit;\"><span style=\"vertical-align: inherit;\"><span style=\"vertical-align: inherit;\">Almuerzo Tipico y tarde de playa</span></span></span></span></span></span></li>\n<li><span style=\"vertical-align: inherit;\"><span style=\"vertical-align: inherit;\"><span style=\"vertical-align: inherit;\"><span style=\"vertical-align: inherit;\"><span style=\"vertical-align: inherit;\"><span style=\"vertical-align: inherit;\">Gu&iacute;a durante el recorrido</span></span></span></span></span></span></li>\n</ul>','<ul>\n<li>Bebida con el almuerzo</li>\n<li>Gastos no especificados</li>\n<li>Propinas</li>\n</ul>','<p>Te pasamos a buscar al hotel a las <strong>7.30 am.</strong> Zona Bocagrande, El Laguito, Castillo Grande, Marbella y Zona Norte.<br />(PREVIA CONFIRMACION CON JET SET VIAJES)</p>','<p>*Traslado desde y hacia el hotel (Aplican restricciones) *Entrada al Volcan *Refrigerio tipico *Almuerzo (sin bebida)</p>','<ul>\n<li>Propinas&nbsp;</li>\n<li>Gastos no especificados</li>\n</ul>',2,NULL),(263,141,'Parque Tayrona: Cabo San Juan, Cañaveral y Arrecifes','<p>En esta modalidad salimos desde Cartagena en un recorrido de 5 horas aprox. hasta Santa Marta sector del Parque Tayrona, realizamos una caminata de 2 horas de ida y 2 de regreso por los mas hermosos senderos de bosque.</p>\n<p>Durante esta caminata observaremos mas de 13 playas diferentes como arenilla, arrecifes y la piscina antes de llegar a cabo San Juan del Guia donde almorzamos y pasamos una hermosa tarde, nuestro pasadia sera Martes y Viernes de 4:30 am a 9:00 pm.&nbsp;</p>\n<p>Tenemos <strong>3&nbsp;opciones&nbsp;</strong>de almuerzo para seleccionar: pescado frito, carne a la plancha o pollo a la plancha.</p>\n<p><strong>*Deben realizarlo personas con buen estado f&iacute;sico ya que se debe caminar 4 horas en total.</strong></p>',5,10,0,'assets/images/media/6168cda939521.jpg','<ul>\n<li>Traslado en vehiculo climatizado desde el hotel (zona Bocagrande, El Laguito, Castillo, Getsemani y Zona Norte)</li>\n<li>Entrada al Parque Tayrona</li>\n<li>Charla educativa sobre la conservaci&oacute;n del medio ambiente</li>\n<li>Caminata por las playas&nbsp;</li>\n<li>Almuerzo t&iacute;pico&nbsp;</li>\n</ul>','<ul>\n<li>Desayuno</li>\n<li>Gastos no especificados</li>\n</ul>','<p>Te pasamos a buscar al hotel a las <strong>4.30 am.</strong> Zona Bocagrande, El Laguito, Castillo Grande, Getsemani y Zona Norte.<br />(PREVIA CONFIRMACION CON JET SET VIAJES)</p>','<p>*Traslado desde y hacia el hotel (Aplican restricciones) *Almuerzo *Entrada al Parque *Panoramico por Barranquilla *Seguro&nbsp;</p>','<ul>\n<li>Desayuno</li>\n<li>Gastos no especificados</li>\n</ul>',2,NULL),(264,154,'Isla Mucura, San Bernardo en lancha','<p>En esta modalidad salimos en lancha Miercoles, Sabado y Domingo hacia Isla Mucura, unas de las islas<span style=\"vertical-align: inherit;\"><span style=\"vertical-align: inherit;\"><span style=\"vertical-align: inherit;\"><span style=\"vertical-align: inherit;\"><span style=\"vertical-align: inherit;\"><span style=\"vertical-align: inherit;\">&nbsp;del Parque Nacional Natural corales del Rosario y San Bernardo, </span></span></span></span></span></span>tenemos almuerzo y coctel de bienvenida, nuestro pasadia sera de 6:00 am a 3:00 pm.&nbsp;</p>\n<p>Tenemos <strong>3&nbsp;opciones&nbsp;</strong>de almuerzo para seleccionar: pescado frito, cerdo a la plancha, pollo a la plancha.</p>',5,10,1,'assets/images/media/6169ba7eb34df.jpg','<ul>\n<li>Traslado en lancha deportiva&nbsp;</li>\n<li>Desayuno ligero</li>\n<li>Panoramico por las Islas de San Bernardo</li>\n<li>Parada en Santa Cruz del Islote</li>\n<li>Coctel de la casa</li>\n<li>3 opciones de almuerzo tipico</li>\n<li>Sillas y parasol</li>\n</ul>','<ul>\n<li>Traslados al muelle</li>\n<li>Impuesto de muelle 20.000 cop/6 us</li>\n<li>Ingreso al Acuario 5.000 cop/ 2 us</li>\n</ul>','<p>Presentarse en el Muelle de la Bodeguita Taquilla 10 a las<strong> 5.00 am</strong> (PREVIA CONFIRMACION CON JET SET VIAJES)</p>','<p>*Traslado en lancha deportiva *Desayuno ligero *Parada en Santa Cruz del Islote *Coctel de la casa *Almuerzo</p>\n<p>&nbsp;</p>','<ul>\n<li>Traslados al muelle</li>\n<li>Impuesto de muelle 20.000 cop/6 us</li>\n<li>Entrada al Acuario 5.000 cop/ 2 us</li>\n</ul>',2,NULL),(265,42,'Pasadia a Playa Blanca en Santa Marta con almuerzo','<p>En esta modalidad tienes incluido el almuerzo, y recorrido desde la bahia del Rodadero hasta Playa Blanca, nuestro pasadia sera de 8:30 am a 3:00 pm.&nbsp;</p>\n<p>Tenemos <strong>4</strong> opciones de almuerzo para seleccionar:&nbsp; pescado frito, carne asada, cerdo asado y pollo a la plancha, no incluye la bebida.</p>\n<p><strong>Las lanchas salen desde las 8.30 am cada media hora y el regreso es 2.00 pm, 3.00 pm y&nbsp; 4.00 pm.</strong></p>',2,4,1,'assets/images/media/616f3e744c91a.jpg','<ul>\n<li>Traslado en lancha hasta Playa Blanca</li>\n<li>Pasadia en Playa Blanca</li>\n<li>Almuerzo en <strong>La Pikua</strong></li>\n</ul>','<ul>\n<li>Traslado al Muelle</li>\n<li>Ingreso al Acuario</li>\n<li>Bebida con el almuerzo</li>\n<li>Seguro 5000 cop/ 2 us (Ni&ntilde;os de 0 a 2 a&ntilde;os)</li>\n</ul>','<p>Presentarse en la<strong> Cra 1 N&deg;7-69 Edificio Fuentemar</strong> a partir de las <strong>8.30 am</strong> (PREVIA CONFIRMACION CON JET SET VIAJES)</p>\n<p><strong>Las lanchas salen desde las 8.30 am cada media hora y el regreso es 1.30, 3.00 y 4.00 pm</strong></p>','<p>*Traslado en lancha *Pasadia en Playa Blanca *Almuerzo</p>','<ul>\n<li>Traslados al Muelle</li>\n<li>Ingreso al Acuario</li>\n<li>Seguro 5000 cop/ 2 us (Ni&ntilde;os de 0 a 2 a&ntilde;os)</li>\n</ul>',2,NULL),(266,154,'Isla Mucura, San Bernardo terrestre','<p>En esta modalidad salimos los Domingos en trasporte terrestre hasta Tolu Cove&ntilde;as (2 horas aprox), tomamos una lancha hasta las islas<span style=\"vertical-align: inherit;\"><span style=\"vertical-align: inherit;\"><span style=\"vertical-align: inherit;\"><span style=\"vertical-align: inherit;\"><span style=\"vertical-align: inherit;\"><span style=\"vertical-align: inherit;\"> del Parque Nacional Natural San Bernardo, recorrido panoramico por las Islas, parada en Santa Cruz del Islote, </span></span></span></span></span></span>tenemos almuerzo y coctel de bienvenida, nuestro pasadia sera de 5:00 am a 3:00 pm.&nbsp;</p>\n<p>Tenemos <strong>3&nbsp;opciones&nbsp;</strong>de almuerzo para seleccionar: pescado frito, cerdo a la plancha, pollo a la plancha.</p>',4,6,1,'assets/images/media/6171a2914a83b.jpg','<ul>\n<li>Trasporte terrestre desde el hotel hasta Tolu</li>\n<li>Traslado en lancha deportiva a Mucura</li>\n<li>Desayuno ligero</li>\n<li>Panoramico por las Islas de San Bernardo</li>\n<li>Parada en Santa Cruz del Islote</li>\n<li>Coctel de la casa</li>\n<li>3 opciones de almuerzo tipico</li>\n</ul>','<ul>\n<li>Ingreso al Acuario 5.000 cop/ 2 us</li>\n</ul>','','','',1,NULL),(267,232,'Combo Snorkel y Ocenario','<p>Ingreso al Oceanario durante 45 minutos a 1 hora para disfrutar del show de delfines y tiburones, contamos con m&aacute;s de 20 peceras, exhibici&oacute;n de diferentes especies marinas entre ellas tortugas, meros y much&iacute;simas especies m&aacute;s, incluye el ingreso al t&uacute;nel Marino.</p>\n<p>Luego llegamos hasta los arrecifes de corales para tener una experiencia de buceo de superficie o snorkel durante 20 a 30 minutos aproximadamente, realizaras la actividad con mascara profesional y siempre en compa&ntilde;ia de un guia. Alimentaremos los peces y veremos los hermosos corales.&nbsp;</p>\n<p><strong>Es necesario comprar el tour a las Islas del Rosario en lancha para realizar las actividades, lo puedes adquirir con nosotros directamente.</strong></p>',3,10,0,'assets/images/media/617871e1614ff.jpg','<ul>\n<li>Ingreso al Oceanario durante 45 minutos a 1 hora</li>\n<li>Observacion de diferentes especies marinas</li>\n<li>Show de delfines y tiburones</li>\n<li>Recorrido hasta los arrecifes de corales</li>\n<li>Equipo de snorkel profesional</li>\n<li>Inmersion de 30 minutos</li>\n<li>Guia acompa&ntilde;ante</li>\n</ul>','<ul>\n<li>Traslado maritimo hasta el Oceanario</li>\n<li>Almuerzo</li>\n<li>Pasadia en&nbsp;<strong>Jet Set Beach</strong></li>\n</ul>','<p><strong>IMPORTANTE: </strong>Debes reclamar tu boleta de ingreso en Jet Set Viajes o en el Muelle el dia de la actividad<br /><br /></p>\n<p>&nbsp;</p>','<p>*Ingreso al Oceanario para ver todos los shows, tunel marino *Equipo de snorkel *Guia profesional&nbsp;</p>','<ul>\n<li>Traslado maritimo hasta el Oceanario</li>\n<li>Pasadia en Islas</li>\n</ul>',NULL,NULL),(268,11,'Pasadía en Playa Blanca con almuerzo y entrada al Acuario ','<p>En esta modalidad tienes el ingreso al Acuario durante 2 horas aproximadamente para disfrutar del show de delfines, contamos con&nbsp; peceras, exhibici&oacute;n de diferentes especies marinas entre ellas tortugas, meros y much&iacute;simas especies m&aacute;s.</p>\n<p>Luego nos dirigimos a tan solo unos 10 minutos hacia Playa Blanca donde podras difrutar del sol y el mar, tienes <strong>4</strong> opciones de almuerzo para seleccionar:&nbsp; pescado frito, carne asada, cerdo asado y pollo a la plancha, no incluye la bebida, nuestro pasadia sera de 8:30 am a 3:00 pm.&nbsp;</p>\n<p><strong>Las lanchas salen desde las 8.30 am cada media hora y el regreso es 2.00 pm, 3.00 pm y&nbsp; 4.00 pm.</strong></p>',2,4,1,'assets/images/media/617b37c931711.jpg','<ul>\n<li>Traslado en lancha hasta el Acuario y&nbsp; Playa Blanca</li>\n<li>Ingreso al Acuario y sus shows</li>\n<li>Observacion de diferentes especies marinas</li>\n<li>Show de delfines</li>\n<li>Museo Ospina Navia y Museo Tayrona</li>\n<li>Pasadia en Playa Blanca</li>\n<li>Almuerzo en&nbsp;<strong>La Pikua</strong></li>\n</ul>','<ul>\n<li>Seguro 5000 cop/ 2 us (Ni&ntilde;os de 0 a 2 a&ntilde;os)</li>\n<li>Bebida con el almuerzo</li>\n</ul>','<p>Presentarse en la Cra 1 N&deg;7-69 Edificio Fuentemar a partir de las <strong>8.30 am</strong> (PREVIA CONFIRMACION CON JET SET VIAJES)</p>\n<p><strong>Las lanchas salen desde las 8.30 am cada media hora y el regreso es 1.30, 3.00 y 4.00 pm</strong></p>','<p>*Ingreso al Acuario *Museo Ospina Navia *Museo Tayrona *Traslado en lancha *Pasadia en Playa Blanca *Almuerzo&nbsp;</p>','<ul>\n<li>Seguro 5000 cop/ 2 us (Ni&ntilde;os de 0 a 2 a&ntilde;os)</li>\n</ul>',NULL,NULL),(270,73,'Canopy desde Playa Blanca hacia el Acuario 2 vuelos','<p>En esta modalidad debes de estar en Playa Blanca para realizar 2 vuelos, el primero hasta el Acuario y regresaras hasta Playa Blanca, se debe comprar el traslado en lancha hasta Playa Blanca</p>\n<p><strong>Las lanchas salen desde las 8.30 am cada media hora y el regreso es 2.00 pm, 3.00 pm y&nbsp; 4.00 pm.</strong></p>',5,10,1,'assets/images/media/6185710f8fadb.jpg','<ul>\n<li>2 vuelos en Canopy desde Playa Blanca</li>\n<li>Seguro de asistencia</li>\n<li>Instructor</li>\n<li>Equipamiento: equipo de seguridad</li>\n</ul>\n<p>&nbsp;</p>','<ul>\n<li>Traslados a Playa Blanca</li>\n<li>Pasadia en Playa Blanca</li>\n<li>Almuerzo</li>\n</ul>','<p><strong>IMPORTANTE: </strong>Debes reclamar tu manilla de ingreso en nuestra oficina en la <strong>cra 1 con 7 edificio Fuentemar</strong>, presentando este voucher impreso</p>','<p>*2 vuelo en Canopy desde Playa Blanca</p>','<ul>\n<li>Traslado maritimo hasta Playa Blanca</li>\n<li>Entrada al Acuario</li>\n<li>Seguro 5000 cop/ 1 us Ni&ntilde;os de 0 a 2 a&ntilde;os</li>\n</ul>',2,NULL),(271,73,'Canopy Combo Extremo','<p>En esta modalidad te llevamos a Playa Blanca donde podr&aacute;s disfrutar de una inolvidable experiencia, llena de adrenalina y aventura.<br /><strong>Las lanchas salen desde las 8.30 am cada media hora y el regreso es 2.00 pm, 3.00 pm y&nbsp; 4.00 pm</strong></p>',5,10,1,'assets/images/media/6297d3b660ae6.jpeg','<ul>\n<li>Traslado en lancha hasta Playa Blanca y retorno</li>\n<li>1 vuelo en Canopy desde Playa Blanca</li>\n<li>Pasadia en Playa Blanca</li>\n<li>Seguro de asistencia</li>\n<li>Instructor</li>\n<li>Equipamiento: equipo de seguridad</li>\n</ul>','<ul>\n<li>Almuerzo</li>\n</ul>','<p>Presentarse en la <strong>Cra 1 N&deg;7-69 Edificio Fuentemar</strong> a partir de las <strong>8.30 am</strong> (PREVIA CONFIRMACION CON JET SET VIAJES)</p>\n<p><strong>Las lanchas salen desde las 8.30 am cada media hora y el regreso es 1.30, 3.00 y 4.00 pm</strong></p>','<p>*Traslado en lancha *Pasadia en Playa Blanca *1 vuelo en Canopy desde Playa Blanca</p>','<ul>\n<li>Ingreso al Acuario</li>\n<li>Almuerzo</li>\n<li>Seguro 5000 cop/ 2 us (Ni&ntilde;os de 0 a 2 a&ntilde;os)</li>\n</ul>',3,NULL),(272,108,'Tour Bahias de Santa Marta','<p>En esta modalidad te ofrecemos recorrido por las hermosas playas de Inka Inka y calder&oacute;n, Playa Blanca, San Fernando, bah&iacute;a de Santa Marta, Costa morro de Santa Marta, Taganga, Playa grande, Sisiwaka, Granate. Isla aguja, entre otras, nuestra actividad sera de 10:00 am a 4:00 pm.&nbsp;</p>\n<p>Tenemos&nbsp;<strong>4 opciones&nbsp;</strong>de almuerzo para seleccionar: pescado frito, carne, cerdo, pollo a la plancha, acompa&ntilde;ado de arroz de coco, ensalada, patac&oacute;n y sopa. Incluye bebida (gaseosa o limonada)</p>',4,10,0,'assets/images/media/6186b126a6744.jpg','<ul>\n<li>Recorrido panor&aacute;mico por las bahias con m&uacute;sica a bordo.</li>\n<li>4 opciones de almuerzo&nbsp;</li>\n<li>Coctel de bienvenida&nbsp;</li>\n<li>Pasad&iacute;a en Playa Privada <strong>Inca Inca</strong>&nbsp;</li>\n<li>Snorkel por 30 minutos, instructor + equipamento</li>\n<li>Tasa de embarque y seguro de viaje</li>\n</ul>','<ul>\n<li>Traslado hasta el Muelle</li>\n</ul>','<p>Presentarse en la<strong> Cra 1 N&deg;7-69 Edificio Fuentemar</strong> a las <strong>09.30 am</strong> (PREVIA CONFIRMACION CON JET SET VIAJES)</p>','<p>*Recorrido por las bahias *Coctel de bienvenida *Pasad&iacute;a en Playa Inca Inca *4 opciones de almuerzo &nbsp;&nbsp; *Snorkel *Tasa de embarque y seguro de viaje&nbsp;</p>','<ul>\n<li>Traslado hasta el Muelle</li>\n<li>Seguro 5000 cop/ 2 us (Ni&ntilde;os de 0 a 4 a&ntilde;os)</li>\n</ul>',2,NULL),(273,115,'City Tour con entrada a la Quinta de San Pedro Alejandrino','<p>En esta modalidad te ofrecemos un recorrido panoramico por los principales atractivos de la hermosa ciudad de Santa Marta, acompa&ntilde;ados de un guia turistico y el ingreso a la Quinta de San Pedro Alejandrino para realizar el recorrido.</p>\n<p>La actividad dura 4 horas aproximadamente.</p>',4,10,0,'assets/images/media/618abe0b57182.jpg','<ul>\n<li>Traslado en vehiculo climatizado desde el hotel (sujeto a ubicacion)</li>\n<li>Guia durante el recorrido</li>\n<li>Recorrido panoramico&nbsp;</li>\n<li>Entrada a la Quinta de San Pedro Alejandrino</li>\n</ul>','<ul>\n<li>Gastos no especificados</li>\n</ul>','<p>Te pasamos a buscar al hotel de acuerdo a horario acordado (sujeto a ubicacion)<br />(PREVIA CONFIRMACION CON JET SET VIAJES)</p>','<p>*Traslado desde y hacia el hotel (Aplican restricciones) *Guia *Entrada a la Quinta de San Pedro Alejandrino</p>','<ul>\n<li>Gastos no especificados</li>\n</ul>',2,NULL),(274,38,'Tour Quebrada Valencia y Buritaca con almuerzo','<p>Nuestro recorrido sera hasta las quebradas de Valencia para tener un delicioso ba&ntilde;o refrescante en el rio, luego de esto nos dirigimos hacia las estribaciones de la Sierra Nevada.</p>\n<p>En Buritaca desemboca el rio en el mar y podemos disfrutar de una tarde inolvidable.</p>\n<p>Tenemos un delicioso almuerzo tipico incluido, nuestro pasadia sera de 8:00 am a 4:00 pm.&nbsp;</p>',4,10,0,'assets/images/media/618b0cd6e4b7c.jpg','<ul>\n<li>Traslado en vehiculo climatizado desde el hotel (zona El Rodadero, Pozos Colorados y Centro)</li>\n<li>Caminata ecologica</li>\n<li>Ba&ntilde;o en Cascadas de Valencia</li>\n<li>Pasadia en Buritaca</li>\n<li>Almuerzo tipico</li>\n</ul>','<ul>\n<li>Gastos no especificados</li>\n</ul>','<p>Te pasamos a buscar al hotel de acuerdo a horario acordado, (zona El Rodadero, Pozos Colorados y Centro)<br />(PREVIA CONFIRMACION CON JET SET VIAJES)</p>','<p>*Traslado desde y hacia el hotel (Aplican restricciones) *caminata ecologica *Pasadia en Buritaca *Almuerzo&nbsp;</p>','<ul>\n<li>Gastos no especificados</li>\n</ul>',2,NULL),(275,120,'Minca Joe Premium','<p>En esta modalidad el recorrido comienza por el sendero a cascada perdida, tenemos un refrescante ba&ntilde;o tipo spa, aprendizaje en una finca de caf&eacute;, secretos del cultivo tradicional y artesanal org&aacute;nico, visita a construcciones de bamb&uacute;, a casa ind&iacute;gena, charlas sobre sierra nevada, beneficios del caf&eacute; y cacao, fabricaci&oacute;n de un chocolate casero artesanal que ser&aacute; preparado y consumido.</p>\n<p>Incluye un delicioso almuerzo tipico, nuestro pasadia sera de 8:00 am a 4:00 pm.&nbsp;</p>',4,10,0,'assets/images/media/618e9f379f9ce.jpg','<ul>\n<li>Traslado en vehiculo climatizado desde el hotel (zona El Rodadero, Pozos Colorados y Centro)</li>\n<li>Caminata ecologica</li>\n<li>Visita finca cafeteras</li>\n<li>Almuerzo tipico</li>\n</ul>','<ul>\n<li>Gastos no especificados</li>\n</ul>','<p>Te pasamos a buscar al hotel de acuerdo a horario acordado, (zona El Rodadero, Pozos Colorados y Centro)<br />(PREVIA CONFIRMACION CON JET SET VIAJES)</p>','<p>*Traslado desde y hacia el hotel (Aplican restricciones) *Visita a fincas cafeteras *Almuerzo</p>','<ul>\n<li>Gastos no especificados</li>\n</ul>',2,NULL),(276,234,'Chiva Rumbera Tradicional','<p>En este recorrido por las m&aacute;gicas calles de Cartagena, en carro de madera (chiva), pasando por Bocagrande, Castillo, Getseman&iacute;, Manga, Castillo de San Felipe <strong>(no ingresamos al castillo)</strong>, pasaremos por las letras de Cartagena donde nos tomaremos una fotograf&iacute;a, y finalmente terminaremos nuestro recorrido en una discoteca del barrio Getseman&iacute;, para tener en cuenta que <strong>NO</strong> se admite el ingreso de menores de edad (18 a&ntilde;os).</p>\n<p>las personas que no puedan o no deseen quedarse en la discoteca la chiva los llevar&aacute; de regreso a la zona de bocagrande, donde terminaremos nuestro recorrido.</p>\n<p>La actividad tiene una duraci&oacute;n de 3 horas aproximadamente.</p>',4,10,1,'assets/images/media/628beda47340d.jpg','<ul>\n<li>\n<blockquote><strong>Traslado en vehiculo tipico de madera (zona Bocagrande, El Laguito y Castillo)</strong></blockquote>\n</li>\n<li>\n<blockquote><strong>Recreacionista</strong></blockquote>\n</li>\n<li>\n<blockquote><strong>Recorrido panoramico&nbsp;</strong></blockquote>\n</li>\n<li>\n<blockquote><strong>Entrada a discoteca en Getsemani</strong></blockquote>\n</li>\n</ul>','<ul>\n<li><strong>Licores</strong></li>\n<li><strong>Gastos no especificados</strong></li>\n</ul>','<p>Te pasamos a buscar al hotel a partir de las <strong>8.00 pm</strong>, Zona Bocagrande, El Laguito, y Castillo Grande.<br />(<strong>PREVIA CONFIRMACION CON ARMA TU MOCHILA</strong>)</p>','<p>*Traslado desde y hacia el hotel (Aplican restricciones) *Animador *Recorrido panoramico *Entrada a discoteca&nbsp;<strong>Excepto menores de 18 a&ntilde;os.</strong></p>','<ul>\n<li>Licores</li>\n<li>Gastos no especificados</li>\n</ul>',NULL,NULL),(277,135,'Inmersion para buzos certificados.','<p>Esta es una experiencia donde dependiendo de las condiciones del mar haremos la actividad en el sector de \"CHUCHO\" o en el sector de \"LAS CUEVAS\", debes ser buzo certificado pues alli bajaremos por la linea de descenso a uno 60 pies aproximadamente para disfrutar de el mejor escenario que podamos conocer en este sector de las islas del rosario.</p>\n<p>Estaremos acompa&ntilde;ados de instructor de buceo certificado <strong>PADI</strong>.</p>\n<p>Esta actividad se puede realizar si estas en Playa Blanca Baru y no vas a regresar a Cartagena, o te transportas por tus medios.</p>\n<p>Debes de llegar a nuestra playa a las 10:00 am previa confirmacion con ARMA TU MOCHILA.COM.<strong>&nbsp;</strong></p>\n<p>&nbsp;</p>',10,18,1,'assets/images/media/6197c5319e51e.jpg','<ul>\n<li>Instructor certificado&nbsp;</li>\n<li>Equipo de buceo autonomo.</li>\n<li>01 inmersion en chucho o cuevas.&nbsp;</li>\n</ul>','<ul>\n<li>Traslado hasta Baru playa Blanca (debes estar en Playa Blanca Baru y llegar a<strong> KALINAGO BEACH</strong>)</li>\n<li>Almuerzo</li>\n<li>Pasadia en&nbsp;<strong>KALINAGO BEACH.</strong></li>\n</ul>','<p style=\"text-align: left;\">Presentarse en <strong>KALINAGO BEACH</strong> a las <strong>9.00 am</strong> (PREVIA CONFIRMACION CON ARMA TU MOCHILA.COM)</p>\n<p style=\"text-align: left;\"><strong>La actividad no se debe realizar 24 horas antes de la hora de tu vuelo de regreso.</strong></p>','<p>*Equipo de buceo autonomo *Guia certificado *1 Inmersion&nbsp;&nbsp;</p>','<ul>\n<li>Trasporte a Playa Blanca Baru.</li>\n<li>Pasadia en KALINAGO BA&iquest;EACH.</li>\n<li>Almuerzo.</li>\n</ul>',2,NULL),(279,159,'Isla de Baru, 4 destinos Premium + Plancton','<p>En esta modalidad realizamos el recorrido completo incluyendo la actividad de plancton en la noche, tenemos sillas asoleadoras o camas de playa y bohio incluido,&nbsp; nuestro pasadia sera de 7:00 am a 8:00 pm con regreso en vehiculo climatizado via terrestre.</p>\n<p>Tenemos <strong>6&nbsp;opciones </strong>de almuerzo para seleccionar: pescado frito (Mojarra 550 gms), pescado encocado (Mojarra 550 gms), pescado guisado (Mojarra 550 gms), cerdo a la plancha (Chuleta), pollo a la plancha (Pechuga) y vegetariano.</p>',3,10,1,'assets/images/media/6202854e397c3.jpg','<ul>\n<li>Traslado en vehiculo climatizado</li>\n<li>Panoramico por las Islas del Rosario en lancha</li>\n<li>Ingreso al Oceanario o Snorkel</li>\n<li>6 opciones de almuerzo en <strong>Jet Set Beach</strong></li>\n<li>Uso de sillas reposeras, camas de playa y bohios (ubicacion sujeta a disponibilidad)</li>\n<li>Ceviche de camarones o porci&oacute;n de Frutas</li>\n<li>Ba&ntilde;os y duchas de agua dulce</li>\n<li>Refrigerio en la tarde</li>\n<li>Ba&ntilde;o con placton en la cienaga</li>\n</ul>','<ul>\n<li>Gastos no especificados</li>\n<li>Recorrido por el Aviario</li>\n<li>Entrada al <strong>Oceanario</strong> si eligen <strong>snorkel&nbsp;</strong></li>\n<li><strong>Snorkel </strong>si eligen entrada al<strong> Oceanario</strong></li>\n</ul>','<p>Te pasamos a buscar al hotel a las <strong>7.00 am.</strong> Zona Bocagrande, El Laguito, Castillo Grande y Getsemani.<br />(PREVIA CONFIRMACION CON JET SET VIAJES)</p>','<p>*Traslado desde y hacia el hotel (Aplican restricciones) *Coctel de bienvenida *Panoramico por las Islas del Rosario&nbsp; *Oceanario o Snorkel *Ceviche de camarones o porcion de Frutas *Almuerzo *Snack o refrigerio *Sillas asoleadoras y bohio&nbsp; *Actividad de plancton</p>','<ul>\n<li>Gastos no especificados</li>\n<li>Recorrido por el Aviario</li>\n<li>Entrada al <strong>Oceanario</strong> si eligen <strong>snorkel, </strong>30.000 cop/ 10 us</li>\n<li><strong>Snorkel </strong>si eligen entrada al<strong> Oceanario,&nbsp; </strong>45.000 cop/ 12 us</li>\n</ul>',2,NULL),(280,127,'Full day desde Santa Marta a Cartagena City Tour con Castillo','<p>En esta modalidad realizamos un recorrido en vehiculo climatizado desde Santa Marta hasta Cartagena donde haremos un recorrido por los principales sitios turisticos, ingresamos al <strong>Castillo de San Felipe</strong>, luego conoceremos el Centro Historico y caminaremos con nuestro guia historiador, nuestro pasadia sera de&nbsp; 4:00 am a 8:00 pm.&nbsp;</p>',3,10,1,'assets/images/media/61992bd6220d4.jpg','<ul>\n<li>Traslado en vehiculo climatizado desde el hotel (zona El Rodadero, Pozos Colorados y Centro)</li>\n<li>Desayuno</li>\n<li>Almuerzo&nbsp;</li>\n<li>Seguro m&eacute;dico</li>\n<li>Gu&iacute;a acompa&ntilde;ante</li>\n<li>Entrada al Castillo de San Felipe</li>\n</ul>','<ul>\n<li>Subida al Mirador de la Popa</li>\n</ul>','<p>Te pasamos a buscar al hotel de acuerdo a horario acordado, (zona El Rodadero, Pozos Colorados y Centro)<br />(PREVIA CONFIRMACION CON JET SET VIAJES)</p>','<p>*Traslado desde y hacia el hotel (Aplican restricciones) *Desayuno *Almuerzo *Guia historiador&nbsp; *Recorrido con Ingreso al Castillo *Souvenir dulce&nbsp;</p>','<ul>\n<li>Subida al MIrador de la Popa&nbsp;</li>\n<li>Gastos no especificados</li>\n</ul>',3,NULL),(281,127,'Full day desde Santa Marta a Cartagena con Baru Playa Tranquila','<p>En esta modalidad realizamos el recorrido desde Santa Marta hasta Playa Blanca, Baru sector de Playa Tranquila, nuestro pasadia sera de 4:00 am a 8:00 pm.&nbsp;</p>\n<p>Incluimos sillas asoleadoras o camas de playa y bohio incluido, 1 coctel de la casa.</p>\n<p>Tenemos&nbsp;<strong>6&nbsp;opciones&nbsp;</strong>de almuerzo para seleccionar: pescado frito (Mojarra 550 gms), pescado encocado (Mojarra 550 gms), pescado guisado (Mojarra 550 gms), cerdo a la plancha (Chuleta), pollo a la plancha (Pechuga) y vegetariano.</p>',3,10,0,'assets/images/media/61992c028344a.jpg','<ul>\n<li>Traslado en vehiculo climatizado desde el hotel (zona El Rodadero, Pozos Colorados y Centro)</li>\n<li>Desayuno</li>\n<li>6 opciones de almuerzo en&nbsp;<strong>Jet Set Beach</strong></li>\n<li>Uso de sillas reposeras, camas de playa y bohios (ubicacion sujeta a disponibilidad)</li>\n<li>Ba&ntilde;os y duchas de agua dulce</li>\n<li>Seguro m&eacute;dico</li>\n<li>Gu&iacute;a acompa&ntilde;ante</li>\n</ul>','<ul>\n<li>Gastos no especificados</li>\n<li>City Tour</li>\n</ul>','<p>Te pasamos a buscar al hotel de acuerdo a horario acordado, (zona El Rodadero, Pozos Colorados y Centro)<br />(PREVIA CONFIRMACION CON JET SET VIAJES)</p>','<p>*Traslado desde y hacia el hotel (Aplican restricciones) *Coctel de la casa *Almuerzo *Silla asoleadora y bohio o cama de playa</p>','<ul>\n<li>City tour&nbsp;</li>\n<li>Gastos no especificados</li>\n</ul>',2,NULL),(282,24,'Acuario Natural en bote con fondo de vidrio','<p>En esta modalidad tienes incluido el recorrido en bote con fondo de vidrio hasta los arrecifes coralinos, llegaremos al Acuario y luego nos dirigimos hacia los arrecifes de corales para observar a traves del vidrio del bote comodamente sentados y sin necesidad de saber nadar peces, corales, mantarayas y muchas especies mas, nuestro pasadia sera de 8:00 am a 1:00 pm.&nbsp;</p>\n<p><strong>La lancha sale unicamente a las 8.00 am&nbsp;</strong></p>',4,10,0,'assets/images/media/61a15312e547a.jpg','<ul>\n<li>Traslado en lancha hasta el Acuario Natural</li>\n<li>Recorrido en bote de fondo de vidrio a los arrecifes</li>\n<li>Mediodia en el Acuario Natural&nbsp;</li>\n</ul>','<ul>\n<li>Traslado al Muelle</li>\n<li>Impuesto de Muelle 5.000cop/2 us</li>\n<li>Almuerzo</li>\n</ul>','<p>Presentarse en el <strong>Muelle de la Policia</strong>&nbsp;a las <strong>8.00 am </strong>Preguntar por <strong>Kevin</strong>&nbsp;(PREVIA CONFIRMACION CON JET SET VIAJES)</p>','<p>*Traslado en lancha hasta el Acuario Natural *Recorrido en bote de fondo de vidrio a los arrecifes de corales *Mediodia en el Acuario Natural&nbsp;</p>','<ul>\n<li>Traslado al Muelle</li>\n<li>Impuesto de Muelle 5.000cop/2 us</li>\n<li>Almuerzo</li>\n</ul>',NULL,NULL),(283,236,'TEST ','<p>TEST</p>',2,10,1,'assets/images/default.jpg','<p>TEST</p>','<p>TEST</p>',NULL,NULL,NULL,NULL,NULL),(284,20,'Vuelta a la isla en Chiva por la tarde','<p>En esta modalidad realizamos un recorrido guiado en chiva por los principales sitios turisticos de San Andres, llegamos a la Casa Isle&ntilde;a, Cueva de Morgan, Hoyo soplador, Piscina Natural y otros atractivos mas, nuestra actividad sera de 2:00 pm a 5:00 pm</p>\n<p>La actividad dura 3 horas aproximadamente.</p>',3,10,1,'assets/images/media/61a7bb9025e3f.jpg','<ul>\n<li>Traslado en vehiculo tipico desde punto de encuentro</li>\n<li>Guia y musica&nbsp;</li>\n<li>Recorrido panoramico&nbsp;</li>\n<li>Parada en Museo Casa Isle&ntilde;a</li>\n<li>Parada en Cueva de Morgan o Museo Pirata</li>\n<li>Parada en West View</li>\n<li>Parada Hoyo soplador</li>\n</ul>','<ul>\n<li>Ingreso Museo Casa Isle&ntilde;a 10.000 cop / 3 us</li>\n<li>Ingreso Cueva de Morgan o Museo Pirata 20.000 cop / 7 us</li>\n<li>Ingreso West View 6.000 cop / 2 us</li>\n</ul>','<p>Presentarse en el <strong>Parque de la Barracuda</strong> <strong>1.30 pm </strong>(PREVIA CONFIRMACION CON JET SET VIAJES)</p>','<p>Recorrido panoramico *Guia y musica *Parada en Museo Casa Isle&ntilde;a *Parada en Cueva de Morgan o Museo Pirata *Parada en West View *Parada Hoyo soplador</p>','<ul>\n<li>Ingreso Museo Casa Isle&ntilde;a 10.000 cop / 3 us</li>\n<li>Ingreso Cueva de Morgan o Museo Pirata 20.000 cop / 7 us</li>\n<li>Ingreso West View 6.000 cop / 2 us</li>\n</ul>',4,NULL),(285,22,'Velada Blanca por la Bahia de San Andres ','<p>En esta modalidad puedes disfrutar la experiencia de cenar y bailar bajo las estrellas de la bah&iacute;a de San Andres a bordo del Catamaran <strong>Karibes</strong>, en el primer piso disfrutaras la cena y de musica instrumental raizal y en el segundo piso musica y rumba crossover, nuestro recorrido sera de 6:30 pm a 9:30 pm.&nbsp;</p>\n<p>Salidas Lunes, Miercoles y Viernes.</p>',4,10,0,'assets/images/media/61a7e6aa42073.jpg','<ul>\n<li>Recorrido por la bahia</li>\n<li>Cena a 3 tiempos</li>\n<li>Entrada, plato fuerte y postre</li>\n<li>Bar abierto&nbsp;</li>\n<li>Musica a bordo</li>\n</ul>','<ul>\n<li>Traslados al muelle</li>\n<li>Gastos no especificados</li>\n</ul>','<p>Presentarse en el <strong>Muelle </strong><strong>de la Policia </strong>a las<strong> 7.00 pm </strong>(PREVIA CONFIRMACION CON JET SET VIAJES)</p>','<p>*Recorrido por la bahia *Cena estilo buffet *Bar abierto bebidas seleccionadas *Musica a bordo</p>','<ul>\n<li>Traslados al muelle</li>\n<li>Gastos no especificados</li>\n</ul>',NULL,NULL),(286,36,'Crucero por el Mar de los 7 Colores al atardecer','<p>En esta modalidad salimos en un recorrido de casi 2 horas por la bahia en horas de la tarde para disfrutar del hermoso atardecer y el mar azul lleno de encanto y magia, tambien veremos la bahia y sus alrededores, acompa&ntilde;ados de m&uacute;sica caribe&ntilde;a y mucha diversi&oacute;n,</p>',3,10,0,'assets/images/media/61a80eff26073.jpg','<ul>\n<li>Recorrido por la bahia</li>\n<li>Coctel de bienvenida</li>\n<li>Musica a bordo</li>\n</ul>','<ul>\n<li>Traslados al muelle</li>\n</ul>','<p>Presentarse en el Muelle <strong>Casa de La Cultura</strong> a las<strong> 3.30 pm</strong>&nbsp;(PREVIA CONFIRMACION CON JET SET VIAJES)</p>','<p>*Recorrido panoramico por la bahia * Bebida de bienvenida * Musica a bordo</p>','<ul>\n<li>Traslados al muelle</li>\n</ul>',2,NULL),(287,237,'Combo Cartagena de Indias','<p>En este combo te recogemos en el aeropuerto y te dejamos en el hotel, al dia siguiente realizaras el tour a Playa Tranquila Baru y otro dia conoceras la ciudad en el City Tour Panoramico.</p>\n<p>El ultimo dia te llevaremos desde tu hotel al aeropuerto.</p>',3,10,1,'assets/images/media/61a9333ccbfdb.jpg','<ul>\n<li>Traslados aeropuerto /hotel/ aeropuerto&nbsp;</li>\n</ul>\n<p><strong>City Tour Panoramico:</strong></p>\n<ul>\n<li>Traslado en vehiculo climatizado desde el hotel (zona Bocagrande, El Laguito y Castillo)</li>\n<li>Guia historiador&nbsp;</li>\n<li>Recorrido panoramico&nbsp;</li>\n<li>Subida al mirador de la Popa (sujeto a condiciones)</li>\n<li>Caminata guiada en el Centro Historico</li>\n<li>Degustacion de vinos y cafes de Colombia (sujeto a condiciones)</li>\n<li>Souvenir dulce</li>\n</ul>\n<p><strong>Playa Tranquila Baru, Terrestre:</strong></p>\n<ul>\n<li>Traslado en vehiculo climatizado desde el hotel (zona Bocagrande, El Laguito y Castillo)</li>\n<li>Coctel de la casa</li>\n<li>4 opciones de almuerzo en&nbsp;<strong>Jet Set Beach</strong></li>\n<li>Ba&ntilde;os y duchas de agua dulce</li>\n</ul>','<p><strong>City Tour Panoramico:</strong></p>\n<ul>\n<li>Entrada al Castillo de San Felipe</li>\n</ul>\n<p><strong>Playa Tranquila Baru, Terrestre:</strong></p>\n<ul>\n<li>Uso de sillas reposeras, camas de playa y bohios</li>\n</ul>','<p><strong>Traslado Aeropuerto/Hotel/Aeropuerto:</strong></p>\n<p>Estaremos esper&aacute;ndote a la salida del aeropuerto con un letrero que lleva el logo de Jet Set Viajes.</p>\n<p>El dia de salida por favor estar listos en el lobby del hotel a la hora indicada por la agencia de viajes, es obligatorio presentar el voucher fisico o digital.</p>\n<p><strong>City Tour Panoramico:</strong></p>\n<p>Te pasamos a buscar al hotel de acuerdo a horario acordado.</p>\n<p><strong>Playa Tranquila Baru, Terrestre:</strong></p>\n<p>Te pasamos a buscar al hotel a las <strong>7.00 am.</strong></p>\n<p>Zona Bocagrande, El Laguito, Castillo Grande y Getsemani. (PREVIA CONFIRMACION CON JET SET VIAJES)</p>','<p><strong>City Tour Panoramico:</strong></p>\n<p>*Traslado desde y hacia el hotel (Aplican restricciones) *Guia historiador&nbsp; *Recorrido panoramico *Souvenir dulce&nbsp;</p>\n<p><strong>Playa Tranquila Baru, Terrestre:</strong></p>\n<p>*Traslado desde y hacia el hotel (Aplican restricciones) *Coctel de la casa *Almuerzo</p>','<p><strong>City Tour Panoramico:</strong></p>\n<ul>\n<li>Entrada al Castillo de San Felipe</li>\n</ul>\n<p><strong>Playa Tranquila Baru, Terrestre:</strong></p>\n<ul>\n<li>Sillas asoleadoras, camas de playa o bohios</li>\n</ul>',NULL,NULL),(288,238,'Combo Santa Marta','<p>En este combo te recogemos en el aeropuerto y te dejamos en el hotel, al dia siguiente realizaras el tour a Playa Blanca terrestre con almuerzo incluido y otro dia conoceras la ciudad en el city tour panoramico.</p>\n<p>El ultimo dia te llevaremos desde tu hotel al aeropuerto.</p>',2,10,1,'assets/images/media/61a96d61f3f75.jpg','<ul>\n<li>Traslados aeropuerto / hotel / aeropuerto&nbsp;</li>\n</ul>\n<p><strong>City Tour Panoramico:</strong></p>\n<ul>\n<li>Traslado en vehiculo climatizado desde el hotel (sujeto a ubicacion)</li>\n<li>Guia durante el recorrido</li>\n<li>Recorrido panoramico&nbsp;</li>\n</ul>\n<p><strong>Playa Blanca:</strong></p>\n<ul>\n<li>Traslado en lancha hasta Playa Blanca</li>\n<li>Pasadia en Playa Blanca</li>\n</ul>','<p><strong>City Tour Panoramico:</strong></p>\n<ul>\n<li>Entrada a la Quinta de San Pedro Alejandrino</li>\n</ul>\n<p><strong>Playa Blanca:</strong></p>\n<ul>\n<li>Traslado al Muelle</li>\n<li>Ingreso al Acuario</li>\n<li>Almuerzo</li>\n<li>Seguro 5000 cop/ 2 us (Ni&ntilde;os de 0 a 2 a&ntilde;os)</li>\n</ul>','<p><strong>Traslado Aeropuerto/Hotel/Aeropuerto:</strong></p>\n<p>Estaremos esper&aacute;ndote a la salida del aeropuerto con un letrero que lleva el logo de Jet Set Viajes.</p>\n<p>El dia de salida por favor estar listos en el lobby del hotel a la hora indicada por la agencia de viajes, es obligatorio presentar el voucher fisico o digital.</p>\n<p><strong>City Tour Panoramico:</strong></p>\n<p>Te pasamos a buscar al hotel de acuerdo al horario acordado (sujeto a ubicacion)</p>\n<p><strong>Playa Blanca:</strong></p>\n<p>Presentarse en la<strong> Cra 1 N&deg;7-69 Edificio Fuentemar</strong> a partir de las <strong>8.30 am</strong></p>\n<p><strong>Las lanchas salen desde las 8.30 am cada media hora y el regreso es 1.30, 3.00 y 4.00 pm</strong></p>\n<p><strong>(PREVIA CONFIRMACION CON JET SET VIAJES)</strong></p>','<p><strong>City Tour Panoramico:</strong></p>\n<p>*Traslado desde y hacia el hotel (Aplican restricciones) *Guia *Recorrido panoramico</p>\n<p><strong>Playa Blanca:</strong></p>\n<p>*Traslado en lancha *Pasadia en Playa Blanca&nbsp;</p>','<p><strong>City Tour Panoramico:</strong></p>\n<ul>\n<li>Entrada a la Quinta de San Pedro Alejandrino</li>\n</ul>\n<p><strong>Playa Blanca:</strong></p>\n<ul>\n<li>Traslados al Muelle</li>\n<li>Ingreso al Acuario</li>\n<li>Almuerzo</li>\n<li>Seguro 5000 cop/ 2 us (Ni&ntilde;os de 0 a 2 a&ntilde;os)</li>\n</ul>',NULL,NULL),(289,54,'Rumba Rasta por la Bahia','<p>En esta modalidad puedes disfrutar de una rumba diferente bajo las estrellas en nuestra embarcacion y al ritmo caribe&ntilde;o, nuestro recorrido sera de 9:00 pm a 12:00 pm.&nbsp;</p>\n<p>Salidas los Domingos.</p>\n<p>NO esta permitido el ingreso de menores de edad.</p>',18,18,0,'assets/images/media/61afba0ef113a.jpg','<ul>\n<li>Recorrido por la bahia</li>\n<li>Coctel de bienvenida</li>\n<li>Bar abierto&nbsp;</li>\n<li>Musica a bordo</li>\n</ul>','<ul>\n<li>Traslados al muelle</li>\n<li>Gastos no especificados</li>\n</ul>','<p>Presentarse en el Muelle <strong>Portofino</strong> a las<strong> 8.30 pm </strong>(PREVIA CONFIRMACION CON JET SET VIAJES)</p>','<p>*Recorrido por la bahia *Bar abierto bebidas seleccionadas *Musica a bordo</p>','<ul>\n<li>Traslados al muelle</li>\n<li>Gastos no especificados</li>\n</ul>',2,NULL),(290,134,'Recorrido al Aviario y pasadia en Playa Blanca Baru.','<p>Para vivir esta experiencia realizaras un recorrido desde Cartagena, via terrestre hasta el aviario, donde haremomos un recorido durante 2 horas conociendo las diferentes especies, tambien veremos el show de aves a las 11.30 am y pasaremos una tarde de playa en Playa Tranquila, Baru a donde llegaremos en una peque&ntilde;a lancha en un recorrido de 5 minutos a este sector exclusivo y privado.</p>\n<p>Disfruta de almuerzo en<strong> ARMA TU MOCHILA,</strong> mar azul turquesa y arena blanca bajo tus pies, nuestro pasadia sera de 8:00 am a 3:00 pm.</p>\n<p>Tenemos <strong>4 opciones </strong>de almuerzo para seleccionar: pescado frito (Mojarra 450 gms), cerdo a la plancha (Chuleta), pollo a la plancha (Pechuga) y vegetariano.</p>',2,10,1,'assets/images/media/628c08dd8b72f.jpg','<ul>\n<li>Traslado en vehiculo climatizado desde el hotel (zona Bocagrande, El Laguito y Castillo).</li>\n<li>Entrada al Aviario Nacional .</li>\n<li>Traslado hasta Playa Blanca Baru.</li>\n<li>3 opciones de almuerzo en <strong>nuestra playa.</strong></li>\n<li><strong>Uso de sillas o camas de playa.</strong></li>\n</ul>','<ul>\n<li>Impuesto de extranjeria $20.000/8 us (se pagan en la agencia)</li>\n<li>Servicios no especificados en el presente programa.</li>\n</ul>','<p>Te pasamos a buscar al hotel a las <strong>8.00 am.</strong> Zona Bocagrande, El Laguito, Castillo Grande y Getsemani.<br />(PREVIA CONFIRMACION CON ARMA TU MOCHILA)</p>','<p>*Traslado desde y hacia el hotel (Aplican restricciones) *Entrada al Aviario&nbsp; *Almuerzo *Sillas o camas de Playa Segun disponibilidad.</p>','<ul>\n<li>Impuesto de extranjeria $20.000/10 us (se pagan en la agencia)</li>\n<li>Servicios no especificados enm el presente programa.</li>\n</ul>',2,NULL),(291,20,'Vuelta a la isla en Tren en la mañana','<p>En esta modalidad realizamos un recorrido guiado en Tren Turistico por los principales sitios turisticos de San Andres, llegamos a la Casa Isle&ntilde;a, Hoyo soplador, Piscina Natural y Playas de San Luis, nuestra actividad sera de 9:00 am a 1:00.&nbsp;</p>\n<p>La actividad dura 4 horas aproximadamente.</p>',5,10,0,'assets/images/media/61b3eb68929ec.jpeg','<ul>\n<li>Traslado en Tren desde punto de encuentro</li>\n<li>Guia y musica&nbsp;</li>\n<li>Recorrido panoramico&nbsp;</li>\n<li>Parada en Museo Casa Isle&ntilde;a</li>\n<li>Parada en West View</li>\n<li>Parada Hoyo soplador</li>\n<li>Parada en Playas de San Luis</li>\n</ul>','<ul>\n<li>Ingreso Museo Casa Isle&ntilde;a 10.000 cop / 3 us</li>\n<li>Ingreso West View 6.000 cop / 2 us</li>\n<li>Parada en Cueva de Morgan o Museo Pirata</li>\n</ul>','<p>Presentarse en <strong>La Mezquita</strong> <strong>8.30 am </strong>(PREVIA CONFIRMACION CON JET SET VIAJES)</p>','<p>*Recorrido panoramico *Guia y musica *Parada en Museo Casa Isle&ntilde;a *Parada en West View *Parada Hoyo soplador *Parada en Playas de San Luis</p>','<ul>\n<li>Ingreso Museo Casa Isle&ntilde;a 10.000 cop / 3 us</li>\n<li>Ingreso West View 6.000 cop / 2 us</li>\n</ul>',1,NULL),(292,20,'Vuelta a la isla en Tren en la tarde','<p>En esta modalidad realizamos un recorrido guiado en Tren Turistico por los principales sitios turisticos de San Andres, llegamos a la Casa Isle&ntilde;a, Hoyo soplador, Piscina Natural y playas de San Luis, nuestra actividad sera de 2:30 am a 6:30.&nbsp;</p>\n<p>La actividad dura 4 horas aproximadamente.</p>',5,10,1,'assets/images/media/61b3ec2b8b228.jpeg','<ul>\n<li>Traslado en Tren desde punto de encuentro</li>\n<li>Guia y musica&nbsp;</li>\n<li>Recorrido panoramico&nbsp;</li>\n<li>Parada en Museo Casa Isle&ntilde;a</li>\n<li>Parada en West View</li>\n<li>Parada Hoyo soplador</li>\n<li>Parada en Playas de San Luis</li>\n</ul>','<ul>\n<li>Ingreso Museo Casa Isle&ntilde;a 10.000 cop / 3 us</li>\n<li>Ingreso West View 6.000 cop / 2 us</li>\n<li>Parada en Cueva de Morgan o Museo Pirata</li>\n</ul>','<p>Presentarse en <strong>La Mezquita 2.00 pm </strong>(PREVIA CONFIRMACION CON JET SET VIAJES)</p>','<p>*Recorrido panoramico *Guia y musica *Parada en Museo Casa Isle&ntilde;a *Parada en West View *Parada Hoyo soplador *Parada en Playas de San Luis</p>','<ul>\n<li>Ingreso Museo Casa Isle&ntilde;a 10.000 cop / 3 us</li>\n<li>Ingreso West View 6.000 cop / 2 us</li>\n</ul>',2,NULL),(293,194,'Pueblo Palomino','<p>En esta modalidad recorremos unas 2 horas aproximadamente en vehiculo climatizado visitaremos el pueblo de Palomino, puedes disfrutar de un delicioso almuerzo tipico y de una tarde de playa.</p>\n<p>Tenemos delicioso almuerzo tipico incluido, nuestro pasadia sera de 8:00 am a 4:00 pm.&nbsp;</p>\n<p>&nbsp;</p>',4,10,0,'assets/images/media/61ba6c2b4f044.jpg','<ul>\n<li>Traslado en vehiculo climatizado desde el hotel (zona El Rodadero, Pozos Colorados y Centro)</li>\n<li>Pasadia en Pueblo Palomino</li>\n<li>Almuerzo tipico</li>\n</ul>','<ul>\n<li>Seguro 5000 cop/ 2 us (Ni&ntilde;os de 0 a 2 a&ntilde;os)</li>\n<li>Gastos no especificados</li>\n</ul>','<p>Te pasamos a buscar al hotel de 7.00 a 7.30 am, (zona El Rodadero, Pozos Colorados y Centro)<br />(PREVIA CONFIRMACION CON JET SET VIAJES)</p>','<p>*Traslado desde y hacia el hotel (Aplican restricciones) *Almuerzo Tipico *Pasadia en Palomino</p>','<ul>\n<li>Seguro 5000 cop/ 2 us (Ni&ntilde;os de 0 a 2 a&ntilde;os)</li>\n<li>Gastos no especificados</li>\n</ul>',NULL,NULL),(294,17,'Cabalgata Ecologica 2 horas','<p>En esta modalidad realizamos un recorrido por zona rural y luego subiremos la monta&ntilde;a Hill top, all&iacute; descansaremos 15 min, interactuamos con los caballos y el gu&iacute;a y luego seguiremos por un sendero en medio de la monta&ntilde;a, nuestra actividad sera de Lunes a Sabado a las 10.00 am y&nbsp; 4.00 pm.&nbsp;</p>\n<p>La actividad dura 2 horas aproximadamente.</p>',2,10,0,'assets/images/media/61bb4c64100c8.jpg','<ul>\n<li>Cabalgata por 2 horas&nbsp;</li>\n<li>Asistencia medica</li>\n<li>Instructor durante la actividad</li>\n</ul>','<ul>\n<li>Traslado del hotel a las pesebreras&nbsp;</li>\n<li>Gastos no especificados</li>\n</ul>','<p>Presentarse en el <strong>San Luis sector Sound Bay, </strong>al frente del restaurante D&Oacute;NDE FRANCESCA.<strong> </strong>(PREVIA CONFIRMACION CON JET SET VIAJES)</p>','<p>*Cabalgata por 2 horas *Asistencia medica *Instructor durante la actividad</p>','<ul>\n<li>Traslado del hotel a las pesebreras&nbsp;</li>\n<li>Gastos no especificados</li>\n</ul>',NULL,NULL),(295,17,'Cabalgata Extrema a la Laguna 4 horas','',NULL,NULL,1,'assets/images/media/61c27889631c6.jpg','','',NULL,NULL,NULL,NULL,NULL),(296,240,'Combo doble Cartagena y Santa Marta','<p>En este combo te recogemos en el aeropuerto y te dejamos en el hotel, al dia siguiente realizaras el tour a Playa Blanca Baru Terrestre y luego te llevaremos otro dia hasta Santa Marta en vehiculo climatizado.</p>\n<p>En Santa Marta realizaras el tour a Playa Blanca en lancha.</p>\n<p>El ultimo dia te llevaremos desde tu hotel al aeropuerto.</p>',2,10,1,'assets/images/default.jpg','<ul>\n<li>Traslados <strong>aeropuerto / hotel</strong> en Cartagena y <strong>hotel / aeropuerto</strong> en Santa Marta&nbsp;</li>\n</ul>\n<p><strong>Playa Tranquila Baru, Terrestre en Cartagena:</strong></p>\n<ul>\n<li>Traslado en vehiculo climatizado desde el hotel (zona Bocagrande, El Laguito y Castillo)</li>\n<li>Coctel de la casa</li>\n<li>4 opciones de almuerzo en&nbsp;<strong>Jet Set Beach</strong></li>\n<li>Ba&ntilde;os y duchas de agua dulce</li>\n</ul>\n<p><strong>Traslado desde Cartagena&nbsp; hacia Santa Marta</strong></p>\n<p><strong>Playa Blanca en Santa Marta:</strong></p>\n<ul>\n<li>Traslado en lancha hasta Playa Blanca</li>\n<li>Pasadia en Playa Blanca</li>\n</ul>','<p><strong>Playa Tranquila Baru, Terrestre Cartagena:</strong></p>\n<ul>\n<li>Uso de sillas reposeras, camas de playa y bohios</li>\n</ul>\n<p><strong>Playa Blanca Santa Marta:</strong></p>\n<ul>\n<li>Traslado al Muelle</li>\n<li>Ingreso al Acuario</li>\n<li>Almuerzo</li>\n<li>Seguro 5000 cop/ 2 us (Ni&ntilde;os de 0 a 2 a&ntilde;os)</li>\n</ul>','<p><strong>Traslado Aeropuerto/Hotel/Aeropuerto:</strong></p>\n<p>Estaremos esper&aacute;ndote a la salida del aeropuerto con un letrero que lleva el logo de Jet Set Viajes.</p>\n<p>El dia de salida por favor estar listos en el lobby del hotel a la hora indicada por la agencia de viajes, es obligatorio presentar el voucher fisico o digital.</p>\n<p><strong>Playa Blanca Santa Marta:</strong></p>\n<p>Presentarse en la<strong> Cra 1 N&deg;7-69 Edificio Fuentemar</strong> a partir de las <strong>8.30 am</strong></p>\n<p><strong>Las lanchas salen desde las 8.30 am cada media hora y el regreso es 1.30, 3.00 y 4.00 pm</strong></p>\n<p><strong>Playa Tranquila Baru, Terrestre Cartagena;</strong></p>\n<p>Te pasamos a buscar al hotel a las <strong>7.00 am.</strong></p>\n<p>Zona Bocagrande, El Laguito, Castillo Grande y Getsemani. (PREVIA CONFIRMACION CON JET SET VIAJES)</p>','<p><strong>Playa Blanca Santa Marta:</strong></p>\n<p>*Traslado en lancha *Pasadia en Playa Blanca&nbsp;</p>\n<p><strong>Playa Tranquila Baru, Terrestre Cartagena:</strong></p>\n<p>*Traslado desde y hacia el hotel (Aplican restricciones) *Coctel de la casa *Almuerzo</p>','<p><strong>Playa Blanca Santa Marta:</strong></p>\n<ul>\n<li>Traslados al Muelle</li>\n<li>Ingreso al Acuario</li>\n<li>Almuerzo</li>\n<li>Seguro 5000 cop/ 2 us (Ni&ntilde;os de 0 a 2 a&ntilde;os)</li>\n</ul>\n<p><strong>Playa Tranquila Baru, Terrestre Cartagena:</strong></p>\n<ul>\n<li>Sillas asoleadoras, camas de playa o bohios</li>\n</ul>',NULL,NULL),(297,241,'Combo doble Santa Marta y Cartagena','<p>En este combo te recogemos en el aeropuerto y te dejamos en el hotel, al dia siguiente realizaras el tour a Playa Blanca y luego te llevaremos otro dia hasta Cartagena en vehiculo climatizado.</p>\n<p>En Cartagena realizaras el tour a Playa Blanca terrestre con almuerzo incluido.</p>\n<p>El ultimo dia te llevaremos desde tu hotel al aeropuerto.</p>',2,10,1,'assets/images/default.jpg','<ul>\n<li>Traslados <strong>aeropuerto / hotel</strong> en Santa Marta y <strong>hotel / aeropuerto</strong> en Cartagena</li>\n</ul>\n<p><strong>Playa Blanca:</strong></p>\n<ul>\n<li>Traslado en lancha hasta Playa Blanca</li>\n<li>Pasadia en Playa Blanca</li>\n</ul>\n<p><strong>Traslado desde Santa Marta hacia Cartagena</strong></p>\n<p><strong>Playa Tranquila Baru, Terrestre:</strong></p>\n<ul>\n<li>Traslado en vehiculo climatizado desde el hotel (zona Bocagrande, El Laguito y Castillo)</li>\n<li>Coctel de la casa</li>\n<li>4 opciones de almuerzo en&nbsp;<strong>Jet Set Beach</strong></li>\n<li>Ba&ntilde;os y duchas de agua dulce</li>\n</ul>','<p><strong>Playa Blanca Santa Marta:</strong></p>\n<ul>\n<li>Traslado al Muelle</li>\n<li>Ingreso al Acuario</li>\n<li>Almuerzo</li>\n<li>Seguro 5000 cop/ 2 us (Ni&ntilde;os de 0 a 2 a&ntilde;os)</li>\n</ul>\n<p><strong>Playa Tranquila Baru, Terrestre Cartagena:</strong></p>\n<ul>\n<li>Uso de sillas reposeras, camas de playa y bohios</li>\n</ul>','<p><strong>Traslado Aeropuerto/Hotel/Aeropuerto:</strong></p>\n<p>Estaremos esper&aacute;ndote a la salida del aeropuerto con un letrero que lleva el logo de Jet Set Viajes.</p>\n<p>El dia de salida por favor estar listos en el lobby del hotel a la hora indicada por la agencia de viajes, es obligatorio presentar el voucher fisico o digital.</p>\n<p><strong>Playa Blanca Santa Marta:</strong></p>\n<p>Presentarse en la<strong> Cra 1 N&deg;7-69 Edificio Fuentemar</strong> a partir de las <strong>8.30 am</strong></p>\n<p><strong>Las lanchas salen desde las 8.30 am cada media hora y el regreso es 1.30, 3.00 y 4.00 pm</strong></p>\n<p><strong>Playa Tranquila Baru, Terrestre Cartagena;</strong></p>\n<p>Te pasamos a buscar al hotel a las <strong>7.00 am.</strong></p>\n<p>Zona Bocagrande, El Laguito, Castillo Grande y Getsemani. (PREVIA CONFIRMACION CON JET SET VIAJES)</p>','<p><strong>Playa Blanca Santa Marta:</strong></p>\n<p>*Traslado en lancha *Pasadia en Playa Blanca&nbsp;</p>\n<p><strong>Playa Tranquila Baru, Terrestre Cartagena:</strong></p>\n<p>*Traslado desde y hacia el hotel (Aplican restricciones) *Coctel de la casa *Almuerzo</p>','<p><strong>Playa Blanca Santa Marta:</strong></p>\n<ul>\n<li>Traslados al Muelle</li>\n<li>Ingreso al Acuario</li>\n<li>Almuerzo</li>\n<li>Seguro 5000 cop/ 2 us (Ni&ntilde;os de 0 a 2 a&ntilde;os)</li>\n</ul>\n<p><strong>Playa Tranquila Baru, Terrestre Cartagena:</strong></p>\n<ul>\n<li>Sillas asoleadoras, camas de playa o bohios</li>\n</ul>',NULL,NULL),(298,242,'City tour en bus de 2 pisos','<p>Nuestro bus tur&iacute;stico de 2 pisos,&nbsp;le permite subir y bajar en cualquiera de las 14 paradas designadas que conducen a lo mejor que Cartagena tiene para ofrecer.</p>\n<p>Adem&aacute;s, el tiquete de nuestro bus tur&iacute;stico Cartagena, incluye una caminata guiada por las calles empedradas de la hist&oacute;rica Ciudad Amurallada, sin cargo adicional.</p>\n<p>Para aquellos que prefieren recorrer a su propio ritmo, la excursi&oacute;n en nuestro bus tur&iacute;stico (Hop On Hop Off Cartagena), es la opci&oacute;n ideal para explorar la ciudad, de acuerdo al tiempo y disponibilidad de cada persona..&nbsp;</p>\n<p>La actividad dura 1 hora y media sin bajarse del bus con las paradas puedes realizarla en 2 dias.</p>',5,11,1,'assets/images/media/61c3aeda4b48f.jpg','<ul>\n<li>Recorrido en vehiculo de 2 pisos.</li>\n<li>Audio guia en 6 idiomas.</li>\n<li>14 diferentes paradas.</li>\n<li>Caminata guiada en el Centro Historico.</li>\n</ul>','<ul>\n<li>Entrada al Castillo de San Felipe.</li>\n</ul>','<p>Ubica el horario de cada parada en el mapa que te entregamos con el voucher.</p>','<p>*Recorrido en bus de 2 pisos *Audio guia bilingue *14 estaciones diferentes.</p>','<ul>\n<li>Entrada al Castillo de San Felipe.</li>\n</ul>',NULL,NULL),(299,96,'Hacienda Nápoles Pasaporte Aventura','<p>En esta modalidad puedes disfrutar de un excelente Parque Tem&aacute;tico, ubicado en el Municipio de Puerto Triunfo (Antioquia), con ingreso a las cataratas<strong> Victoria, Cobras y Rio Salvaje.&nbsp;</strong></p>\n<p>Este parque se ha convertido en una de los mas visitados de la regi&oacute;n, gracias a su variedad de animales y atracciones acu&aacute;ticas, nuestro pasadia sera los Sabados y Domingos de 4:30 am a 7:00 pm aproximadamente.</p>',3,10,0,'assets/images/media/61cca55c9ffa4.jpg','<ul>\n<li>Trasporte en vehiculo desde punto de encuentro</li>\n<li>Desayuno&nbsp;</li>\n<li>Ingreso a la Hacienda Napoles con pasaporte AVENTURA</li>\n<li>Recorrido por el h&aacute;bitat de los animales</li>\n<li>Ingreso y disfrute de las zonas acu&aacute;ticas</li>\n<li>C<strong>ataratas Victoria, cobras y rio salvaje</strong></li>\n</ul>','<ul>\n<li>Almuerzo</li>\n</ul>','<p>Presentarse en este punto: <strong>*C&aacute;mara de Comercio de Medell&iacute;n ubicada en la Carrera 46 # 52-82 de la Avenida Oriental<label class=\"switch switch-success switch-round margin-top-20\"><label class=\"switch switch-success switch-round margin-top-20\"><label class=\"switch switch-success switch-round margin-top-20\">&nbsp;</label></label></label></strong>(PREVIA CONFIRMACION CON JET SET VIAJES)</p>','<p>*Traslado en vehiculo turistico desde un punto de encuentro *Desayuno *Pasaporte AVENTURA *Seguro durante el recorrido</p>\n<p>&nbsp;</p>\n<p>&nbsp;</p>','<ul>\n<li>Almuerzo</li>\n</ul>',NULL,NULL),(300,234,'Limo Chiva de Rumba','<blockquote>\n<p>Este recorrido se disfrutar&aacute; los principales sitios tur&iacute;sticos de nuestra hermosa Cartagena de Indias, en transporte t&iacute;pico de Colombia que resalta por su colorido, con la mejor atenci&oacute;n nos recibir&aacute;n con una bebida de bienvenida, (cerveza).</p>\n<p>Pasamos por el Castillo de San Felipe, aunque no ingresamos, luego llegaremos a la discoteca donde est&aacute; incluida la entrada sin consumo, los menores de edad no pueden ingresar.</p>\n<p>La actividad dura 3 horas aproximadamente.</p>\n<p>&nbsp;</p>\n</blockquote>\n<p>&nbsp;</p>',4,10,1,'assets/images/media/628bee811d646.jpg','<blockquote>\n<ul>\n<li>\n<p>Traslado en vehiculo tipico de madera (zona Bocagrande, El Laguito y Castillo)</p>\n</li>\n<li>\n<p>Recreacionista</p>\n</li>\n<li>\n<p>Recorrido panoramico&nbsp;</p>\n</li>\n<li>\n<p>Entrada a discoteca en Getsemani</p>\n</li>\n</ul>\n<h3>&nbsp;</h3>\n</blockquote>','<ul>\n<li>\n<blockquote>Licores</blockquote>\n</li>\n<li>\n<blockquote>Gastos no especificados</blockquote>\n</li>\n</ul>','<p>Te pasamos a buscar al hotel a partir de las <strong>8.00 pm</strong>, Zona Bocagrande, El Laguito, y Castillo Grande.<br />(PREVIA CONFIRMACION CON ARMA TU MOCHILA.COM)</p>','<p>*Traslado desde y hacia el hotel (Aplican restricciones) *Cerveza de cortesia *Animador *Recorrido panoramico&nbsp;</p>','<ul>\n<li>Licores</li>\n<li>Gastos no especificados</li>\n</ul>',NULL,NULL),(301,244,'Isla del Rosario, Isla Privada La Cocotera Beach','<p>Hermosa y ecologica isla donde puedes descansar y disfrutar de una excelente tarde de playa bajo el sol del caribe. Te recibimos con un jugo de bienvenida o deliciosas frutas de temporada.</p>\n<p>Luego disfrutaras de un delicioso almuerzo tipico (pescado &oacute; pollo acompa&ntilde;ado con arroz de coco, ensalada y patacones) &oacute; arroz salteado con verduras + papas a la francesa , postre y cafe, nuestro pasadia sera de 9:00 am a 3:00 pm.&nbsp;</p>',5,10,0,'assets/images/media/61ef393444ee2.jpg','<ul>\n<li>Traslado en lancha&nbsp;</li>\n<li>Jugo de bienvenida o frutas de tempodada</li>\n<li>Almuerzo tipico, postre y cafe</li>\n<li>Sillas y camas asoleadoras (sujetas a disponiblidad)</li>\n</ul>','<ul>\n<li>Impuesto de muelle 20.000 cop/6 us</li>\n<li>Ingreso al Oceanario o Snorkel</li>\n</ul>','<p>Presentarse en el Muelle de la Bodeguita Taquilla 10 a las <strong>8.30 am</strong> (PREVIA CONFIRMACION CON JET SET VIAJES)</p>','<p>*Traslado en lancha *Panoramico por las Islas del Rosario *Almuerzo *1 jugo de bienvenida o Fruta *Silla asoleadora, hamacas, mesas (sujetas a disponibilidad)</p>','<ul>\n<li>Traslados al muelle</li>\n<li>Impuesto de muelle 20.000 cop/6 us</li>\n<li>Entrada al Oceanario 30.000 cop/ 10 us</li>\n<li>Actividad de snorkel 40.000 cop/ 12 us</li>\n</ul>',NULL,NULL),(302,93,'Sunset en Wala Beach Club','<p>Quieres disfrutar del mejor atardecer de Cartagena de Indias? visita nuestro Club de Playa desde las 4 de la tarde, ba&ntilde;ate en el mar y goza de este maravilloso lugar.</p>\n<p>Tienes incluido un delicioso coctel de camaron con chips de platano o fabulosos calamares crocantes con salsa tartara.</p>\n<p>&nbsp;</p>',4,10,0,'assets/images/media/6205bce18d789.png','<ul>\n<li>Pasadia desde las 4.00 pm hasta las 8.00 pm</li>\n<li>Bebida de bienvenida</li>\n<li>2 opciones de snack&nbsp;</li>\n<li>Camas de playa</li>\n<li>Uso de ba&ntilde;os&nbsp;</li>\n<li>Piscina</li>\n<li>Acceso a playa privada</li>\n</ul>','<ul>\n<li>Traslado hasta el Wala Beach Club</li>\n<li>Gastos no especificados</li>\n</ul>','<p>Presentarse en la <strong>Calle 1 N&deg; 1-52 Barrio el Laguito</strong> \"Wala Beach Club\", a partir de las <strong>8.00 am </strong>(PREVIA CONFIRMACION CON JET SET VIAJES)&nbsp;</p>','<p>*Bebida de bienvenida * Camarones o calamares *Camas de Playa *Uso de las instalaciones</p>','<ul>\n<li>Traslados al club</li>\n<li>Gastos no especificados</li>\n</ul>',NULL,NULL),(303,245,'Test Modalidad','<p>Descp</p>',2,10,0,'assets/images/default.jpg','<p>Incluye</p>','<p>No incluye</p>',NULL,NULL,NULL,NULL,NULL),(304,246,'Tour por Cali','<p>Descripci&oacute;n</p>',2,10,1,'assets/images/default.jpg','<p>Incluye...</p>','<p>No incluye...</p>',NULL,NULL,NULL,NULL,NULL),(305,159,'Isla de Baru, 4 destinos Premium + Aviario','<p>En esta modalidad realizamos 4 actividades incluyendo una hermosa visita al aviario por 2 horas y la actividad de plancton en la noche, tenemos sillas asoleadoras o camas de playa y bohio incluido,&nbsp; nuestro pasadia sera de 7:00 am a 8:00 pm con regreso en vehiculo climatizado via terrestre.</p>\n<p>Tenemos <strong>6&nbsp;opciones </strong>de almuerzo para seleccionar: pescado frito (Mojarra 550 gms), pescado encocado (Mojarra 550 gms), pescado guisado (Mojarra 550 gms), cerdo a la plancha (Chuleta), pollo a la plancha (Pechuga) y vegetariano.</p>\n<p>No incluye impuesto de extranjeria $20.000/8 us (se pagan en la agencia)</p>',2,10,1,'assets/images/media/62293efcea473.jpg','<ul>\n<li>Traslado en vehiculo climatizado</li>\n<li>Panoramico por las Islas del Rosario en lancha</li>\n<li>Ingreso al Oceanario o Snorkel</li>\n<li>6 opciones de almuerzo en <strong>Jet Set Beach en </strong>Playa Tranquila</li>\n<li>Uso de sillas reposeras, camas de playa y bohios (ubicacion sujeta a disponibilidad)</li>\n<li>Ceviche de camarones o porci&oacute;n de Frutas</li>\n<li>Entrada y recorrido al Aviario mas el show de aves</li>\n<li>Ba&ntilde;os y duchas de agua dulce</li>\n<li>Snack en la tarde</li>\n<li>Ba&ntilde;o con placton en la cienaga</li>\n</ul>','<ul>\n<li>Gastos no especificados</li>\n<li>Entrada al <strong>Oceanario</strong> si eligen <strong>snorkel&nbsp;</strong></li>\n<li><strong>Snorkel </strong>si eligen entrada al<strong> Oceanario</strong></li>\n<li>Impuesto de extranjeria $20.000/8 us (se pagan en la agencia)</li>\n</ul>','<p>Te pasamos a buscar al hotel a las <strong>7.00 am.</strong> Zona Bocagrande, El Laguito, Castillo Grande y Getsemani.<br />(PREVIA CONFIRMACION CON JET SET VIAJES)</p>','<p>*Traslado desde y hacia el hotel (Aplican restricciones) *Coctel de bienvenida *Panoramico por las Islas del Rosario&nbsp; *Oceanario o Snorkel *Ceviche de camarones o porcion de Frutas *Almuerzo *Entrada y recorrido por el Aviario *Snack o refrigerio *Sillas asoleadoras y bohio&nbsp; *Actividad de plancton</p>','<ul>\n<li>Entrada al <strong>Oceanario</strong> si eligen <strong>snorkel, </strong>30.000 cop/ 10 us</li>\n<li><strong>Snorkel </strong>si eligen entrada al<strong> Oceanario,&nbsp; </strong>45.000 cop/ 12 us</li>\n<li>Impuesto de extranjeria $20.000/10 us (se pagan en la agencia)</li>\n</ul>',3,NULL),(306,247,'Parasail sobre el mar','<p>Excelente experiencia llena de adrenalina y aventura para volar sobre el mar de los 7 colores, puedes sobrevolar la bahia interna de San Andres con un seguro y comodo equipo de parasail solo en compa&ntilde;ia de quien prefieras durante 15 minutos, nuestra actividad se realiza de lunes a domingo 07:00 am 9:00 am, 11:00 am, 2:00 pm y 4:00 pm. Puede durar de 40 minutos a 1 hora y media dependiendo de la cantidad de pasajeros a bordo de la lancha.</p>',4,12,0,'assets/images/media/623dea4860529.jpg','<ul>\n<li>Traslado en lancha por la bahia para iniciar el vuelo</li>\n<li>Equipo idoneo y certificado</li>\n<li>Instructor certificado</li>\n<li>Los pasajeros cuentan con agua gratis</li>\n</ul>\n<p>&nbsp;</p>','<ul>\n<li>Traslado al Muelle</li>\n<li>Impuesto de Muelle 5.000 cop/2 us</li>\n</ul>','<p>Presentarse en el <strong>Muelle de la Policia</strong><strong>&nbsp;am preguntar por Andrea</strong>&nbsp;(PREVIA CONFIRMACION CON JET SET VIAJES)</p>','<p>*Recorrido por la bahia *Vuelo de 15 minutos *Equipo de Parasail</p>','<ul>\n<li>Traslado al Muelle</li>\n<li>Impuesto de Muelle 5.000cop/2 us</li>\n</ul>',NULL,NULL),(307,20,'Vuelta a la Isla en MIni Chiva en la Mañana','<p>En esta modalidad realizamos un recorrido guiado en mini chiva por los principales sitios turisticos de San Andres, llegamos a la Casa Isle&ntilde;a, Cueva de Morgan, Hoyo soplador, Piscina Natural y otros atractivos mas, nuestra actividad sera de 9:00 am a 12:00.&nbsp;</p>\n<p>La actividad dura 3 horas aproximadamente.</p>',3,10,0,'assets/images/default.jpg','<ul>\n<li>Traslado en vehiculo tipico desde punto de encuentro</li>\n<li>Guia&nbsp;</li>\n<li>Recorrido panoramico&nbsp;</li>\n<li>Parada en Museo Casa Isle&ntilde;a</li>\n<li>Parada en Cueva de Morgan o Museo Pirata</li>\n<li>Parada en West View</li>\n<li>Parada Hoyo soplador</li>\n</ul>','<ul>\n<li>Ingreso Museo Casa Isle&ntilde;a 10.000 cop / 3 us</li>\n<li>Ingreso Cueva de Morgan o Museo Pirata 20.000 cop / 7 us</li>\n<li>Ingreso West View 6.000 cop / 2 us</li>\n</ul>','<p>Presentarse en el <strong>Centro Comercial New Point local 223</strong> &nbsp;<strong>8.30 am </strong>(PREVIA CONFIRMACION CON JET SET TRAVEL)</p>','<p>*Recorrido panoramico *Guia *Parada en Museo Casa Isle&ntilde;a *Parada en Cueva de Morgan o Museo Pirata *Parada en West View *Parada Hoyo soplador</p>','<ul>\n<li>Ingreso Museo Casa Isle&ntilde;a 10.000 cop / 3 us</li>\n<li>Ingreso Cueva de Morgan o Museo Pirata 20.000 cop / 7 us</li>\n<li>Ingreso West View 6.000 cop / 2 us</li>\n</ul>',NULL,NULL),(308,73,'Canopy Combo Pikua','<p>En esta modalidad te llevamos a Playa Blanca donde podr&aacute;s disfrutar de una inolvidable experiencia, llena de adrenalina y aventura con un delicioso almuerzo incluido en nuestro restaurante pikua ubicado en playa blanca.<br /><strong>Las lanchas salen desde las 8.30 am cada media hora y el regreso es 2.00 pm, 3.00 pm y&nbsp; 4.00 pm</strong></p>',5,10,1,'assets/images/media/6297d35b0c722.jpeg','<ul>\n<li>Dos trayectos de Canopy</li>\n<li>Transporte en lancha a Playa blanca ida y regreso</li>\n<li>Almuerzo t&iacute;pico en Restaurante la Pikua Playa Blanca</li>\n<li>Instructor</li>\n<li>Seguro al viajero</li>\n<li>Pasadia en playa blanca</li>\n</ul>','<ul>\n<li>Servicios no expecificados en el programa</li>\n</ul>',NULL,NULL,NULL,NULL,NULL),(309,140,'City tour panorámico en Vans Climatizada.','<p>En esta modalidad haremos un recorrido guiado en vans climatizada,&nbsp; por los principales sitios turisticos de Cartagena de Indias, pasando por barrios de bocagrande, castillo haciendo una parada para tomar algunas fotografias, posteriormente iremos a las botas viejas, donde tendremos otra parada, pasando por el Castillo de San Felipe aunque no incluimos el ingreso, podemos tomar fotos, luego conoceremos el Centro Historico y caminaremos con nuestro guia historiador.</p>\n<p>La actividad dura 3 horas aproximadamente.</p>',3,10,1,'assets/images/media/6297d7290ae01.jpeg','<ul>\n<li>Traslado en vans climatizada, desde tu hotel (zona Bocagrande, El Laguito y Castillo)</li>\n<li>Guia historiador.</li>\n<li>Recorrido panoramico.</li>\n<li>Caminata guiada en el Centro Historico.</li>\n</ul>','<ul>\n<li>Entrada al Castillo de San Felipe.</li>\n</ul>','<p>Te pasaremos a buscar a tu hotel de acuerdo a horario acordado, Zona Bocagrande, El Laguito, y Castillo Grande.<br /><strong>(PREVIA CONFIRMACION CON ARMA TU MOCHILA.COM)</strong></p>','<p>*Traslado desde y hacia el hotel (Zona Bocagrande, El Laguito, y Castillo Grande.) *Guia historiador&nbsp; *Recorrido panoramico.</p>','<ul>\n<li>Entrada al Castillo de San Felipe.</li>\n</ul>',NULL,NULL),(310,140,'City Tour Promo exclusivo agencias','<p>En esta modalidad haremos un recorrido guiado en vans climatizada,&nbsp; por los principales sitios turisticos de Cartagena de Indias, pasando por barrios de bocagrande, castillo, posteriormente pasaremos por las botas viejas, y castillode san felipe,&nbsp; luego pasaremos por el Centro Historico..</p>\n<p>La actividad dura 01 hora aproximadamente.</p>',2,10,1,'assets/images/media/6297d7428b178.jpeg','<ul>\n<li>Traslado en vans climatizada, desde tu hotel (zona Bocagrande, El Laguito y Castillo)</li>\n<li>Recorrido panoramico.</li>\n<li>Guia.</li>\n</ul>','<ul>\n<li>Entradas a castillo.</li>\n<li>Paradas en sitios turisticos solo en barrio castillo.</li>\n</ul>','<p>Te pasaremos a buscar a tu hotel de acuerdo a horario acordado, Zona Bocagrande, El Laguito, y Castillo Grande.<br /><strong>(PREVIA CONFIRMACION CON ARMA TU MOCHILA.COM)</strong></p>','<p>*Traslado desde y hacia el hotel (Zona Bocagrande, El Laguito, y Castillo Grande.) *Guia historiador&nbsp; *Recorrido panoramico.</p>','<ul>\n<li>Entrada al Castillo de San Felipe.</li>\n<li>Caminata por centro historico.</li>\n<li>Paradas para tomar fotografias.</li>\n</ul>',NULL,NULL),(311,248,'MODALIDAD PRUEBA 1','',NULL,NULL,1,'assets/images/default.jpg','','',NULL,NULL,NULL,NULL,NULL),(312,180,'Getsemani Romantico y gastronomico.','<p>En esta experienia viviremos la magia&nbsp; de la noche getseanicense, rcorriendo sus callecitas, llenas de historia y colores, donde haremos un breve recorrido por las mas importantes calles de el barrio de Getsemani al alado de nuestro guia historiador, quien nos transportar&agrave; atravez del tiempo a esta bella epoca, luego llegaremos a un prestigioso restaurante para isfrutar de una exquisit cena.</p>',2,10,1,'assets/images/media/62a66b864523e.jpg','<p>*Transporte desde hoteles de sector de bocagrande laguito y castillo grande.</p>\n<p>*Recorrido peatonal guiadgia hostoriador.</p>\n<p>*Cena a tres tiempos.</p>\n<p>&nbsp;</p>','<p>*Transporte de regreso hacia hotel.</p>\n<p>*Bebida con la cena&nbsp;</p>\n<p>*Gastos no especificados en el presente progama.</p>','<p>Te informaremos del punto de encuentro previa confirmacion en tu agencia Arma Tu Mochila.com.</p>','<p>*Jugo natural refrescante *Caminata por Getsemani *Gu&iacute;a historiador durante el recorrido.</p>\n<p>*Cena a tres tiempos .</p>','<p>*Bebida con la cena *Transporte de regreso hacia el hotel.</p>',NULL,NULL),(313,249,'Asesoria de Visa','<p>En nuestra asesor&iacute;a, te estaremos brindando el acompa&ntilde;amiento durante. todo el proceso de solicitud de cita para el visado, de igual manera tendremos una entrevista presencial o virtual segun sea el caso para de esta manera recolectar la informacion necesaria para el correcto diligenciamiento de los dierentes formularios de acuerdo al tipo de visado.&nbsp;</p>',5,11,1,'assets/images/media/62b4a819cc974.jpeg','<ul>\n<li>Entrevista presencial o virtual.</li>\n<li>Recoleccion de documentcion.</li>\n<li>Relleno de los formularios.</li>\n<li>Asignacion de cita. (previa cancelacion de los derechos consulares).</li>\n</ul>','<ul>\n<li>Documentacion de ninguna clase.</li>\n<li>Derechos consulares.</li>\n</ul>','<p>Debes contactarte con ArmatuMochila.com al +57 311 3778721 para coordinar una cita con nuestro profesional.</p>','<ul>\n<li>Entrevista presencial o virtual.</li>\n<li>Recoleccion de documentcion.</li>\n<li>Relleno de los formularios.</li>\n<li>Asignacion de cita. (previa cancelacion de los derechos consulares).</li>\n</ul>','<ul>\n<li>Documentacion de ninguna naturaleza.</li>\n<li>Derechos consulares.</li>\n</ul>',NULL,NULL);
/*!40000 ALTER TABLE `modalidades_actividades` ENABLE KEYS */;
UNLOCK TABLES;

--
-- Table structure for table `modalidades_disponibilidad_dia`
--

DROP TABLE IF EXISTS `modalidades_disponibilidad_dia`;
/*!40101 SET @saved_cs_client     = @@character_set_client */;
/*!40101 SET character_set_client = utf8 */;
CREATE TABLE `modalidades_disponibilidad_dia` (
  `id_modalidad_disp_dia` int(255) NOT NULL AUTO_INCREMENT,
  `id_modalidad` int(255) NOT NULL,
  `dia` int(255) NOT NULL,
  PRIMARY KEY (`id_modalidad_disp_dia`),
  UNIQUE KEY `unique_id_modalidad_disp_dia` (`id_modalidad_disp_dia`),
  KEY `index_id_modalidad` (`id_modalidad`)
) ENGINE=InnoDB AUTO_INCREMENT=371 DEFAULT CHARSET=utf8;
/*!40101 SET character_set_client = @saved_cs_client */;

--
-- Dumping data for table `modalidades_disponibilidad_dia`
--

LOCK TABLES `modalidades_disponibilidad_dia` WRITE;
/*!40000 ALTER TABLE `modalidades_disponibilidad_dia` DISABLE KEYS */;
INSERT INTO `modalidades_disponibilidad_dia` VALUES (3,1,1),(47,237,1),(48,237,2),(49,237,3),(50,237,4),(51,237,5),(52,237,6),(53,237,0),(84,203,1),(85,203,2),(121,244,1),(122,244,2),(123,244,3),(124,244,4),(125,121,1),(126,121,2),(133,33,1),(134,33,2),(135,33,4),(136,33,5),(137,33,0),(138,261,1),(139,261,3),(140,261,4),(141,261,6),(142,261,0),(143,262,1),(144,262,2),(145,262,4),(146,262,6),(147,262,0),(176,154,1),(177,154,2),(178,154,4),(179,154,5),(180,154,0),(187,259,1),(188,259,2),(189,108,1),(190,108,2),(191,108,3),(192,108,4),(193,108,0),(222,266,1),(223,266,2),(224,266,3),(225,266,4),(226,266,5),(227,266,6),(298,36,0),(299,286,0),(300,54,2),(301,54,4),(302,54,0),(303,289,1),(304,289,2),(305,289,3),(306,289,4),(307,289,5),(308,289,6),(309,22,0),(320,294,0),(321,299,1),(322,299,2),(323,299,3),(324,299,4),(325,299,5),(326,96,1),(327,96,2),(328,96,3),(329,96,4),(330,96,5),(331,264,1),(332,264,2),(333,264,4),(334,264,5),(335,264,0),(336,141,1),(337,141,3),(338,141,4),(339,141,6),(340,141,0),(341,263,1),(342,263,3),(343,263,4),(344,263,6),(345,263,0),(346,285,2),(347,285,4),(348,285,6),(349,285,0),(364,290,2),(365,290,3),(366,290,5),(367,290,0),(368,246,1),(369,246,2),(370,246,0);
/*!40000 ALTER TABLE `modalidades_disponibilidad_dia` ENABLE KEYS */;
UNLOCK TABLES;

--
-- Table structure for table `modalidades_disponibilidad_fechas`
--

DROP TABLE IF EXISTS `modalidades_disponibilidad_fechas`;
/*!40101 SET @saved_cs_client     = @@character_set_client */;
/*!40101 SET character_set_client = utf8 */;
CREATE TABLE `modalidades_disponibilidad_fechas` (
  `id_modalidad_disp_fecha` int(11) NOT NULL AUTO_INCREMENT,
  `id_modalidad` int(255) NOT NULL,
  `desde` date NOT NULL,
  `hasta` date NOT NULL,
  PRIMARY KEY (`id_modalidad_disp_fecha`),
  UNIQUE KEY `unique_id_modalidad_disp_fecha` (`id_modalidad_disp_fecha`),
  KEY `id_modalidad` (`id_modalidad`),
  CONSTRAINT `modalidades_disponibilidad_fechas_ibfk_1` FOREIGN KEY (`id_modalidad`) REFERENCES `modalidades_actividades` (`id_modalidad`) ON DELETE CASCADE ON UPDATE CASCADE
) ENGINE=InnoDB AUTO_INCREMENT=24 DEFAULT CHARSET=utf8;
/*!40101 SET character_set_client = @saved_cs_client */;

--
-- Dumping data for table `modalidades_disponibilidad_fechas`
--

LOCK TABLES `modalidades_disponibilidad_fechas` WRITE;
/*!40000 ALTER TABLE `modalidades_disponibilidad_fechas` DISABLE KEYS */;
INSERT INTO `modalidades_disponibilidad_fechas` VALUES (2,175,'2022-01-01','2022-01-01'),(4,287,'2022-04-08','2022-04-16'),(5,288,'2022-04-08','2022-04-16'),(9,219,'2021-12-11','2021-12-11'),(10,219,'2021-12-18','2021-12-18'),(11,219,'2021-12-26','2021-12-28'),(13,141,'2022-02-01','2022-02-15'),(14,263,'2022-02-01','2022-02-15'),(15,12,'2022-02-01','2022-02-28'),(16,39,'2022-02-01','2022-02-28'),(17,45,'2021-12-31','2022-01-01'),(18,45,'2022-01-11','2022-12-01'),(19,219,'2022-03-04','2022-03-04'),(20,219,'2022-03-18','2022-02-18'),(21,99,'2022-05-15','2022-05-16'),(23,21,'0000-00-00','0000-00-00');
/*!40000 ALTER TABLE `modalidades_disponibilidad_fechas` ENABLE KEYS */;
UNLOCK TABLES;

--
-- Table structure for table `modulos`
--

DROP TABLE IF EXISTS `modulos`;
/*!40101 SET @saved_cs_client     = @@character_set_client */;
/*!40101 SET character_set_client = utf8 */;
CREATE TABLE `modulos` (
  `id_modulo` int(11) NOT NULL,
  `modulo` varchar(150) NOT NULL
) ENGINE=InnoDB DEFAULT CHARSET=utf8;
/*!40101 SET character_set_client = @saved_cs_client */;

--
-- Dumping data for table `modulos`
--

LOCK TABLES `modulos` WRITE;
/*!40000 ALTER TABLE `modulos` DISABLE KEYS */;
/*!40000 ALTER TABLE `modulos` ENABLE KEYS */;
UNLOCK TABLES;

--
-- Table structure for table `modulos_acciones`
--

DROP TABLE IF EXISTS `modulos_acciones`;
/*!40101 SET @saved_cs_client     = @@character_set_client */;
/*!40101 SET character_set_client = utf8 */;
CREATE TABLE `modulos_acciones` (
  `id_modulo_accion` int(11) NOT NULL,
  `id_modulo` varchar(150) NOT NULL,
  `accion` varchar(150) NOT NULL,
  `descripcion` varchar(150) NOT NULL
) ENGINE=InnoDB DEFAULT CHARSET=utf8;
/*!40101 SET character_set_client = @saved_cs_client */;

--
-- Dumping data for table `modulos_acciones`
--

LOCK TABLES `modulos_acciones` WRITE;
/*!40000 ALTER TABLE `modulos_acciones` DISABLE KEYS */;
/*!40000 ALTER TABLE `modulos_acciones` ENABLE KEYS */;
UNLOCK TABLES;

--
-- Table structure for table `netos_reservas_actividades`
--

DROP TABLE IF EXISTS `netos_reservas_actividades`;
/*!40101 SET @saved_cs_client     = @@character_set_client */;
/*!40101 SET character_set_client = utf8 */;
CREATE TABLE `netos_reservas_actividades` (
  `id_netos_reservas` int(11) NOT NULL AUTO_INCREMENT,
  `id_reserva_servicio` int(11) NOT NULL,
  `id_proveedor` int(11) NOT NULL,
  `id_tipo_servicio_actividad` int(11) DEFAULT NULL,
  `neto_adulto` double DEFAULT 0,
  `neto_nino` double DEFAULT 0,
  `neto_infante` double DEFAULT 0,
  `fecha_validacion` datetime DEFAULT NULL,
  `estado_validacion` int(11) DEFAULT 0,
  `fecha_revision` datetime DEFAULT NULL,
  `fecha_pago` datetime DEFAULT NULL,
  `fecha_cancelacion` datetime DEFAULT NULL,
  `observaciones` text DEFAULT NULL,
  `voucher` int(11) DEFAULT 1,
  `notificacion_proveedor` int(11) DEFAULT 0,
  PRIMARY KEY (`id_netos_reservas`),
  KEY `id_proveedor` (`id_proveedor`),
  KEY `id_reserva_servicio` (`id_reserva_servicio`),
  KEY `id_tipo_servicio_actividad` (`id_tipo_servicio_actividad`),
  CONSTRAINT `netos_reservas_actividades_ibfk_1` FOREIGN KEY (`id_proveedor`) REFERENCES `proveedores` (`id_proveedor`) ON DELETE CASCADE ON UPDATE CASCADE,
  CONSTRAINT `netos_reservas_actividades_ibfk_2` FOREIGN KEY (`id_reserva_servicio`) REFERENCES `reserva_servicios` (`id_reserva_servicio`) ON DELETE CASCADE ON UPDATE CASCADE,
  CONSTRAINT `netos_reservas_actividades_ibfk_3` FOREIGN KEY (`id_tipo_servicio_actividad`) REFERENCES `tipos_servicios_actividad` (`id_tipo_servicio_actividad`) ON DELETE SET NULL ON UPDATE CASCADE
) ENGINE=InnoDB AUTO_INCREMENT=149 DEFAULT CHARSET=utf8;
/*!40101 SET character_set_client = @saved_cs_client */;

--
-- Dumping data for table `netos_reservas_actividades`
--

LOCK TABLES `netos_reservas_actividades` WRITE;
/*!40000 ALTER TABLE `netos_reservas_actividades` DISABLE KEYS */;
INSERT INTO `netos_reservas_actividades` VALUES (46,53,99,12,10000,10000,0,NULL,3,NULL,NULL,NULL,NULL,1,1),(47,53,101,102,20000,20000,0,NULL,3,NULL,NULL,NULL,NULL,1,0),(53,64,97,135,35000,30000,0,NULL,0,NULL,NULL,NULL,NULL,1,1),(61,82,99,12,10000,10000,0,NULL,0,NULL,NULL,NULL,NULL,1,1),(62,82,101,102,20000,20000,0,NULL,0,NULL,NULL,NULL,NULL,1,0),(63,83,101,32,15000,15000,0,NULL,0,NULL,NULL,NULL,NULL,1,0),(64,78,99,12,10000,10000,0,NULL,0,NULL,NULL,NULL,NULL,1,1),(65,78,101,102,20000,20000,0,NULL,0,NULL,NULL,NULL,NULL,1,0),(66,79,101,32,15000,15000,0,NULL,0,NULL,NULL,NULL,NULL,1,0),(67,86,101,32,15000,15000,0,NULL,0,NULL,NULL,NULL,NULL,1,0),(68,87,99,12,10000,10000,0,NULL,0,NULL,NULL,NULL,NULL,1,1),(69,87,101,102,20000,20000,0,NULL,0,NULL,NULL,NULL,NULL,1,0),(70,94,26,162,25000,25000,0,NULL,0,NULL,NULL,NULL,NULL,1,1),(71,94,101,180,10000,10000,0,NULL,0,NULL,NULL,NULL,NULL,1,0),(72,95,99,12,10000,10000,0,NULL,0,NULL,NULL,NULL,NULL,1,1),(73,95,101,102,20000,20000,0,NULL,0,NULL,NULL,NULL,NULL,1,0),(77,102,97,135,35000,30000,0,NULL,3,NULL,NULL,NULL,NULL,1,1),(78,108,45,66,20000,10000,0,NULL,0,NULL,NULL,NULL,NULL,0,1),(79,108,45,59,3000,3000,0,NULL,0,NULL,NULL,NULL,NULL,0,1),(80,108,46,67,10000,5000,0,NULL,0,NULL,NULL,NULL,NULL,0,1),(81,108,54,12,10000,10000,0,NULL,0,NULL,NULL,NULL,NULL,1,1),(82,109,101,183,52500,52500,52500,NULL,0,NULL,NULL,NULL,NULL,1,0),(83,110,101,183,52500,52500,52500,NULL,0,NULL,NULL,NULL,NULL,1,0),(84,111,101,183,52500,52500,52500,NULL,0,NULL,NULL,NULL,NULL,1,0),(85,112,101,183,52500,52500,52500,NULL,0,NULL,NULL,NULL,NULL,1,0),(86,115,101,183,52500,52500,52500,NULL,0,NULL,NULL,NULL,NULL,1,0),(89,116,99,12,10000,10000,0,NULL,0,NULL,NULL,NULL,NULL,1,1),(90,116,101,102,20000,20000,0,NULL,0,NULL,NULL,NULL,NULL,1,0),(91,117,97,135,35000,30000,0,NULL,0,NULL,NULL,NULL,NULL,1,1),(92,121,100,182,90000,90000,0,NULL,0,NULL,NULL,NULL,NULL,1,0),(93,122,26,162,25000,25000,0,NULL,0,NULL,NULL,NULL,NULL,1,1),(94,122,101,180,10000,10000,0,NULL,0,NULL,NULL,NULL,NULL,1,0),(111,138,26,162,25000,25000,0,NULL,0,NULL,NULL,NULL,NULL,1,1),(112,138,101,180,10000,10000,0,NULL,0,NULL,NULL,NULL,NULL,1,0),(113,139,99,12,10000,10000,0,NULL,0,NULL,NULL,NULL,NULL,1,1),(114,139,101,102,20000,20000,0,NULL,0,NULL,NULL,NULL,NULL,1,0),(115,127,99,12,10000,10000,0,NULL,0,NULL,NULL,NULL,NULL,1,1),(116,127,101,102,20000,20000,0,NULL,0,NULL,NULL,NULL,NULL,1,0),(117,143,101,183,52500,52500,52500,NULL,0,NULL,NULL,NULL,NULL,1,0),(118,144,101,183,52500,52500,52500,NULL,0,NULL,NULL,NULL,NULL,1,0),(123,156,99,12,10000,10000,0,NULL,0,NULL,NULL,NULL,NULL,1,1),(124,156,101,102,20000,20000,0,NULL,0,NULL,NULL,NULL,NULL,1,0),(125,149,20,30,23000,10500,0,NULL,0,NULL,NULL,NULL,NULL,0,1),(126,149,26,163,30000,30000,0,NULL,0,NULL,NULL,NULL,NULL,1,1),(127,159,100,182,90000,90000,0,NULL,0,NULL,NULL,NULL,NULL,1,0),(128,160,26,162,25000,25000,0,NULL,0,NULL,NULL,NULL,NULL,1,1),(129,160,101,180,10000,10000,0,NULL,0,NULL,NULL,NULL,NULL,1,0),(130,161,99,12,10000,10000,0,NULL,3,NULL,NULL,NULL,NULL,1,1),(131,161,101,102,20000,20000,0,NULL,0,NULL,NULL,NULL,NULL,1,0),(132,167,26,162,25000,25000,0,NULL,0,NULL,NULL,NULL,NULL,1,1),(133,167,101,180,10000,10000,0,NULL,0,NULL,NULL,NULL,NULL,1,0),(134,168,100,182,90000,90000,0,NULL,0,NULL,NULL,NULL,NULL,1,0),(135,171,26,162,25000,25000,0,NULL,0,NULL,NULL,NULL,NULL,1,1),(136,171,101,180,10000,10000,0,NULL,0,NULL,NULL,NULL,NULL,1,0),(139,98,101,32,15000,15000,0,NULL,0,NULL,NULL,NULL,NULL,1,0),(140,99,99,12,10000,10000,0,NULL,0,NULL,NULL,NULL,NULL,1,1),(141,99,101,102,20000,20000,0,NULL,0,NULL,NULL,NULL,NULL,1,0),(142,172,99,12,10000,10000,0,NULL,0,NULL,NULL,NULL,NULL,1,1),(143,172,101,102,20000,20000,0,NULL,0,NULL,NULL,NULL,NULL,1,0);
/*!40000 ALTER TABLE `netos_reservas_actividades` ENABLE KEYS */;
UNLOCK TABLES;

--
-- Table structure for table `netos_reservas_hoteles`
--

DROP TABLE IF EXISTS `netos_reservas_hoteles`;
/*!40101 SET @saved_cs_client     = @@character_set_client */;
/*!40101 SET character_set_client = utf8 */;
CREATE TABLE `netos_reservas_hoteles` (
  `id_netos_reservas` int(11) NOT NULL AUTO_INCREMENT,
  `id_reserva_servicio` int(11) NOT NULL,
  `id_proveedor` int(11) DEFAULT NULL,
  `neto_adulto` double NOT NULL,
  `neto_nino` double NOT NULL,
  `neto_infante` double NOT NULL,
  PRIMARY KEY (`id_netos_reservas`),
  KEY `id_proveedor` (`id_proveedor`),
  KEY `id_reserva_servicio` (`id_reserva_servicio`),
  CONSTRAINT `netos_reservas_hoteles_ibfk_1` FOREIGN KEY (`id_reserva_servicio`) REFERENCES `reserva_servicios` (`id_reserva_servicio`) ON DELETE CASCADE ON UPDATE CASCADE,
  CONSTRAINT `netos_reservas_hoteles_ibfk_2` FOREIGN KEY (`id_proveedor`) REFERENCES `proveedores` (`id_proveedor`) ON DELETE SET NULL ON UPDATE CASCADE
) ENGINE=InnoDB DEFAULT CHARSET=utf8;
/*!40101 SET character_set_client = @saved_cs_client */;

--
-- Dumping data for table `netos_reservas_hoteles`
--

LOCK TABLES `netos_reservas_hoteles` WRITE;
/*!40000 ALTER TABLE `netos_reservas_hoteles` DISABLE KEYS */;
/*!40000 ALTER TABLE `netos_reservas_hoteles` ENABLE KEYS */;
UNLOCK TABLES;

--
-- Table structure for table `netos_reservas_tiquetes`
--

DROP TABLE IF EXISTS `netos_reservas_tiquetes`;
/*!40101 SET @saved_cs_client     = @@character_set_client */;
/*!40101 SET character_set_client = utf8 */;
CREATE TABLE `netos_reservas_tiquetes` (
  `id_netos_reservas` int(11) NOT NULL AUTO_INCREMENT,
  `id_reserva_servicio` int(11) NOT NULL,
  `id_proveedor` int(11) DEFAULT NULL,
  `neto_adulto` double NOT NULL,
  `neto_nino` double NOT NULL,
  `neto_infante` double NOT NULL,
  PRIMARY KEY (`id_netos_reservas`),
  KEY `id_proveedor` (`id_proveedor`),
  KEY `id_reserva_servicio` (`id_reserva_servicio`),
  CONSTRAINT `netos_reservas_tiquetes_ibfk_1` FOREIGN KEY (`id_reserva_servicio`) REFERENCES `reserva_servicios` (`id_reserva_servicio`) ON DELETE CASCADE ON UPDATE CASCADE,
  CONSTRAINT `netos_reservas_tiquetes_ibfk_2` FOREIGN KEY (`id_proveedor`) REFERENCES `proveedores` (`id_proveedor`) ON DELETE SET NULL ON UPDATE CASCADE
) ENGINE=InnoDB AUTO_INCREMENT=3 DEFAULT CHARSET=utf8;
/*!40101 SET character_set_client = @saved_cs_client */;

--
-- Dumping data for table `netos_reservas_tiquetes`
--

LOCK TABLES `netos_reservas_tiquetes` WRITE;
/*!40000 ALTER TABLE `netos_reservas_tiquetes` DISABLE KEYS */;
/*!40000 ALTER TABLE `netos_reservas_tiquetes` ENABLE KEYS */;
UNLOCK TABLES;

--
-- Table structure for table `netos_reservas_traslados`
--

DROP TABLE IF EXISTS `netos_reservas_traslados`;
/*!40101 SET @saved_cs_client     = @@character_set_client */;
/*!40101 SET character_set_client = utf8 */;
CREATE TABLE `netos_reservas_traslados` (
  `id_netos_reservas` int(11) NOT NULL AUTO_INCREMENT,
  `id_reserva_servicio` int(11) NOT NULL,
  `id_proveedor` int(11) NOT NULL,
  `nombre_servicio` text DEFAULT NULL,
  `neto_adulto` double DEFAULT 0,
  `neto_nino` double DEFAULT 0,
  `neto_infante` double DEFAULT 0,
  `notificacion_proveedor` int(11) DEFAULT 0,
  PRIMARY KEY (`id_netos_reservas`),
  KEY `id_proveedor` (`id_proveedor`),
  KEY `id_reserva_servicio` (`id_reserva_servicio`),
  CONSTRAINT `netos_reservas_traslados_ibfk_1` FOREIGN KEY (`id_reserva_servicio`) REFERENCES `reserva_servicios` (`id_reserva_servicio`) ON DELETE CASCADE ON UPDATE CASCADE,
  CONSTRAINT `netos_reservas_traslados_ibfk_2` FOREIGN KEY (`id_proveedor`) REFERENCES `proveedores` (`id_proveedor`) ON DELETE CASCADE ON UPDATE CASCADE
) ENGINE=InnoDB AUTO_INCREMENT=91 DEFAULT CHARSET=utf8;
/*!40101 SET character_set_client = @saved_cs_client */;

--
-- Dumping data for table `netos_reservas_traslados`
--

LOCK TABLES `netos_reservas_traslados` WRITE;
/*!40000 ALTER TABLE `netos_reservas_traslados` DISABLE KEYS */;
INSERT INTO `netos_reservas_traslados` VALUES (20,52,101,NULL,5000,5000,0,0),(22,61,101,NULL,5000,5000,0,0),(23,62,101,NULL,5000,5000,0,0),(24,63,101,NULL,5000,5000,0,0),(25,65,101,NULL,15000,15000,0,0),(28,76,101,NULL,5000,5000,0,0),(29,77,101,NULL,5000,5000,0,0),(30,80,101,NULL,5000,5000,0,0),(31,81,101,NULL,5000,5000,0,0),(32,84,101,NULL,5000,5000,0,0),(33,85,101,NULL,5000,5000,0,0),(37,90,101,NULL,5000,5000,0,0),(38,91,101,NULL,25000,25000,0,0),(39,92,101,NULL,25000,25000,0,0),(40,93,52,NULL,25000,25000,0,0),(41,96,101,NULL,5000,5000,0,0),(42,97,101,NULL,5000,5000,0,0),(43,100,101,NULL,5000,5000,0,0),(44,101,101,NULL,5000,5000,0,0),(45,103,101,NULL,25000,25000,0,0),(46,113,101,NULL,5000,5000,0,0),(47,114,101,NULL,5000,5000,0,0),(49,118,101,NULL,5000,5000,0,0),(50,119,101,NULL,5000,5000,0,0),(51,120,101,NULL,5000,5000,0,0),(52,123,101,NULL,5000,5000,0,0),(53,124,101,NULL,5000,5000,0,0),(57,125,101,NULL,5000,5000,0,0),(58,126,101,NULL,5000,5000,0,0),(63,136,101,NULL,4000,4000,0,0),(64,137,101,NULL,4000,4000,0,0),(66,145,101,NULL,5000,5000,0,0),(67,146,101,NULL,5000,5000,0,0),(74,155,101,NULL,4000,4000,0,0),(75,154,101,NULL,4000,4000,0,0),(76,153,101,NULL,3750,3750,0,0),(77,152,101,NULL,3750,3750,0,0),(78,150,101,NULL,3750,3750,0,0),(79,151,101,NULL,3750,3750,0,0),(80,157,101,NULL,5000,5000,0,0),(81,158,101,NULL,5000,5000,0,0),(83,162,101,NULL,5000,5000,0,0),(84,165,101,NULL,5000,5000,0,0),(85,166,101,NULL,5000,5000,0,0),(86,169,101,NULL,5000,5000,0,0),(87,170,101,NULL,5000,5000,0,0);
/*!40000 ALTER TABLE `netos_reservas_traslados` ENABLE KEYS */;
UNLOCK TABLES;

--
-- Table structure for table `notas_reservas`
--

DROP TABLE IF EXISTS `notas_reservas`;
/*!40101 SET @saved_cs_client     = @@character_set_client */;
/*!40101 SET character_set_client = utf8 */;
CREATE TABLE `notas_reservas` (
  `id_nota_reserva` int(11) NOT NULL AUTO_INCREMENT,
  `id_reserva` int(11) NOT NULL,
  `fecha_reg` datetime NOT NULL,
  `id_usuario` int(11) DEFAULT NULL,
  `nota` text NOT NULL,
  PRIMARY KEY (`id_nota_reserva`),
  KEY `id_usuario` (`id_usuario`),
  KEY `id_reserva` (`id_reserva`),
  CONSTRAINT `notas_reservas_ibfk_1` FOREIGN KEY (`id_usuario`) REFERENCES `usuarios` (`id_usuario`) ON DELETE SET NULL ON UPDATE CASCADE,
  CONSTRAINT `notas_reservas_ibfk_2` FOREIGN KEY (`id_reserva`) REFERENCES `reservas` (`id_reserva`) ON DELETE CASCADE ON UPDATE CASCADE
) ENGINE=InnoDB AUTO_INCREMENT=230 DEFAULT CHARSET=utf8;
/*!40101 SET character_set_client = @saved_cs_client */;

--
-- Dumping data for table `notas_reservas`
--

LOCK TABLES `notas_reservas` WRITE;
/*!40000 ALTER TABLE `notas_reservas` DISABLE KEYS */;
INSERT INTO `notas_reservas` VALUES (30,18,'2022-05-24 11:16:29',10,'Se registró soporte por $ 1.290.000,00.'),(37,27,'2022-05-25 14:55:14',10,'Se agregó el servicio  a la reserva.'),(38,27,'2022-05-25 14:55:38',10,'Se anuló el servicio  de la reserva. Motivo: '),(39,27,'2022-05-25 14:55:40',10,'Se anuló el servicio  de la reserva. Motivo: MAL SUBIDO'),(40,27,'2022-05-26 13:49:06',10,'Se registró soporte por $ 30.000,00.'),(41,27,'2022-05-26 13:50:02',10,'el soporte se hace por valor de 40.000 por que al consignar el banco retiene $10.000'),(42,29,'2022-05-28 09:56:21',10,'Se registró soporte por $ 250.000,00.'),(44,32,'2022-05-29 05:56:25',10,'Se registró soporte por $ 72.000,00.'),(45,32,'2022-05-29 05:57:14',10,'Aplicó descuento por $ 47.000,00. Descuento otorgado por inauguración'),(46,33,'2022-05-29 22:57:10',10,'Aplicó descuento por $ 72.260,00. Tarifa promocional'),(47,33,'2022-05-29 22:57:39',10,'Aplicó descuento por -$ 167.500,00. Tarifa promocional'),(48,33,'2022-05-29 22:58:33',10,'Se registró soporte por $ 240.000,00.'),(49,33,'2022-05-30 14:14:21',10,'Se efectúa pago al señor omar por valor de 100.000 por que en almuerzos son 60.000 y en carpa son 40.000'),(52,37,'2022-05-31 16:17:45',10,'Se agregó el servicio  a la reserva.'),(53,37,'2022-05-31 16:18:07',10,'Se anuló el servicio  de la reserva. Motivo: SALIO ERRADO'),(54,37,'2022-05-31 16:22:48',12,'Se registró soporte por $ 653.000,00.'),(55,37,'2022-05-31 16:26:22',12,'Se cambió el asesor a MATEO CHAUX'),(56,37,'2022-05-31 16:27:47',10,'Se cambió el asesor a MATEO CHAUX'),(58,40,'2022-06-01 17:54:30',10,'Aplicó descuento por $ 47.000,00. TARIFA PROMO INICIAL'),(59,41,'2022-06-01 18:20:43',10,'Aplicó descuento por $ 24.000,00. TARIFA 20.000 POR VIAJE\nUNO DE 4 PAX AMIDA HELENA\n2 PAX DIEGO VARGAS\n 2 PAXJOSE HERNANDEZ'),(60,41,'2022-06-01 18:21:21',10,'Se registró soporte por $ 60.000,00.'),(61,41,'2022-06-01 18:35:49',10,'Aplicó descuento por $ 15.000,00. '),(62,42,'2022-06-02 15:29:20',10,'Aplicó descuento por -$ 209.000,00. valor negociado'),(63,42,'2022-06-02 15:29:49',10,'Se registró soporte por $ 230.000,00.'),(64,40,'2022-06-02 15:43:50',10,'Se registró soporte por $ 25.000,00.'),(65,33,'2022-06-02 15:45:29',10,'Se registró soporte por pago de crédito por $ 240.000,00.'),(66,32,'2022-06-02 15:52:26',10,'Se anuló el soporte   Motivo: quedo mal elaborado el descuento'),(67,32,'2022-06-02 15:54:22',10,'Se registró soporte por $ 25.000,00.'),(69,43,'2022-06-03 20:15:31',10,'Aplicó descuento por $ 70.000,00. descuento promocional otorgado por Frank Caux\n'),(70,43,'2022-06-03 21:24:12',10,'Se registró soporte por $ 350.000,00.'),(71,45,'2022-06-04 14:36:59',10,'Se registró soporte por $ 80.000,00.'),(72,45,'2022-06-04 14:37:26',10,'Se anuló el soporte   Motivo: error en preio\n'),(73,45,'2022-06-04 14:37:34',10,'Aplicó descuento por -$ 20.000,00. '),(74,45,'2022-06-04 14:37:50',10,'Se registró soporte por $ 100.000,00.'),(78,50,'2022-06-15 18:39:54',10,'Aplicó descuento por $ 52.000,00. MAYORISTA'),(79,50,'2022-06-15 19:05:32',10,'Se actualizó el servicio de reserva 78'),(80,50,'2022-06-15 19:06:06',10,'Se actualizó el servicio de reserva 79'),(81,52,'2022-06-15 19:40:08',10,'Aplicó descuento por $ 52.000,00. MAYORISTA\n'),(82,51,'2022-06-15 19:40:39',10,'Aplicó descuento por $ 156.000,00. MAYORISTA'),(83,52,'2022-06-15 20:10:52',10,'Se actualizó el servicio de reserva 84'),(84,52,'2022-06-15 20:11:15',10,'Se actualizó el servicio de reserva 85'),(87,54,'2022-06-16 18:03:54',10,'Se cambió el asesor a MATEO CHAUX'),(88,52,'2022-06-16 18:17:00',10,'Se registró soporte por $ 110.000,00.'),(89,51,'2022-06-16 18:18:53',10,'Se registró soporte por $ 330.000,00.'),(90,50,'2022-06-16 18:22:56',10,'Se registró soporte por $ 110.000,00.'),(91,55,'2022-06-17 11:52:42',10,'Aplicó descuento por -$ 2.000,00. TARIFA CONVENO VLO INTERNACIONAL\n'),(92,56,'2022-06-17 13:25:42',10,'Aplicó descuento por $ 330.000,00. Reserva de jet set viajes para atender \nSe genera City tour a cartagena por valor de 450.000'),(93,56,'2022-06-17 13:26:13',10,'Se registró soporte por $ 40.000,00.'),(94,55,'2022-06-17 13:32:18',10,'Se registró soporte por $ 23.000,00.'),(95,57,'2022-06-17 14:15:49',10,'Aplicó descuento por -$ 5.000,00. valor cobrado. los pasajero \n'),(96,57,'2022-06-17 14:17:06',10,'Se registró soporte por $ 450.000,00.'),(97,57,'2022-06-17 15:42:11',10,'Se registró soporte por pago de crédito por $ 450.000,00.'),(98,54,'2022-06-17 18:10:27',10,'Se registró soporte por $ 480.000,00.'),(99,58,'2022-06-17 19:28:33',12,'Se registró soporte por $ 100.000,00.'),(100,59,'2022-06-18 13:55:38',10,'Aplicó descuento por $ 78.000,00. TARIA MAYOREO\n'),(101,59,'2022-06-18 13:57:07',10,'Se registró soporte por $ 165.000,00.'),(102,60,'2022-06-18 14:30:25',12,'Se registró soporte por $ 48.000,00.'),(103,61,'2022-06-20 21:02:05',10,'Se registró soporte por $ 21.000,00.'),(104,62,'2022-06-20 22:51:57',10,'Aplicó descuento por $ 20.000,00. referida de bam bam je tour '),(105,62,'2022-06-20 23:09:37',10,'Se registró soporte por $ 100.000,00.'),(106,63,'2022-06-20 23:25:16',10,'Se registró soporte por $ 74.000,00.'),(107,66,'2022-06-21 16:23:05',10,'Se registró soporte por $ 210.000,00.'),(108,68,'2022-06-23 07:42:52',10,'Se registró soporte por $ 270.000,00.'),(109,69,'2022-06-23 14:38:44',12,'esta asesoria se acordó antes de la lasa de precios '),(110,69,'2022-06-23 14:40:31',10,'la tarifa de esta asesoria se cobró en 105.000 por persona , pues es una tarifa de el dia 16 de junio, antes de hacer incremento de tarifas.'),(111,69,'2022-06-23 14:41:41',10,'Aplicó descuento por $ 90.000,00. la tarifa de esta asesoria se cobró en 105.000 por persona , pues es una tarifa de el dia 16 de junio, antes de hacer incremento de tarifas.\n'),(112,69,'2022-06-23 14:42:13',10,'Se registró soporte por $ 210.000,00.'),(113,70,'2022-06-23 15:19:19',12,'El valor de esta asesoría se acordó en $105.000 antes de que se tomara la decisión de la alza de precios. '),(114,70,'2022-06-23 15:29:30',12,'la asesoría se realizo 17 de junio 2022 se envía soporte de pago en efectivo al señor frank chaux.'),(115,70,'2022-06-23 15:32:28',10,'Se registró soporte por $ 150.000,00.'),(116,71,'2022-06-23 16:24:54',12,'Esta asesoría de visa se realizo antes de hacer la alza de precios el 26 de abril 2022, se notifica al señor frank chaux y se envia soportes  via whatsapp.'),(117,71,'2022-06-23 16:26:37',12,'El valor es de $105.000 x persona '),(118,71,'2022-06-23 16:34:49',10,'Aplicó descuento por $ 45.000,00. tarifa otorgada por paola y mateo '),(119,71,'2022-06-23 16:38:55',10,'Se registró soporte por $ 105.000,00.'),(120,72,'2022-06-23 16:42:58',12,'Esta asesoría se realizo antes de que se realizara la alza de precios 17 de junio 2022, se notifica al señor frank chaux por whatsapp y se envia los soportes. valor x personas $105.000 '),(121,72,'2022-06-23 17:11:18',10,'Aplicó descuento por $ 45.000,00. Esta asesoría se realizo antes de que se realizara la alza de precios 17 de junio 2022, se notifica al señor frank chaux por whatsapp y se envia los soportes. valor x personas $105.000'),(122,72,'2022-06-23 17:11:54',10,'Se registró soporte por $ 105.000,00.'),(123,73,'2022-06-23 17:51:31',12,'Estos traslados son de cortesia no jenra ningun cobro, se le notifica via whatsapp al señor frank chaux y al señor mateo chaux '),(124,74,'2022-06-23 17:58:45',12,'Este traslado no genera ningún cobro por que es de cortesia se notifica al señor frank chaux y el señor mateo chaux por via whatsapp'),(125,74,'2022-06-23 18:57:15',10,'Aplicó descuento por $ 35.999,00. cortesia\n'),(126,74,'2022-06-23 18:57:22',10,'Se registró soporte por $ 1,00.'),(127,73,'2022-06-23 18:58:09',10,'Aplicó descuento por $ 35.999,00. cortesia\n'),(128,73,'2022-06-23 18:58:16',10,'Se registró soporte por $ 1,00.'),(129,73,'2022-06-23 20:11:55',10,'Se actualizó el servicio de reserva 113'),(130,75,'2022-06-24 14:52:19',12,'Esta asesoría de visa tiene un valor de $85.000 por persona autorizado por el señor Mateo chaux. via whatsapp el 16 de junio 2022.'),(131,75,'2022-06-24 14:54:36',12,'se envia soporte de pago por whatsapp al señor frank chaux '),(132,75,'2022-06-24 20:48:33',10,'Aplicó descuento por $ 260.000,00. descuento autorizado por mateo a paola por whats app personal'),(133,75,'2022-06-24 20:51:02',10,'Se registró soporte por $ 340.000,00.'),(134,76,'2022-06-24 20:54:21',10,'Se registró soporte por $ 200.000,00.'),(135,76,'2022-06-24 20:54:29',10,'Se cambió el asesor a MATEO CHAUX'),(136,76,'2022-06-24 21:02:39',10,'Se cambió la fecha de actividad del servicio ID 116 de 2022-06-25 a 2022-06-24'),(137,77,'2022-06-24 22:25:36',10,'Se registró soporte por $ 240.000,00.'),(138,78,'2022-06-26 00:08:01',10,'Se registró soporte por $ 60.000,00.'),(139,79,'2022-06-26 00:11:12',10,'Se registró soporte por $ 24.000,00.'),(140,80,'2022-06-26 00:11:42',10,'Se registró soporte por $ 24.000,00.'),(141,83,'2022-06-27 20:24:35',11,'Se actualizó el servicio de reserva 123'),(142,83,'2022-06-27 20:25:42',11,'Se actualizó el servicio de reserva 123'),(143,84,'2022-06-27 20:26:21',11,'Se actualizó el servicio de reserva 124'),(144,81,'2022-06-27 21:02:36',11,'Aplicó descuento por $ 476.000,00. descuento por tarifa promo agencia clo'),(145,81,'2022-06-28 18:20:04',10,'Se registró soporte por $ 420.000,00.'),(146,82,'2022-06-28 18:20:51',10,'Aplicó descuento por $ 175.000,00. descuento agencia clo\n'),(147,82,'2022-06-28 18:21:14',10,'Se registró soporte por $ 210.000,00.'),(148,86,'2022-06-28 18:24:43',10,'Se registró soporte por $ 36.000,00.'),(149,85,'2022-06-28 18:27:03',10,'Aplicó descuento por -$ 12.000,00. ajuste'),(150,85,'2022-06-28 18:27:18',10,'Se registró soporte por $ 36.000,00.'),(151,84,'2022-06-28 18:28:31',10,'Aplicó descuento por -$ 10.000,00. ajuste agencia'),(152,84,'2022-06-28 18:28:44',10,'Se registró soporte por $ 34.000,00.'),(153,83,'2022-06-28 18:29:50',10,'Aplicó descuento por -$ 10.000,00. qajuste'),(154,83,'2022-06-28 18:30:28',10,'Se registró soporte por $ 34.000,00.'),(155,87,'2022-06-29 12:57:08',12,'Este tour se valida con los cupones de cuponatic ya están validados y la fecha en la que el cliente desea tomar el tour 4 de julio, se envían los cupones por via WhatsApp al señor frank chuax.'),(157,87,'2022-06-30 15:43:03',10,'Aplicó descuento por $ 31.534,00. tarifa cuponatic\n'),(158,87,'2022-06-30 15:45:14',12,'cupones Z6L2QWC, 9EXY6J5, UST6WJR'),(159,87,'2022-06-30 15:46:52',10,'Se registró soporte por $ 113.466,00.'),(160,90,'2022-06-30 15:47:51',10,'Se cambió la fecha de actividad del servicio ID 138 de  a 2022-07-02'),(161,90,'2022-06-30 15:48:01',10,'Se cambió la fecha de actividad del servicio ID 139 de  a 2022-07-03'),(162,90,'2022-06-30 15:48:39',10,'Aplicó descuento por $ 98.000,00. tarifa especial agencias \n'),(163,90,'2022-06-30 15:48:39',10,'Aplicó descuento por $ 98.000,00. tarifa especial agencias \n'),(164,90,'2022-06-30 15:49:09',10,'Se registró soporte por $ 220.000,00.'),(165,92,'2022-06-30 17:02:00',12,'se envía reporte de consignación y tiquetes al señor frank por via whatsapp,  '),(166,93,'2022-06-30 17:28:56',12,'Se envía soportes de pago via whatsapp al señor frank chaux.'),(167,87,'2022-06-30 19:04:32',10,'Se cambió la fecha de actividad del servicio ID 127 de 2022-06-30 a 2022-07-04'),(168,51,'2022-06-30 21:00:26',10,'Se registró la asignación del conductor a DELMIRO  PACHECO del traslado W1045'),(169,90,'2022-06-30 21:00:26',10,'Se registró la asignación del conductor a DELMIRO  PACHECO del traslado W1089'),(170,86,'2022-06-30 21:00:26',10,'Se registró la asignación del conductor a DELMIRO  PACHECO del traslado W1084'),(171,80,'2022-06-30 21:00:36',10,'Se registró la asignación del conductor a EDWIN MATOREL GARCIA del traslado W1081'),(172,85,'2022-06-30 21:00:36',10,'Se registró la asignación del conductor a EDWIN MATOREL GARCIA del traslado W1085'),(173,94,'2022-07-01 15:17:43',12,'asesoría pagada por transferencia a la cuanta davivienda  cliente del señor mateo chaux, se envia consignación via whatsapp al señor frank chaux.'),(174,95,'2022-07-01 16:08:19',12,'Asesoría pagada por medio de cuponatic, cupon validado numero X5ZQ79J, se envia cupon via whatsapp al señor frank chaux, valor que se recibe por la asesoría $ 40.005 '),(175,95,'2022-07-01 17:14:14',10,'Aplicó descuento por $ 109.995,00. CUPONATIC '),(176,95,'2022-07-01 17:45:49',10,'Se registró soporte por $ 40.005,00.'),(177,87,'2022-07-03 16:39:35',10,'Se cambió la hora del traslado a 07:00'),(178,51,'2022-07-03 19:49:03',10,'Se actualizó el servicio de reserva 81'),(179,96,'2022-07-04 21:17:39',10,'Aplicó descuento por -$ 12.000,00. 30.000 por trayecto'),(180,96,'2022-07-04 21:18:45',10,'Se registró soporte por $ 60.000,00.'),(181,98,'2022-07-08 01:58:19',10,'Se registró soporte por $ 1.506.000,00.'),(182,99,'2022-07-08 02:02:08',10,'Se registró soporte por $ 200.000,00.'),(183,99,'2022-07-08 02:09:25',10,'Se cambió la fecha de actividad del servicio ID 156 de 2022-07-09 a 2022-07-08'),(184,98,'2022-07-08 02:09:54',10,'Se cambió la fecha de traslado del servicio ID 155 de 2022-07-09 a 2022-07-08'),(185,98,'2022-07-08 02:10:07',10,'Se cambió la fecha de traslado del servicio ID 154 de 2022-07-09 a 2022-07-08'),(186,98,'2022-07-08 02:10:24',10,'Se cambió la fecha de traslado del servicio ID 153 de 2022-07-10 a 2022-07-07'),(187,98,'2022-07-08 02:10:40',10,'Se cambió la fecha de traslado del servicio ID 152 de 2022-07-10 a 2022-07-07'),(188,98,'2022-07-08 02:10:49',10,'Se cambió la fecha de traslado del servicio ID 148 de 2022-07-08 a 2022-07-07'),(189,98,'2022-07-08 02:10:59',10,'Se cambió la fecha de actividad del servicio ID 149 de 2022-07-09 a 2022-07-07'),(190,98,'2022-07-08 02:11:11',10,'Se cambió la fecha de traslado del servicio ID 150 de 2022-07-09 a 2022-07-06'),(191,98,'2022-07-08 02:11:22',10,'Se cambió la fecha de traslado del servicio ID 151 de 2022-07-10 a 2022-07-06'),(192,99,'2022-07-08 02:12:34',10,'Se registró la asignación del conductor a MATEO CHAUX del traslado W1104'),(193,96,'2022-07-08 02:12:47',10,'Se registró la asignación del conductor a DELMIRO  PACHECO del traslado W1095'),(194,98,'2022-07-08 02:12:47',10,'Se registró la asignación del conductor a DELMIRO  PACHECO del traslado W1102'),(195,98,'2022-07-08 02:12:47',10,'Se registró la asignación del conductor a DELMIRO  PACHECO del traslado W1103'),(196,98,'2022-07-08 07:31:23',10,'Aplicó descuento por $ 164.000,00. Se descuentan traslados de salida aeropuerto que ya se habían cobtado, se descuenta traslado de salida para City tour'),(197,100,'2022-07-08 18:42:24',10,'Aplicó descuento por $ 151.000,00. Tarifa convenio'),(198,100,'2022-07-08 18:46:49',10,'Se registró soporte por $ 190.000,00.'),(199,100,'2022-07-08 21:01:27',10,'Se actualizó el servicio de reserva 158'),(200,100,'2022-07-08 21:08:10',10,'Se registró la asignación del conductor a FRANK YAIR CHAUX del traslado W1105'),(201,101,'2022-07-10 08:44:17',10,'Se registró soporte por $ 374.000,00.'),(202,100,'2022-07-11 20:46:30',10,'Se registró la asignación del conductor a FRANK YAIR CHAUX del traslado W1106'),(203,102,'2022-07-11 20:51:20',12,'ESTA RESERVA ES DE EL SEÑOR MATEO CHAUX DE COBRO A LOS CLIENTE 120.000 LOS DOS TRAYECTOS A LOS CLIENTES, '),(204,103,'2022-07-11 21:02:49',12,'VENTA DE MATEO CHAUX COBRO DE 5 PERSONAS 85.000 Y EL NIÑO EN 80.000 LOS SOPORTE LOS TINE MATEO '),(205,104,'2022-07-13 19:50:34',10,'Aplicó descuento por $ 231.000,00. tarifa especial agencias \n'),(206,104,'2022-07-13 19:50:50',10,'Se registró soporte por $ 110.000,00.'),(207,105,'2022-07-14 21:40:11',10,'Aplicó descuento por $ 91.000,00. Tarifa especial'),(208,105,'2022-07-14 21:40:39',10,'Se registró soporte por $ 110.000,00.'),(209,104,'2022-07-14 21:44:47',10,'Se registró la asignación del conductor a DELMIRO  PACHECO del traslado W1111'),(210,105,'2022-07-14 21:44:47',10,'Se registró la asignación del conductor a DELMIRO  PACHECO del traslado W1115'),(211,59,'2022-07-14 21:44:47',10,'Se registró la asignación del conductor a DELMIRO  PACHECO del traslado W1060'),(212,106,'2022-07-15 17:47:42',12,'PAGO RELIZADO A LA CUENTA DAVIVIENDA VALOR DE LOS COBRADO 60.000 EL TRAYECTO MENOS 14.000 QUE COBRA DAVIVIENDA POR LA CONSIGNACION, ENVIO SOPORTE DE PAGO A MATEO CHAUX Y FRAN CHAUX '),(213,59,'2022-07-15 19:33:40',10,'Se cambió la fecha de actividad del servicio ID 98 de 2022-07-16 a 2022-07-15'),(214,59,'2022-07-15 19:34:03',10,'Se cambió la fecha de actividad del servicio ID 99 de 2022-07-17 a 2022-07-16'),(215,104,'2022-07-15 19:36:05',10,'Se cambió la fecha de actividad del servicio ID 168 de 2022-07-16 a 2022-07-16'),(216,105,'2022-07-15 19:39:00',10,'Se cambió la fecha de actividad del servicio ID 172 de 2022-07-17 a 2022-07-16'),(217,104,'2022-07-15 19:41:44',10,'Se cambió la fecha de actividad del servicio ID 168 de 2022-07-16 a 2022-07-16'),(218,59,'2022-07-15 19:46:39',10,'Se registró la asignación del conductor a MATEO CHAUX del traslado W1063'),(219,105,'2022-07-15 19:46:39',10,'Se registró la asignación del conductor a MATEO CHAUX del traslado W1118'),(220,59,'2022-07-15 20:06:00',10,'Se cambió la hora del traslado a 08:00'),(221,105,'2022-07-15 20:06:10',10,'Se cambió la hora del traslado a 08:00'),(222,104,'2022-07-17 19:43:22',10,'Se cambió la hora del traslado a 15:00'),(223,105,'2022-07-17 19:44:05',10,'Se cambió la hora del traslado a 15:00'),(224,59,'2022-07-17 19:44:43',10,'Se registró la asignación del conductor a FRANK YAIR CHAUX del traslado W1061'),(225,104,'2022-07-17 19:44:43',10,'Se registró la asignación del conductor a FRANK YAIR CHAUX del traslado W1112'),(226,105,'2022-07-17 19:44:43',10,'Se registró la asignación del conductor a FRANK YAIR CHAUX del traslado W1116'),(227,59,'2022-07-17 19:49:41',10,'Se cambió la hora del traslado a 19:00'),(228,104,'2022-07-17 19:49:57',10,'Se cambió la hora del traslado a 19:00'),(229,105,'2022-07-17 19:50:03',10,'Se cambió la hora del traslado a 19:00');
/*!40000 ALTER TABLE `notas_reservas` ENABLE KEYS */;
UNLOCK TABLES;

--
-- Table structure for table `opciones_preguntas`
--

DROP TABLE IF EXISTS `opciones_preguntas`;
/*!40101 SET @saved_cs_client     = @@character_set_client */;
/*!40101 SET character_set_client = utf8 */;
CREATE TABLE `opciones_preguntas` (
  `id_opcion` bigint(24) NOT NULL AUTO_INCREMENT,
  `id_pregunta` bigint(24) NOT NULL DEFAULT 0,
  `descripcion` text NOT NULL,
  `tipo_respuesta` int(11) NOT NULL DEFAULT 0,
  `estado` int(2) NOT NULL DEFAULT 1,
  `fecha` date NOT NULL DEFAULT '0000-00-00',
  `hora` time NOT NULL DEFAULT '00:00:00',
  `id_usuario` int(11) NOT NULL DEFAULT 0,
  PRIMARY KEY (`id_opcion`)
) ENGINE=InnoDB AUTO_INCREMENT=59 DEFAULT CHARSET=latin1 COMMENT='tabla que almacena las opciones de respuesta de las pregunta';
/*!40101 SET character_set_client = @saved_cs_client */;

--
-- Dumping data for table `opciones_preguntas`
--

LOCK TABLES `opciones_preguntas` WRITE;
/*!40000 ALTER TABLE `opciones_preguntas` DISABLE KEYS */;
INSERT INTO `opciones_preguntas` VALUES (1,1,'Placa del Vehículo',9,1,'2019-10-15','00:00:00',1),(2,2,'Cédula del Conductor',8,1,'2019-10-15','00:00:00',1),(3,3,'Kilometraje',6,1,'2019-10-15','00:00:00',1),(4,4,'Ninguna',2,1,'2019-10-15','00:00:00',1),(5,4,'Exteriores (altas y bajas)',2,1,'2019-10-15','00:00:00',1),(6,4,'Direccionales delanteras y traseras',2,1,'2019-10-15','00:00:00',1),(7,4,'De estacionamiento',2,1,'2019-10-15','00:00:00',1),(8,4,'De stop y reversa',2,1,'2019-10-15','00:00:00',1),(9,4,'Puertas',2,1,'2019-10-15','00:00:00',1),(10,4,'Vidrio panoramico y ventanas',2,1,'2019-10-15','00:00:00',1),(11,4,'Plumillas limpiabrisas',2,1,'2019-10-15','00:00:00',1),(12,4,'Pitos',2,1,'2019-10-15','00:00:00',1),(13,4,'Escaleras acceso (iluminacion - pasamanos)',2,1,'2019-10-15','00:00:00',1),(14,4,'Asiento del conductor',2,1,'2019-10-15','00:00:00',1),(15,4,'Cinturon de seguridad conductor',2,1,'2019-10-15','00:00:00',1),(16,4,'Extintor de incendios',2,1,'2019-10-15','00:00:00',1),(17,4,'Espejo central - retrovisor - laterales',2,1,'2019-10-15','00:00:00',1),(18,4,'Iluminacion interior cabina',2,1,'2019-10-15','00:00:00',1),(19,4,'Estado y funcionamiento aire acondicionado',2,1,'2019-10-15','00:00:00',1),(20,4,'Estado y funcionamiento de TV, DVD, Radio',2,1,'2019-10-15','00:00:00',1),(21,4,'Asientos - espaldares - reclinables - cinturones',2,1,'2019-10-15','00:00:00',1),(22,4,'Piso (sin obstaculos)',2,1,'2019-10-15','00:00:00',1),(23,4,'Ventanas de emergencia (señalizadas, martillo, ganchos y otros)',2,1,'2019-10-15','00:00:00',1),(24,4,'Alarma de reserva - alarma dispositivo de velocidad',2,1,'2019-10-15','00:00:00',1),(25,4,'Botiquin',2,1,'2019-10-15','00:00:00',1),(26,4,'Frenos de servicio',2,1,'2019-10-15','00:00:00',1),(27,4,'Dirección y terminales',2,1,'2019-10-15','00:00:00',1),(28,4,'Suspensión (gatos, muelles, anclajes)',2,1,'2019-10-15','00:00:00',1),(29,4,'Control de fugas hidraulicas (motor, mangueras)',2,1,'2019-10-15','00:00:00',1),(30,4,'Estados de sedimientos en trampa de combustible filtros y drenajes',2,1,'2019-10-15','00:00:00',1),(31,4,'Control de fugas de aire (mangueras y tanque)',2,1,'2019-10-15','00:00:00',1),(32,4,'Caja de cambios',2,1,'2019-10-15','00:00:00',1),(33,4,'Cardan y crucetas',2,1,'2019-10-15','00:00:00',1),(34,4,'Bateria y cable (en buen estado)',2,1,'2019-10-15','00:00:00',1),(35,4,'Tubo de escape en buen estado.',2,1,'2019-10-15','00:00:00',1),(36,4,'Llantas En buen estado (sin cortaduras profundas, sin abultamiento, esparragos, repuesto y presion calibrada) Profundidad minima 1,6 mm o acorde con especificaciones del cliente',2,1,'2019-10-15','00:00:00',1),(37,4,'Recogedor',2,1,'2019-10-15','00:00:00',1),(38,4,'Escobilla',2,1,'2019-10-15','00:00:00',1),(39,4,'Trapeador',2,1,'2019-10-15','00:00:00',1),(40,4,'Bolsas',2,1,'2019-10-15','00:00:00',1),(41,4,'Gato',2,1,'2019-10-15','00:00:00',1),(42,4,'Cruceta de perno',2,1,'2019-10-15','00:00:00',1),(43,4,'Tacos (preferiblemente de madera 2 unid)',2,1,'2019-10-15','00:00:00',1),(44,4,'Linterna con pilas',2,1,'2019-10-15','00:00:00',1),(45,4,'Herramientas',2,1,'2019-10-15','00:00:00',1),(46,4,'Triangulos 2 unidades',2,1,'2019-10-15','00:00:00',1),(47,4,'Chaleco reflectivo',2,1,'2019-10-15','00:00:00',1),(48,4,'Conos de 40 60 cm (2 unidades)',2,1,'2019-10-15','00:00:00',1),(49,5,'Si',1,1,'2019-10-15','00:00:00',1),(50,5,'No',1,1,'2019-10-15','00:00:00',1),(51,6,'Si',1,1,'2019-10-15','00:00:00',1),(52,6,'No',1,1,'2019-10-15','00:00:00',1),(53,7,'Si',1,1,'2019-10-15','00:00:00',1),(54,7,'No',1,1,'2019-10-15','00:00:00',1),(55,8,'No',1,1,'2019-10-15','00:00:00',1),(56,8,'Si, Cual?',4,1,'2019-10-15','00:00:00',1),(57,9,'No',1,1,'2019-10-15','00:00:00',1),(58,9,'Si, Cual?',4,1,'2019-10-15','00:00:00',1);
/*!40000 ALTER TABLE `opciones_preguntas` ENABLE KEYS */;
UNLOCK TABLES;

--
-- Table structure for table `pagos_proveedores`
--

DROP TABLE IF EXISTS `pagos_proveedores`;
/*!40101 SET @saved_cs_client     = @@character_set_client */;
/*!40101 SET character_set_client = utf8 */;
CREATE TABLE `pagos_proveedores` (
  `id_pago_proveedor` int(11) NOT NULL AUTO_INCREMENT,
  `fecha_pago` date DEFAULT NULL,
  `id_egreso` int(11) DEFAULT NULL,
  `id_asesor` int(11) DEFAULT NULL,
  `id_neto_reserva` int(11) DEFAULT NULL,
  `id_reserva_servicio` int(11) DEFAULT NULL,
  `id_cuenta_bancaria` int(11) DEFAULT NULL,
  `valor_pagado` double DEFAULT NULL,
  PRIMARY KEY (`id_pago_proveedor`),
  KEY `id_egreso` (`id_egreso`),
  KEY `id_asesor` (`id_asesor`),
  KEY `id_reserva_servicio` (`id_reserva_servicio`),
  KEY `id_cuenta_bancaria` (`id_cuenta_bancaria`),
  CONSTRAINT `pagos_proveedores_ibfk_1` FOREIGN KEY (`id_egreso`) REFERENCES `egresos` (`id_egreso`) ON DELETE CASCADE ON UPDATE CASCADE,
  CONSTRAINT `pagos_proveedores_ibfk_2` FOREIGN KEY (`id_asesor`) REFERENCES `usuarios` (`id_usuario`) ON DELETE CASCADE ON UPDATE CASCADE,
  CONSTRAINT `pagos_proveedores_ibfk_3` FOREIGN KEY (`id_reserva_servicio`) REFERENCES `reserva_servicios` (`id_reserva_servicio`) ON DELETE CASCADE ON UPDATE CASCADE,
  CONSTRAINT `pagos_proveedores_ibfk_4` FOREIGN KEY (`id_cuenta_bancaria`) REFERENCES `cuentas_bancarias` (`id_cuenta_bancaria`) ON DELETE CASCADE ON UPDATE CASCADE
) ENGINE=InnoDB AUTO_INCREMENT=9 DEFAULT CHARSET=utf8mb4;
/*!40101 SET character_set_client = @saved_cs_client */;

--
-- Dumping data for table `pagos_proveedores`
--

LOCK TABLES `pagos_proveedores` WRITE;
/*!40000 ALTER TABLE `pagos_proveedores` DISABLE KEYS */;
INSERT INTO `pagos_proveedores` VALUES (1,'2022-05-30',1,10,46,53,2,100000),(2,'2022-05-31',2,10,47,53,2,10000),(3,'2022-05-31',3,10,NULL,58,1,576200),(4,'2022-06-22',4,10,77,102,2,70000),(7,'2022-06-24',5,10,87,116,1,40000);
/*!40000 ALTER TABLE `pagos_proveedores` ENABLE KEYS */;
UNLOCK TABLES;

--
-- Table structure for table `parametros_comisiones`
--

DROP TABLE IF EXISTS `parametros_comisiones`;
/*!40101 SET @saved_cs_client     = @@character_set_client */;
/*!40101 SET character_set_client = utf8 */;
CREATE TABLE `parametros_comisiones` (
  `id_parametro_comision` int(11) NOT NULL AUTO_INCREMENT,
  `tipo` int(11) DEFAULT NULL COMMENT '1-General 2-Vuelos',
  `porcentaje` double DEFAULT NULL,
  `desde` date DEFAULT NULL,
  PRIMARY KEY (`id_parametro_comision`)
) ENGINE=InnoDB AUTO_INCREMENT=26 DEFAULT CHARSET=utf8mb4;
/*!40101 SET character_set_client = @saved_cs_client */;

--
-- Dumping data for table `parametros_comisiones`
--

LOCK TABLES `parametros_comisiones` WRITE;
/*!40000 ALTER TABLE `parametros_comisiones` DISABLE KEYS */;
INSERT INTO `parametros_comisiones` VALUES (1,1,1,'2021-01-01'),(2,2,2,'2021-01-01');
/*!40000 ALTER TABLE `parametros_comisiones` ENABLE KEYS */;
UNLOCK TABLES;

--
-- Table structure for table `parametros_facturas_modalidades`
--

DROP TABLE IF EXISTS `parametros_facturas_modalidades`;
/*!40101 SET @saved_cs_client     = @@character_set_client */;
/*!40101 SET character_set_client = utf8 */;
CREATE TABLE `parametros_facturas_modalidades` (
  `id_parametro_factura` int(11) NOT NULL AUTO_INCREMENT,
  `id_modalidad` int(11) NOT NULL,
  `id_proveedor` int(11) NOT NULL,
  `producto` varchar(45) DEFAULT NULL,
  `cuenta` varchar(45) DEFAULT NULL,
  `impuesto` text DEFAULT NULL,
  PRIMARY KEY (`id_parametro_factura`),
  KEY `key_modalidad_idx` (`id_modalidad`),
  KEY `key_proveedor_id_idx` (`id_proveedor`),
  CONSTRAINT `key_modalidad_id` FOREIGN KEY (`id_modalidad`) REFERENCES `modalidades_actividades` (`id_modalidad`) ON DELETE CASCADE ON UPDATE CASCADE,
  CONSTRAINT `key_proveedor_id` FOREIGN KEY (`id_proveedor`) REFERENCES `proveedores` (`id_proveedor`) ON DELETE CASCADE ON UPDATE CASCADE
) ENGINE=InnoDB AUTO_INCREMENT=231 DEFAULT CHARSET=utf8mb4;
/*!40101 SET character_set_client = @saved_cs_client */;

--
-- Dumping data for table `parametros_facturas_modalidades`
--

LOCK TABLES `parametros_facturas_modalidades` WRITE;
/*!40000 ALTER TABLE `parametros_facturas_modalidades` DISABLE KEYS */;
INSERT INTO `parametros_facturas_modalidades` VALUES (1,14,59,'003.4','28150501','Sin Impuesto'),(2,15,57,'003.4','28150501','Sin Impuesto'),(3,24,62,'003.4','28150501','Sin Impuesto'),(4,11,51,'003.4','28150501','Sin Impuesto'),(5,12,57,'003.4','28150501','Sin Impuesto'),(6,42,51,'003.1','41359501','IVA Ventas 19%'),(7,16,78,'003.4','28150501','Sin Impuesto'),(9,29,37,'006.1','41359502','IVA Venta Excluido'),(10,112,55,'003.1','41359501','IVA Ventas 19%'),(11,39,57,'003.4','28150501','Sin Impuesto'),(12,17,74,'003.4','28150501','Sin Impuesto'),(13,19,63,'003.4','28150501','Sin Impuesto'),(14,20,64,'003.4','28150501','Sin Impuesto'),(15,22,65,'003.4','28150501','Sin Impuesto'),(16,23,73,'003.4','28150501','Sin Impuesto'),(17,25,63,'003.4','28150501','Sin Impuesto'),(18,27,65,'003.4','28150501','Sin Impuesto'),(19,28,44,'003.4','28150501','Sin Impuesto'),(20,33,48,'003.4','28150501','Sin Impuesto'),(21,34,79,'003.4','28150501','Sin Impuesto'),(22,36,66,'003.3','41359503','IVA Venta Exento'),(23,37,83,'003.4','28150501','Sin Impuesto'),(24,38,59,'003.4','28150501','Sin Impuesto'),(25,43,62,'003.3','41359503','IVA Venta Exento'),(26,45,79,'003.4','28150501','Sin Impuesto'),(27,52,63,'003.4','28150501','Sin Impuesto'),(28,53,51,'003.4','28150501','Sin Impuesto'),(29,54,66,'003.3','41359503','IVA Venta Exento'),(32,73,51,'003.4','28150501','Sin Impuesto'),(34,74,45,'003','11','IVA Venta Excluido'),(35,74,46,'003','11','IVA Venta Excluido'),(36,92,34,'003','11','IVA Ventas 19%'),(37,96,78,'003','11','IVA Ventas 19%'),(38,99,25,'003','11','IVA Ventas 19%'),(39,101,33,'003.4','28150501','Sin Impuesto'),(40,107,32,'003','11','IVA Ventas 19%'),(41,108,51,'003','11','IVA Ventas 19%'),(42,115,57,'003','11','IVA Ventas 19%'),(43,120,57,'003','11','IVA Ventas 19%'),(44,121,42,'003.4','28150501','Sin Impuesto'),(46,127,56,'003','11','IVA Ventas 19%'),(48,127,55,'003','11','IVA Ventas 19%'),(49,129,36,'003.1','41359501','IVA Ventas 19%'),(51,129,24,'003.1','41359501','IVA Ventas 19%'),(52,134,29,'003.2','41359502','IVA Venta Excluido'),(53,135,36,'003.1','41359501','IVA Ventas 19%'),(54,140,20,'003','11','IVA Ventas 19%'),(55,140,26,'003','11','IVA Ventas 19%'),(56,140,40,'003','11','IVA Ventas 19%'),(58,141,48,'003','11','IVA Ventas 19%'),(59,149,51,'003.4','28150501','Sin Impuesto'),(60,154,50,'003','11','IVA Ventas 19%'),(62,169,24,'006.1','41359502','IVA Venta Excluido'),(63,169,37,'006.1','41359502','IVA Venta Excluido'),(65,175,25,'003','11','IVA Ventas 19%'),(66,175,52,'003','11','IVA Ventas 19%'),(67,177,3,'003','11','IVA Ventas 19%'),(68,178,53,'003','11','IVA Ventas 19%'),(69,180,26,'003.1','41359501','IVA Ventas 19%'),(70,180,27,'003.1','41359501','IVA Ventas 19%'),(71,182,24,'003','11','IVA Ventas 19%'),(72,192,51,'003','11','IVA Ventas 19%'),(73,194,57,'003','11','IVA Ventas 19%'),(74,203,16,'003','11','IVA Ventas 19%'),(76,206,30,'003','11','IVA Ventas 19%'),(77,206,49,'003','11','IVA Ventas 19%'),(78,211,25,'006.1','41359502','IVA Venta Excluido'),(80,211,37,'006.1','41359502','IVA Venta Excluido'),(81,217,25,'003','11','IVA Ventas 19%'),(83,219,41,'003.4','28150501','Sin Impuesto'),(86,220,37,'003','11','IVA Ventas 19%'),(89,229,25,'003','11','IVA Ventas 19%'),(90,229,37,'003','11','IVA Ventas 19%'),(93,229,24,'003','11','IVA Ventas 19%'),(94,230,37,'006.1','41359502','IVA Venta Excluido'),(99,232,24,'003','11','IVA Ventas 19%'),(102,233,37,'003','11','IVA Ventas 19%'),(103,233,24,'003','11','IVA Ventas 19%'),(104,235,16,'003','11','IVA Ventas 19%'),(106,236,16,'003','11','IVA Ventas 19%'),(108,237,18,'003','11','IVA Ventas 19%'),(110,238,55,'003','11','IVA Ventas 19%'),(112,239,18,'003','11','IVA Ventas 19%'),(113,240,26,'003','11','IVA Ventas 19%'),(115,240,40,'003','11','IVA Ventas 19%'),(116,241,26,'003','11','IVA Ventas 19%'),(117,241,22,'003','11','IVA Ventas 19%'),(118,241,40,'003','11','IVA Ventas 19%'),(122,242,40,'003','11','IVA Ventas 19%'),(124,243,37,'006.1','41359502','IVA Venta Excluido'),(125,244,16,'003','11','IVA Ventas 19%'),(127,244,39,'003','11','IVA Ventas 19%'),(128,245,26,'003.1','41359501','IVA Ventas 19%'),(129,245,27,'003.1','41359501','IVA Ventas 19%'),(132,246,26,'003.1','41359501','IVA Ventas 19%'),(133,246,27,'003.1','41359501','IVA Ventas 19%'),(134,246,55,'003.1','41359501','IVA Ventas 19%'),(136,247,36,'003.1','41359501','IVA Ventas 19%'),(138,247,24,'003.1','41359501','IVA Ventas 19%'),(139,247,37,'003.1','41359501','IVA Ventas 19%'),(140,248,37,'006.1','41359502','IVA Venta Excluido'),(141,248,24,'006.1','41359502','IVA Venta Excluido'),(143,249,24,'006.1','41359502','IVA Venta Excluido'),(144,249,37,'006.1','41359502','IVA Venta Excluido'),(146,250,24,'003.2','41359502','IVA Venta Excluido'),(147,250,29,'003.2','41359502','IVA Venta Excluido'),(149,250,37,'003.2','41359502','IVA Venta Excluido'),(150,251,31,'003',NULL,NULL),(151,252,32,'003',NULL,NULL),(153,254,36,'003.1','41359501','IVA Ventas 19%'),(154,255,67,'003',NULL,NULL),(155,255,20,'003',NULL,NULL),(158,256,37,'006.1','41359502','IVA Venta Excluido'),(159,257,36,'003.1','41359501','IVA Ventas 19%'),(160,258,36,'003.1','41359501','IVA Ventas 19%'),(162,258,24,'003.1','41359501','IVA Ventas 19%'),(163,258,37,'003.1','41359501','IVA Ventas 19%'),(164,259,42,'003.4','28150501','Sin Impuesto'),(166,260,45,'003',NULL,NULL),(167,260,46,'003',NULL,NULL),(168,260,54,'003',NULL,NULL),(169,263,48,'003',NULL,NULL),(170,264,49,'003',NULL,NULL),(171,264,50,'003',NULL,NULL),(172,265,51,'003.4','28150501','Sin Impuesto'),(173,266,50,'003',NULL,NULL),(174,267,25,'003',NULL,NULL),(176,268,51,'003.4','28150501','Sin Impuesto'),(178,270,51,'003.4','28150501','Sin Impuesto'),(179,271,51,'003',NULL,NULL),(180,272,51,'003',NULL,NULL),(181,273,58,'003',NULL,NULL),(182,274,57,'003',NULL,NULL),(183,275,57,'003',NULL,NULL),(184,276,60,'003',NULL,NULL),(185,276,80,'003',NULL,NULL),(186,279,37,'006.1','41359502','IVA Venta Excluido'),(187,277,36,'003',NULL,NULL),(188,280,56,'003',NULL,NULL),(190,280,55,'003',NULL,NULL),(191,281,56,'006.3','28150501','Sin Impuesto'),(192,281,37,'006.1','41359502','IVA Venta Excluido'),(194,282,62,'003',NULL,NULL),(195,284,64,'003',NULL,NULL),(196,285,66,'003',NULL,NULL),(197,286,66,'003',NULL,NULL),(199,287,24,'003',NULL,NULL),(200,287,37,'003',NULL,NULL),(201,288,61,'003',NULL,NULL),(202,288,51,'003',NULL,NULL),(203,288,57,'003',NULL,NULL),(204,289,65,'003.4','28150501','Sin Impuesto'),(205,290,24,'003.2','41359502','IVA Venta Excluido'),(206,290,29,'003.2','41359502','IVA Venta Excluido'),(208,290,37,'003.2','41359502','IVA Venta Excluido'),(209,291,71,'003',NULL,NULL),(210,292,71,'003',NULL,NULL),(211,293,57,'003',NULL,NULL),(212,294,74,'003',NULL,NULL),(213,295,74,'003',NULL,NULL),(214,296,61,'003',NULL,NULL),(215,296,51,'003',NULL,NULL),(216,296,56,'003',NULL,NULL),(218,296,24,'003',NULL,NULL),(219,296,37,'003',NULL,NULL),(220,297,61,'003',NULL,NULL),(221,297,51,'003',NULL,NULL),(222,297,56,'003',NULL,NULL),(224,297,24,'003',NULL,NULL),(225,297,37,'003',NULL,NULL),(226,298,77,'003',NULL,NULL),(227,299,78,'003',NULL,NULL),(228,300,84,'003.4','28150501','Sin Impuesto'),(229,301,85,'003',NULL,NULL),(230,29,52,NULL,NULL,NULL);
/*!40000 ALTER TABLE `parametros_facturas_modalidades` ENABLE KEYS */;
UNLOCK TABLES;

--
-- Table structure for table `parametros_facturas_servicios`
--

DROP TABLE IF EXISTS `parametros_facturas_servicios`;
/*!40101 SET @saved_cs_client     = @@character_set_client */;
/*!40101 SET character_set_client = utf8 */;
CREATE TABLE `parametros_facturas_servicios` (
  `id_parametro_factura_servicio` int(11) NOT NULL AUTO_INCREMENT,
  `id_servicio` int(11) NOT NULL,
  `producto` varchar(45) DEFAULT NULL,
  `cuenta` varchar(45) DEFAULT NULL,
  `impuesto` text DEFAULT NULL,
  PRIMARY KEY (`id_parametro_factura_servicio`),
  KEY `key_servicio_id_idx` (`id_servicio`),
  CONSTRAINT `key_servicio_id` FOREIGN KEY (`id_servicio`) REFERENCES `servicios` (`id_servicio`) ON DELETE CASCADE ON UPDATE CASCADE
) ENGINE=InnoDB AUTO_INCREMENT=46 DEFAULT CHARSET=utf8mb4;
/*!40101 SET character_set_client = @saved_cs_client */;

--
-- Dumping data for table `parametros_facturas_servicios`
--

LOCK TABLES `parametros_facturas_servicios` WRITE;
/*!40000 ALTER TABLE `parametros_facturas_servicios` DISABLE KEYS */;
INSERT INTO `parametros_facturas_servicios` VALUES (1,229,'006.1','41359502','IVA Venta Excluido'),(2,297,'006.2','41359503','IVA Venta Exento'),(3,262,'006.3','28150501','Sin Impuesto'),(4,286,'006.3','28150501','Sin Impuesto'),(5,269,'006.3','28150501','Sin Impuesto'),(6,288,'006.1','41359502','IVA Venta Excluido'),(7,284,'006.1','41359502','IVA Venta Excluido'),(8,298,'006.2','41359503','IVA Venta Exento'),(9,263,'006.3','28150501','Sin Impuesto'),(10,264,'006.3','28150501','Sin Impuesto'),(11,293,'006.3','28150501','Sin Impuesto'),(12,294,'006.3','28150501','Sin Impuesto'),(13,272,'006.3','28150501','Sin Impuesto'),(14,273,'006.3','28150501','Sin Impuesto'),(15,296,'006.2','41359503','IVA Venta Exento'),(16,300,'006.2','41359503','IVA Venta Exento'),(17,282,'006.3','28150501','Sin Impuesto'),(18,274,'006.3','28150501','Sin Impuesto'),(19,285,'006.1','41359502','IVA Venta Excluido'),(20,275,'006.1','41359502','IVA Venta Excluido'),(21,258,'006.1','41359502','IVA Venta Excluido'),(22,276,'006.1','41359502','IVA Venta Excluido'),(23,249,'006.1','41359502','IVA Venta Excluido'),(24,250,'006.1','41359502','IVA Venta Excluido'),(25,251,'006.1','41359502','IVA Venta Excluido'),(26,257,'006.1','41359502','IVA Venta Excluido'),(27,247,'006.1','41359502','IVA Venta Excluido'),(28,255,'006.1','41359502','IVA Venta Excluido'),(29,253,'006.1','41359502','IVA Venta Excluido'),(30,291,'006.2','41359503','IVA Venta Exento'),(31,295,'006.2','41359503','IVA Venta Exento'),(32,299,'006.2','41359503','IVA Venta Exento'),(33,268,'006.3','28150501','Sin Impuesto'),(34,271,'006.3','28150501','Sin Impuesto'),(35,281,'006.3','28150501','Sin Impuesto'),(36,270,'006.3','28150501','Sin Impuesto'),(37,248,'006.1','41359502','IVA Venta Excluido'),(38,259,'006.1','41359502','IVA Venta Excluido'),(39,252,'006.1','41359502','IVA Venta Excluido'),(40,266,'006.1','41359502','IVA Venta Excluido'),(41,292,'006.2','41359503','IVA Venta Exento'),(42,256,'006.1','41359502','IVA Venta Excluido'),(43,261,'006.1','41359502','IVA Venta Excluido'),(44,254,'006.1','41359502','IVA Venta Excluido'),(45,260,'006.1','41359502','IVA Venta Excluido');
/*!40000 ALTER TABLE `parametros_facturas_servicios` ENABLE KEYS */;
UNLOCK TABLES;

--
-- Table structure for table `pasajeros`
--

DROP TABLE IF EXISTS `pasajeros`;
/*!40101 SET @saved_cs_client     = @@character_set_client */;
/*!40101 SET character_set_client = utf8 */;
CREATE TABLE `pasajeros` (
  `id_pasajero` int(11) NOT NULL AUTO_INCREMENT,
  `nombres` varchar(100) NOT NULL,
  `apellidos` varchar(100) NOT NULL,
  `telefono_movil` varchar(150) NOT NULL,
  `identificacion` varchar(150) DEFAULT NULL,
  `telefono_secundario` varchar(150) DEFAULT NULL,
  PRIMARY KEY (`id_pasajero`)
) ENGINE=InnoDB AUTO_INCREMENT=46 DEFAULT CHARSET=utf8;
/*!40101 SET character_set_client = @saved_cs_client */;

--
-- Dumping data for table `pasajeros`
--

LOCK TABLES `pasajeros` WRITE;
/*!40000 ALTER TABLE `pasajeros` DISABLE KEYS */;
INSERT INTO `pasajeros` VALUES (1,'pedro ','picapiedra321','3218/340596','94375000','3218340597'),(2,'pedro ','picapiedra321','3218/340596','94375000','3218340597'),(3,'pedro','picapiedra','3218340596','94375000','3136618693'),(4,'pedro','picapiedra','3218340596','94375000','3136618693'),(5,'ABC','ABC','ABC','ABC','ABC'),(6,'ABC','ABC','ABC','ABC','ABC'),(7,'ABC','ABC','ABC','ABC','ABC'),(8,'ABC','ABC','ABC','ABC','ABC'),(9,'pedro ','picapiedra','3218340596','94373000','3136618693'),(10,'pedro','picapíedra','3218340596','94373100','3218340597'),(11,'Pedro ','Picapiedra','321876098','93567456','311098654'),(12,'pedro ','picapiedra','3218340596','94375000','3136618694'),(13,'ABC','ABC','ABC','ABC','ABC'),(14,'AAA','BBB','22222','11111','33333'),(15,'AAA','BBB','CCC','11111','DDD'),(16,'pedro ','picapíedra','3218340596','94373000','32198765432'),(17,'Pedro','Picapiedra','3218340596','94373000','3113564545'),(18,'AAA','BBB','CCC','11111','DDD'),(19,'Pero','Picapiedra','3218340596','94373000','3115675645'),(20,'PEDRO ','PICAPIEDRA','3218340596','94373000','3136618888º'),(21,'Pedro ','picapedra','6789999','94373000','99999999'),(22,'José ','hernandez','+503 7843 4848','900775079','+503 7843 4848'),(23,'Gabriela ','galaxy','+503 7280 8201','900775079','+503 7280 8201'),(24,'Vilma ','Aldaz Rodríguez ','+51966624564','27848034','3023773332'),(25,'Vilma ','Aldaz Rodríguez ','+51966624564','27848034','3023773332'),(26,'Pedro ','picapiedra','234234234','94373000','234234234'),(27,'LUIS FERNANDO ','DELGADO CERON','3234266235','3333333333','316 5834444'),(28,'LUIS FERNANDO ','DELGADO CERON','3234266235','3234266235','3234266235'),(29,'LILIANA ','PIZARRO ACHINTE','3122613789','3122613789','3122613789'),(30,'ANYELIN YERARDIS ','RUIZ NIEVES','3148003102','3148003102','3148003102'),(31,'Miguel ','Lasa','+5492314611283','12595548','+5492314403174'),(32,'cindy','galaxy','+503 7749 4426','503 7749 4426','+503 7749 4426'),(33,'ANA ISABEL ','TORO URIBE','3136212390','1128448892','3136212390'),(34,'YURI','SANCHEZ','3148003102','3148003102','3148003102'),(35,'Cindy ','Aguilar','+503 7749 4426','+503 7749 4426','+503 7749 4426'),(36,'KELLY JOHANNA ','CANAS DURAN','316 3363671','316 3363671','316 3363671'),(37,'MONICA','ELEJALDE MARIN ','3905545','31627613','3108933890'),(38,'MONICA','ELEJALDE MARIN ','3905545','31627613','3108933890'),(39,'MONICA','ELEJALDE MARIN ','3905545','31627613','3108933890'),(40,'TANYA ','CUADROS','3126000503','31928380','3155290600'),(41,'JHON EDISON ','GASPAR MORENO','GASPAR MORENO','31375848','3137584848'),(42,'JEFFERSON STIVEN ','LUNA ORTIZ','3186163921','31861639','317 8954537'),(43,'MARLEN AMPARO','LUNA','3113616812','602820926','3113616812'),(44,'MARLEN AMPARO','LUNA','3113616812','602820926','3113616812'),(45,'MARLEN AMPARO ','LUNA','3113616812','28209276','3113616812');
/*!40000 ALTER TABLE `pasajeros` ENABLE KEYS */;
UNLOCK TABLES;

--
-- Table structure for table `pasajeros_tiquetes`
--

DROP TABLE IF EXISTS `pasajeros_tiquetes`;
/*!40101 SET @saved_cs_client     = @@character_set_client */;
/*!40101 SET character_set_client = utf8 */;
CREATE TABLE `pasajeros_tiquetes` (
  `id_pasajero_tiquete` int(11) NOT NULL AUTO_INCREMENT,
  `id_reserva_tiquete` int(11) DEFAULT NULL,
  `nombre` varchar(45) DEFAULT NULL,
  `apellido` varchar(45) DEFAULT NULL,
  `fecha_nacimiento` date DEFAULT NULL,
  `identificacion` varchar(45) DEFAULT NULL,
  PRIMARY KEY (`id_pasajero_tiquete`),
  UNIQUE KEY `id_pasajero_tiquete_UNIQUE` (`id_pasajero_tiquete`),
  KEY `key_reserva_tiquete_idx` (`id_reserva_tiquete`),
  CONSTRAINT `key_reserva_tiquete` FOREIGN KEY (`id_reserva_tiquete`) REFERENCES `reserva_tiquetes` (`id_reserva_tiquete`) ON DELETE CASCADE ON UPDATE CASCADE
) ENGINE=InnoDB AUTO_INCREMENT=8 DEFAULT CHARSET=utf8mb4;
/*!40101 SET character_set_client = @saved_cs_client */;

--
-- Dumping data for table `pasajeros_tiquetes`
--

LOCK TABLES `pasajeros_tiquetes` WRITE;
/*!40000 ALTER TABLE `pasajeros_tiquetes` DISABLE KEYS */;
INSERT INTO `pasajeros_tiquetes` VALUES (2,2,'LUZ ESTER','OLIVEROS RUIZ','1967-03-27','66731407'),(3,2,'CARMEN MATILDE','OLIVEROS RUIZ','1965-03-22','31387490'),(5,4,'JUAN MANUEL ','QUINAYAS VIVAS ','2001-03-28','1007671649'),(6,4,'YAJANNY ANDREA','ADARVE RAMIREZ ','2002-01-17','1193226643'),(7,5,'SANTIAGO','ORDOÑEZ CORRALES','2005-12-24','1113979738');
/*!40000 ALTER TABLE `pasajeros_tiquetes` ENABLE KEYS */;
UNLOCK TABLES;

--
-- Table structure for table `perfiles`
--

DROP TABLE IF EXISTS `perfiles`;
/*!40101 SET @saved_cs_client     = @@character_set_client */;
/*!40101 SET character_set_client = utf8 */;
CREATE TABLE `perfiles` (
  `id_perfil` int(11) NOT NULL AUTO_INCREMENT,
  `perfil` varchar(100) DEFAULT NULL,
  PRIMARY KEY (`id_perfil`)
) ENGINE=InnoDB AUTO_INCREMENT=4 DEFAULT CHARSET=utf8;
/*!40101 SET character_set_client = @saved_cs_client */;

--
-- Dumping data for table `perfiles`
--

LOCK TABLES `perfiles` WRITE;
/*!40000 ALTER TABLE `perfiles` DISABLE KEYS */;
INSERT INTO `perfiles` VALUES (1,'Admin'),(2,'Asesor'),(3,'Contabilidad');
/*!40000 ALTER TABLE `perfiles` ENABLE KEYS */;
UNLOCK TABLES;

--
-- Table structure for table `perfiles_usuarios`
--

DROP TABLE IF EXISTS `perfiles_usuarios`;
/*!40101 SET @saved_cs_client     = @@character_set_client */;
/*!40101 SET character_set_client = utf8 */;
CREATE TABLE `perfiles_usuarios` (
  `id_perfil_usuario` int(11) NOT NULL AUTO_INCREMENT,
  `id_perfil` int(11) DEFAULT NULL,
  `id_usuario` int(11) DEFAULT NULL,
  PRIMARY KEY (`id_perfil_usuario`),
  KEY `id_perfil` (`id_perfil`),
  KEY `id_usuario` (`id_usuario`),
  CONSTRAINT `perfiles_usuarios_ibfk_1` FOREIGN KEY (`id_perfil`) REFERENCES `perfiles` (`id_perfil`) ON DELETE CASCADE ON UPDATE CASCADE,
  CONSTRAINT `perfiles_usuarios_ibfk_2` FOREIGN KEY (`id_usuario`) REFERENCES `usuarios` (`id_usuario`) ON DELETE CASCADE ON UPDATE CASCADE
) ENGINE=InnoDB AUTO_INCREMENT=13 DEFAULT CHARSET=utf8;
/*!40101 SET character_set_client = @saved_cs_client */;

--
-- Dumping data for table `perfiles_usuarios`
--

LOCK TABLES `perfiles_usuarios` WRITE;
/*!40000 ALTER TABLE `perfiles_usuarios` DISABLE KEYS */;
INSERT INTO `perfiles_usuarios` VALUES (1,2,2),(2,1,1),(3,1,3),(4,1,4),(7,2,7),(8,3,8),(9,2,9),(10,1,10),(11,1,11),(12,2,12);
/*!40000 ALTER TABLE `perfiles_usuarios` ENABLE KEYS */;
UNLOCK TABLES;

--
-- Table structure for table `prefijos_vouchers`
--

DROP TABLE IF EXISTS `prefijos_vouchers`;
/*!40101 SET @saved_cs_client     = @@character_set_client */;
/*!40101 SET character_set_client = utf8 */;
CREATE TABLE `prefijos_vouchers` (
  `id_prefijo` int(11) NOT NULL AUTO_INCREMENT,
  `tipo` int(11) NOT NULL COMMENT '1-Ecommerce 2-Backoffice 3-Agencias 4-Aplicación',
  `prefijo` varchar(10) NOT NULL,
  `fecha_desde` date DEFAULT NULL,
  `fecha_hasta` date DEFAULT NULL,
  PRIMARY KEY (`id_prefijo`)
) ENGINE=InnoDB AUTO_INCREMENT=2 DEFAULT CHARSET=utf8;
/*!40101 SET character_set_client = @saved_cs_client */;

--
-- Dumping data for table `prefijos_vouchers`
--

LOCK TABLES `prefijos_vouchers` WRITE;
/*!40000 ALTER TABLE `prefijos_vouchers` DISABLE KEYS */;
INSERT INTO `prefijos_vouchers` VALUES (1,1,'W','2020-01-01','2020-12-31');
/*!40000 ALTER TABLE `prefijos_vouchers` ENABLE KEYS */;
UNLOCK TABLES;

--
-- Table structure for table `preguntas_preoperacional`
--

DROP TABLE IF EXISTS `preguntas_preoperacional`;
/*!40101 SET @saved_cs_client     = @@character_set_client */;
/*!40101 SET character_set_client = utf8 */;
CREATE TABLE `preguntas_preoperacional` (
  `id_pregunta` int(11) NOT NULL AUTO_INCREMENT,
  `pregunta` text NOT NULL,
  `estado` int(2) NOT NULL DEFAULT 1,
  `tipo_respuesta` int(11) NOT NULL DEFAULT 0 COMMENT 'ejemplo: seleccion multiple.',
  PRIMARY KEY (`id_pregunta`)
) ENGINE=InnoDB AUTO_INCREMENT=10 DEFAULT CHARSET=latin1 COMMENT='tabla que almacena las preguntas de los formularios.';
/*!40101 SET character_set_client = @saved_cs_client */;

--
-- Dumping data for table `preguntas_preoperacional`
--

LOCK TABLES `preguntas_preoperacional` WRITE;
/*!40000 ALTER TABLE `preguntas_preoperacional` DISABLE KEYS */;
INSERT INTO `preguntas_preoperacional` VALUES (1,'Indíquenos la Placa del Vehículo',1,9),(3,'Indique el Kilometraje del Vehículo',1,6),(4,'Seleccione la(s) Novedades que se Presentan en el Vehículo',1,2),(5,'Cambio de Aceite?',1,1),(6,'Mantenimiento Preventivo Bimensual?',1,1),(7,'Arreglo y/o Mantenimiento?',1,1),(8,'Hallazgo?',1,10),(9,'Acción Correctiva / Preventiva',1,10);
/*!40000 ALTER TABLE `preguntas_preoperacional` ENABLE KEYS */;
UNLOCK TABLES;

--
-- Table structure for table `proveedores`
--

DROP TABLE IF EXISTS `proveedores`;
/*!40101 SET @saved_cs_client     = @@character_set_client */;
/*!40101 SET character_set_client = utf8 */;
CREATE TABLE `proveedores` (
  `id_proveedor` int(11) NOT NULL AUTO_INCREMENT,
  `nit` text DEFAULT NULL,
  `proveedor` text DEFAULT NULL,
  `email` text DEFAULT NULL,
  `password` text DEFAULT NULL,
  `direccion` text DEFAULT NULL,
  `tipo` int(11) DEFAULT 0 COMMENT '0-Tercero 1-Propio',
  `razon_social` text DEFAULT NULL,
  `telefono_reservas` varchar(45) DEFAULT NULL,
  `telefono_contabilidad` varchar(45) DEFAULT NULL,
  `permiso_hotel` int(11) DEFAULT 0,
  `permiso_telefono` int(11) DEFAULT 0,
  PRIMARY KEY (`id_proveedor`)
) ENGINE=InnoDB AUTO_INCREMENT=112 DEFAULT CHARSET=utf8;
/*!40101 SET character_set_client = @saved_cs_client */;

--
-- Dumping data for table `proveedores`
--

LOCK TABLES `proveedores` WRITE;
/*!40000 ALTER TABLE `proveedores` DISABLE KEYS */;
INSERT INTO `proveedores` VALUES (3,'12345678-9','Proveedor Pedrito','ivens.ordonez@gmail.com','12345676-9','Calle 55 1-94 Apto 3-404',0,NULL,NULL,NULL,1,1),(14,'1047398716-5','AFROCORALES','afrocorales2018@gmail.com','$2y$10$Y5juEEF1ZIktnXmAfM4eKuD2qIuGIBhGAX2TGxSPPbv0EDUkW/3R2','Playa Tranquila, Isla de Baru',0,'Agencia operadora Afrocorales ','300 7172215 / 320 9135822  / 314 8668663','320 9135822',1,1),(15,NULL,'SERGIO LANCHA',NULL,NULL,NULL,0,NULL,NULL,NULL,1,1),(16,NULL,'COCTELERIA LA TORRE',NULL,NULL,NULL,0,NULL,NULL,NULL,1,1),(18,NULL,'MONTE SACRO RESTO BAR',NULL,'$2y$10$3R7khL8Nr6yPaFX1zaX58e0QEYD30AbfkL7top0NBKu0lGeJozJLu',NULL,0,'',NULL,NULL,NULL,NULL),(20,NULL,'CASTILLO DE SAN FELIPE',NULL,NULL,NULL,0,NULL,NULL,NULL,1,1),(22,NULL,'SEGWAY',NULL,NULL,NULL,0,NULL,NULL,NULL,1,1),(24,'33156887-6','RAW KOKOMAR','nemago76@hotmail.com ','$2y$10$wzPIR.kDtVftawFdiA0dLeaUPaLEjHYpQabY6BJs8fggyqUv9aHbG','PLAYA BLANCA BARU',0,'RAW KOKOMAR','3135659023','3135659023',NULL,NULL),(25,NULL,'OCEANARIO CEINER LTDA',NULL,NULL,'SAN MARTIN DE PAJARALES',1,NULL,NULL,NULL,1,1),(26,'73074664','LIBARDO VIDES','libardo@hotmail.com','$2y$10$ONscxU8CyXaa22sQ5PmcZO/z7hJryqIct218s3kUlD1Eb5pzBmnjC',NULL,1,'','+57 300 8401336',NULL,1,1),(27,NULL,'MIGUEL ',NULL,NULL,NULL,1,NULL,NULL,NULL,1,1),(29,NULL,'AVIARIO NACIONAL',NULL,NULL,NULL,1,NULL,NULL,NULL,1,1),(30,NULL,'NATIVO BY HOUSE',NULL,NULL,NULL,0,NULL,NULL,NULL,1,1),(31,'1143398497-5','MARGARITAS BEACH CLUB','margaritasbeachclub@outlook.com ','$2y$10$/D3445m8O0LbhltgqVT87O2DQHerLPj9InR6/p7xZlktHezF6Y1GS','Isla tierra bomba, sector punta arena',0,'MARGARITA’S BEACH CLUB ','3244522566','3162748789',NULL,NULL),(32,NULL,'BORA BORA',NULL,'$2y$10$rQQp5abkxmUf3fHKDhfbTOpkhcVzzCS02Mx5FxjFFl3pYImKfQHdm',NULL,0,'',NULL,NULL,NULL,NULL),(33,'9006699340','BENDITA BEACH','reservas@benditabeach.com','$2y$10$QYLU5wThrkhxsbdrpkCUiuG7AbGQSZPj2CSOfSBhgc7FIsmnO8oJK','Islas del Rosario',0,'',NULL,NULL,NULL,NULL),(34,NULL,'ISLA DEL PIRATA','aux.hotelislapirata@gmail.com','$2y$10$zdNZWG3I7yLNZS1DwHvxh.luQJiWrShcntIF9dOPBklhVvysVO45y','ISLAS DEL ROSARIO',0,'TALISAYA','+57 313 7044804',NULL,1,1),(36,'9099247','SERVICIOS ACUATICOS PLAYA TRANQUILA','Yassithvasquezjulio@gmail.com','$2y$10$tS5oYEt/WD.5ttubIezzn.IWxMelWefNg1q5j.mZwPFEZpaXHrcFO','PLAYA BLANCA',0,'YASSITH VASQUEZ ','+57 301 2730430','+57 301 2730430',0,0),(37,'901579362-5','JET SET BEACH','reservasplaya@hotmail.com','$2y$10$FP3drku9GiGH36jhuHP36.w5.bA8myvpAE/B9eXbYlL00gOGSiexK','Playa Tranquila Baru',1,'JET SET TRAVEL SAA','3113584708','305',NULL,NULL),(39,NULL,'CONJUNTO VALLENATO',NULL,NULL,NULL,0,NULL,NULL,NULL,1,1),(40,'73181853','Delicias Big Bossio Panderitos',NULL,NULL,NULL,0,NULL,NULL,NULL,1,1),(41,'890.404.163-6','PASADIA ISLA DEL SOL','caliente@ecohotelisladelsol.com','$2y$10$lHUmCniLq7CdqTiJmosjjOXIje9plSGuWJEdyIFsxXOvsRbFzEjBi','Bocagrande calle 10 #1-61 Ed. Portofino Local 7 ',0,'Caliente Tours SAS ','3167406058','3167406058',1,1),(42,NULL,'SIBARITA DEL MAR',NULL,NULL,NULL,0,NULL,NULL,NULL,1,1),(44,'1002203632','COCHES DIDIER','didimperador@hotmail.com','$2y$10$es0AsVbrSdZ7ouk8xXtejuC2wf6qHMivRJV9aIt0puskoDUQQQvTC','PARQUE LA MARINA',0,' DIDIER RICARDO MARTÍNEZ','313 5774552','313 5774552',NULL,NULL),(45,NULL,'VOLCAN DEL TOTUMO',NULL,NULL,NULL,0,NULL,NULL,NULL,1,1),(46,'900593894-6','ASOCIACION ECOTURISTICA GALERAZAMBA',NULL,'$2y$10$8X868pZkO6H5lEKZiUI0kubCtxS6.ieO493BXmaqP9.xzRbHLastS','GALERAZAMBA',0,'',NULL,NULL,NULL,NULL),(48,'901101785-5','SAMARIA TOURS','Gerencia@samariatours.com ','$2y$10$0lPY4hmrZBwFNur2uKrAgOze08afzg3TwPGp09hrZpZgPSMDtIp0.','CRA 2 4 -21 TORRE CIBELES',0,'SAMARIA TOURS SAS','3156307432','3154196288',1,1),(49,NULL,'NAVEGA TOUR',NULL,NULL,NULL,0,NULL,NULL,NULL,1,1),(50,'901271267','MARINA TOURS','marinatourcartagena@gmail.com','$2y$10$.DcUxd54tBh1gf0wrQdBqukvra6LEAxrYCWaO4a2f.F3f/Gl4H5Pq','av San Martin, carrera 2, calle 5, edificio makondo, local 101',0,'HEAVEN TOUR CARTAGENA S.A.S','3023200353','3043499318',1,1),(51,NULL,'TAXI MARINO','comercial@taximarino.com',NULL,'CRA 1 N° 7-69 EL RODADERO',0,NULL,NULL,NULL,1,1),(52,'33157380-9','LIZATOURS',NULL,'$2y$10$sm2fMNQQx54q1WbkhJvTKuP8fESNwsozupt91sFcam98tzEOWLx06',NULL,0,'',NULL,NULL,NULL,NULL),(53,'90231011','CARTAGENA CRUISES BARCO PHAMPTOM','barcophantomservice@gmail.com','$2y$10$8iJg21pn5tn9OPiEqHBwxuFgKoXK44zid39YIJ2VX8k5sqCyO/MiK','MUELLE DE LA BODEGUITA ',0,'',NULL,NULL,NULL,NULL),(54,NULL,'RESTAURANTE SEÑORA SMITH',NULL,NULL,NULL,0,NULL,NULL,NULL,1,1),(55,NULL,'RESTAURANTE SAN NICOLAS','sannicolasrestaurantebar@gmail.com',NULL,'GETSEMANI',1,NULL,NULL,NULL,1,1),(56,NULL,'BERLINASTUR',NULL,NULL,'MARBELLA',0,NULL,NULL,NULL,1,1),(57,'79472910-1','PATO DO EL MUNDO','viajespatodoelmundo@gmail.com','$2y$10$QNj7QDXHcUQnMYQzvuzpWOIYZ6JJXRQ.V/0IVw.AjihItRMOMyzmO','Dir. Calle 8 N 2 51 Rodadero',0,'PATO DO EL MUNDO','3102799836','3102799736',1,1),(58,NULL,'SAFARY TOURS',NULL,NULL,NULL,0,NULL,NULL,NULL,1,1),(59,NULL,'NELLY TOURS',NULL,NULL,NULL,0,NULL,NULL,NULL,1,1),(60,'901096088','SERMARKET','sermar.gerencia@gmail.com','$2y$10$LHeG5xfkbIawJjSn2ixzBOrlH7PqBVCAyBwltN2jJimDJzkR7XZZ6','cra 65a san pedro martin',0,'SERMARKET','+57 300 8250689','+57 300 8250689',1,1),(61,'1082999313   ','TRASPORTE SHADY','shadypnt@gmail.com',NULL,'Dg 28#14-114  Santa Marta-Magdalena',0,NULL,NULL,NULL,1,1),(62,'15240211','AQUARIUM BOAT','aquariumboat@hotmail.com','$2y$10$YZI5E6hMNpgit0Vptvf1PeDxhgoIMyw4chN6vT7IbomXmP6tRG9bK','MUELLE COTTON CAY DE LA POLICIA',0,'MORGAN SERVICE','3214144732','3214144732',NULL,NULL),(63,'901073056','ANSUWI ',NULL,'$2y$10$hICpLkuA5lf4T7sSGT7h1uQ2O7lACvS48ww83DxqAi/UdjZdFrHzi','MUELLE CASA DE LA CULTURA',0,'',NULL,NULL,NULL,NULL),(64,NULL,'SUAREZ OSORIO',NULL,NULL,'Bajos hotel Sea Flower',0,NULL,NULL,NULL,1,1),(65,'827000851-1','PORTOFINO CARIBE','','$2y$10$16C0kxp9CDE4RTmkQYS8P.HmXdjG7y2xWpTIOy0AXcTYxa3TN3.ES','Diagonal al Parque de la Barracuda',0,'',NULL,NULL,NULL,NULL),(66,'','CRUCERO RIVIEL',NULL,'$2y$10$SL/TlN21p5xJkeXLhCgqSuCJRhC0Lp8xLJGrEcZ4gNPMmOVdkiAUm','',1,'',NULL,NULL,NULL,NULL),(67,NULL,'GUIA CASTILLO ANG',NULL,'$2y$10$/GZlHLA/BM8iiwQHkBEl8enSfMP1nAYcPYBqZmXEEDYaxoal3HtwG',NULL,0,'',NULL,NULL,NULL,NULL),(68,NULL,'COPA AIRLINES',NULL,NULL,NULL,0,NULL,NULL,NULL,1,1),(69,NULL,'VIVA AIR',NULL,NULL,NULL,0,NULL,NULL,NULL,1,1),(70,NULL,'LATAM AIRLINES',NULL,NULL,NULL,0,NULL,NULL,NULL,1,1),(71,'39153911-3','TREN TURISTICO','',NULL,'',0,NULL,NULL,NULL,1,1),(73,NULL,'SHARKY BUCEO',NULL,NULL,'EDIFICIO HANSA CORAL LOCAL 9',0,NULL,NULL,NULL,1,1),(74,NULL,'NATIVE HORSES','+57 318 5500247','$2y$10$9ibZ39Ah.TLcuoa6dIJQze8UavLIXa9yOkqVpSqn4TQgY27X8Zu3G','SAN LUIS, SOUND BAY 71',0,'',NULL,NULL,NULL,NULL),(75,NULL,'JE TOURS',NULL,NULL,NULL,0,NULL,NULL,NULL,1,1),(76,NULL,'AVIANCA AIRLINES',NULL,NULL,NULL,0,NULL,NULL,NULL,1,1),(77,NULL,'CITYSIGHTSEEING CARTAGENA',NULL,'$2y$10$jJyODEwiS6XrQVUQVPdVBOkxfauwJIutxKTirf6Vfgut0nWngJpUi','BOCAGRANDE AV SAN MARTIN 6-50 LOCAL E',0,'',NULL,NULL,NULL,NULL),(78,NULL,'TURISMO EN MEDELLIN',NULL,NULL,NULL,0,NULL,NULL,NULL,1,1),(79,NULL,'TURIBUS',NULL,NULL,NULL,0,NULL,NULL,NULL,1,1),(80,NULL,'AGENCIA ROSA NEGRA',NULL,NULL,NULL,0,NULL,NULL,NULL,1,1),(81,NULL,'AIR PANAMA ',NULL,NULL,NULL,0,NULL,NULL,NULL,1,1),(82,'1042968733	','FREDDY ANTONIO FLOREZ ARAUJO','Freddyantoniodj@gmail.com',NULL,'SAN ANDRES',1,NULL,NULL,NULL,1,1),(83,'18008206-2','PARASAIL ','marineparasail@gmail.com ','$2y$10$XmZCb/vr0JK00DEP60/UFueXJ1INXc2/75pWBUYfFwQjd00O.fBh2','Muelle cotton Cay al frente de la Policia',0,'Marine Para sail ','3118837174','3118837174',1,1),(84,NULL,'IANCOLOMBIAEXPERIENCE','iancolombiaexperience@gmail.com','$2y$10$BrA0Fu2rFPx2/iHjSuPqZOaZVWJJpN5PF/2cvojVcGYkw5tE.6MkC','ccial Nao local 14 y 38',0,'IAN COLOMBIA','3002138256','311',1,1),(85,'900217209-1','PASADIA COCOTERA BEACH','cocoterabeach@gmail.com ','$2y$10$Xcs6xj5wI1ItLjrTT6EzAeB4LqanDOMWBP3sSXfUCCR8OC8/7dIM.','Isla Grande',0,'COCOTERA BEACH','+57 304 441 8371 ','+57 304 2911200',0,0),(86,'900890738','PASADIA COCOLISO ISLAND RESORT',NULL,'$2y$10$F/AhF5PGeolKc0ER8p7fOOzqr1c9xNAEJPam/aR/IhehiHow319gW','ISLA GRANDE',0,'TRANSPORTE AQUA','3164658850',NULL,NULL,1),(87,'901524633-1','WALA BEACH',NULL,'$2y$10$92xF5A7nHIgZfbLWTVl8VujcUgkdfNug6WTOHbBK4qcH2r/ivm70i','Calle 1A #1-70, sector el laguito',0,'Grupo Romara sas','104396913','3122572635',1,1),(93,'3128579080','ESCUELA DE BUCEO ATALAYA',NULL,'$2y$10$gb3/hxtjPPhW9ikHG5yMoeV7jQ3rZ1r.7w.ItFFaOs7kA55Fvk5bO','PLAYA TRANQUILA BARU',0,'',NULL,NULL,NULL,NULL),(95,NULL,'MORGAN TOURS',NULL,'$2y$10$09B/7QOcQLL0AwB/TpfOeeT3kuWxLiehYZXGjCjvqyg6ZSxtrvDNq',NULL,0,'',NULL,NULL,NULL,NULL),(97,'33154418-6','PORTO BLUE MOON','Sharitmf1992@gmail.com','$2y$10$BS8xQKkZt0pIUK4.QNicMe0sFd4gwQEe3lixVGaQX9DhCYK375sBi','Punta Arenas calle principa',0,'EL PIRATA ','3007022845  ','302412810',0,1),(98,'94373000','KALINAGO TRAVEL','frank@kalinago.com','$2y$10$wHDmhCZgXbcV1WWBvYr3BOF93B7ky.CiBOL2qagZvPxFgy2H9e7tu',NULL,0,'KALINAGO TRAVEL','3218340596','3218340596',0,1),(99,NULL,'OMAR MERCADO','frank@kalinagotravel.com',NULL,'Baru playa Blanca',0,NULL,NULL,NULL,0,0),(100,'901153020 - 2','AFRONAUTICA','afronauticacartagena@gmail.com',NULL,'playa trnquila baru',0,NULL,NULL,NULL,0,0),(101,'11044103074-1','ARMA TU MOCHILA.COM','armatumochila.com@gmail.com',NULL,'cartagena',0,NULL,NULL,NULL,0,0),(102,'901096088 - 8','SERMARKT SAS','Sermarkt.gerencia@gmail.com',NULL,'CRA 65 # 10B-63 SAN PEDRO MARTIR',0,NULL,NULL,NULL,0,0),(103,'900610518 - 5','DESPEGAR.COM','administrativoco@despegar.com',NULL,'CR 106 NO. 15 A 25 MZ 15 BG 101',0,'DESPEGAR COLOMBIA ','60164615192','6016461590',0,0),(104,'111111111','ARBOLEDA PRUEBAS','iv3ns@outlook.com',NULL,'A',0,'ARBOLEDA PRUEBAS','A','A',0,0),(105,NULL,NULL,NULL,NULL,NULL,0,NULL,NULL,NULL,0,0),(106,'901251140-8','viajando y gozando','ejecutivo3@agenciaviajandoygozando.com',NULL,'ccial estacion clo local b107',0,'viajando y gozando','+576023844042','+573118440623',0,0),(107,'999999','parqueaderos d baru',NULL,NULL,'playa blanca baru entrada dos',0,NULL,NULL,NULL,0,0),(108,NULL,'RENTS FOR 365',NULL,NULL,NULL,0,NULL,NULL,NULL,0,0),(109,NULL,NULL,NULL,NULL,NULL,0,NULL,NULL,NULL,0,0),(110,'901326841-6','JET SAMRT',NULL,NULL,'CARRERA 7 # 71 - 52 OF 706. BOGOTA ',0,'JET SMART','6013489581',NULL,0,0),(111,'999999999','RENTS365',NULL,NULL,NULL,0,'JHONY CAMPAZ','+57 301 5471923',NULL,0,0);
/*!40000 ALTER TABLE `proveedores` ENABLE KEYS */;
UNLOCK TABLES;

--
-- Table structure for table `recibos_caja`
--

DROP TABLE IF EXISTS `recibos_caja`;
/*!40101 SET @saved_cs_client     = @@character_set_client */;
/*!40101 SET character_set_client = utf8 */;
CREATE TABLE `recibos_caja` (
  `id_recibo_caja` int(11) NOT NULL AUTO_INCREMENT,
  `fecha_reg` datetime NOT NULL,
  `id_soporte` int(11) NOT NULL,
  `id_sucursal` int(11) DEFAULT NULL,
  `numero_recibo` text NOT NULL,
  `tipo_ingreso` int(11) NOT NULL,
  `id_cuadre_caja` int(11) DEFAULT NULL,
  PRIMARY KEY (`id_recibo_caja`),
  KEY `id_soporte` (`id_soporte`),
  KEY `id_sucursal` (`id_sucursal`),
  CONSTRAINT `recibos_caja_ibfk_1` FOREIGN KEY (`id_soporte`) REFERENCES `soportes_reservas` (`id_soporte`) ON DELETE CASCADE ON UPDATE CASCADE,
  CONSTRAINT `recibos_caja_ibfk_2` FOREIGN KEY (`id_sucursal`) REFERENCES `sucursales` (`id_sucursal`) ON DELETE CASCADE ON UPDATE SET NULL
) ENGINE=InnoDB AUTO_INCREMENT=35 DEFAULT CHARSET=utf8;
/*!40101 SET character_set_client = @saved_cs_client */;

--
-- Dumping data for table `recibos_caja`
--

LOCK TABLES `recibos_caja` WRITE;
/*!40000 ALTER TABLE `recibos_caja` DISABLE KEYS */;
INSERT INTO `recibos_caja` VALUES (4,'2022-05-24 11:16:29',6,1,'CTG001RC',1,NULL),(6,'2022-05-26 13:49:05',10,1,'CTG002RC',2,NULL),(7,'2022-05-28 09:56:21',11,1,'CTG003RC',1,NULL),(9,'2022-05-31 16:22:48',15,1,'CTG004RC',1,NULL),(10,'2022-06-02 15:43:50',19,1,'CTG005RC',1,NULL),(11,'2022-06-02 15:45:29',20,1,'CTG006RC',1,NULL),(12,'2022-06-02 15:54:22',21,1,'CTG007RC',1,NULL),(13,'2022-06-03 21:24:12',22,1,'CTG008RC',1,NULL),(15,'2022-06-17 13:26:13',30,1,'CTG009RC',1,NULL),(16,'2022-06-17 15:42:11',33,1,'CTG0010RC',1,NULL),(17,'2022-06-17 19:28:33',35,1,'CTG0011RC',1,NULL),(18,'2022-06-20 23:09:37',39,1,'CTG0012RC',1,NULL),(19,'2022-06-21 16:23:05',41,1,'CTG0013RC',1,NULL),(20,'2022-06-23 07:42:52',42,1,'CTG0014RC',1,NULL),(21,'2022-06-23 14:42:13',43,1,'CTG0015RC',1,NULL),(22,'2022-06-23 15:32:28',44,1,'CTG0016RC',1,NULL),(23,'2022-06-23 16:38:55',45,1,'CTG0017RC',1,NULL),(24,'2022-06-23 17:11:54',46,1,'CTG0018RC',1,NULL),(25,'2022-06-24 20:51:02',49,1,'CTG0019RC',1,NULL),(26,'2022-06-24 20:54:21',50,1,'CTG0020RC',1,NULL),(27,'2022-06-28 18:20:04',55,1,'CTG0021RC',1,NULL),(28,'2022-06-28 18:21:14',56,1,'CTG0022RC',1,NULL),(29,'2022-06-28 18:24:43',57,1,'CTG0023RC',1,NULL),(30,'2022-06-28 18:27:18',58,1,'CTG0024RC',1,NULL),(31,'2022-06-28 18:28:44',59,1,'CTG0025RC',1,NULL),(32,'2022-06-28 18:30:28',60,1,'CTG0026RC',1,NULL),(33,'2022-07-04 21:18:44',64,1,'CTG0027RC',1,NULL),(34,'2022-07-10 08:44:17',68,1,'CTG0028RC',1,NULL);
/*!40000 ALTER TABLE `recibos_caja` ENABLE KEYS */;
UNLOCK TABLES;

--
-- Table structure for table `reserva_actividades`
--

DROP TABLE IF EXISTS `reserva_actividades`;
/*!40101 SET @saved_cs_client     = @@character_set_client */;
/*!40101 SET character_set_client = utf8 */;
CREATE TABLE `reserva_actividades` (
  `id_reserva_actividad` int(11) NOT NULL AUTO_INCREMENT,
  `id_reserva_servicio` int(11) DEFAULT NULL,
  `id_modalidad` int(11) DEFAULT NULL,
  `id_proveedor` int(11) DEFAULT NULL,
  `pax_adultos` int(11) DEFAULT NULL,
  `pax_ninos` int(11) DEFAULT NULL,
  `pax_infantes` int(11) DEFAULT NULL,
  `fecha_ida` date DEFAULT NULL,
  `fecha_regreso` date DEFAULT NULL,
  `fecha_actividad` date DEFAULT NULL,
  `comentarios` text DEFAULT NULL,
  `hotel` varchar(45) DEFAULT NULL,
  PRIMARY KEY (`id_reserva_actividad`),
  KEY `id_reserva_servicio` (`id_reserva_servicio`),
  KEY `id_modalidad` (`id_modalidad`),
  CONSTRAINT `reserva_actividades_ibfk_1` FOREIGN KEY (`id_reserva_servicio`) REFERENCES `reserva_servicios` (`id_reserva_servicio`) ON DELETE CASCADE ON UPDATE CASCADE
) ENGINE=InnoDB AUTO_INCREMENT=81 DEFAULT CHARSET=utf8;
/*!40101 SET character_set_client = @saved_cs_client */;

--
-- Dumping data for table `reserva_actividades`
--

LOCK TABLES `reserva_actividades` WRITE;
/*!40000 ALTER TABLE `reserva_actividades` DISABLE KEYS */;
INSERT INTO `reserva_actividades` VALUES (30,53,169,NULL,5,1,0,NULL,NULL,'2022-05-30',NULL,'Edificio los delfines'),(34,64,206,NULL,7,0,0,NULL,NULL,'2022-06-04',NULL,'hostal Maloka'),(38,78,169,NULL,2,0,0,NULL,NULL,'2022-06-18',NULL,'DUBAI'),(39,79,310,NULL,2,0,0,NULL,NULL,'2022-06-19',NULL,'DUBAI'),(40,82,169,NULL,4,2,0,NULL,NULL,'2022-07-02',NULL,'HOTEL CARIBE FARANDA GRAN'),(41,83,310,NULL,4,2,0,NULL,NULL,'2022-07-03',NULL,'HOTEL CARIBE FARANDA GRAN'),(42,86,310,NULL,2,0,0,NULL,NULL,'2022-06-25',NULL,'pendiente'),(43,87,169,NULL,2,0,0,NULL,NULL,'2022-06-26',NULL,'pendiente'),(44,94,309,NULL,4,1,0,NULL,NULL,'2022-06-18',NULL,'decameron baru'),(45,95,169,NULL,2,0,1,NULL,NULL,'2022-06-18',NULL,'Edificio marina del Rey.'),(46,98,310,NULL,2,1,0,NULL,NULL,'2022-07-15',NULL,': HOTEL DUBAI'),(47,99,169,NULL,2,1,0,NULL,NULL,'2022-07-16',NULL,': HOTEL DUBAI'),(48,102,206,NULL,2,0,0,NULL,NULL,'2022-06-21',NULL,'hotel dubai'),(49,108,260,NULL,3,0,0,NULL,NULL,'2022-06-23',NULL,'HOTEL CARTAGENA PREMIUM'),(50,109,21,NULL,2,0,0,NULL,NULL,'2022-06-23',NULL,'na'),(51,110,21,NULL,1,0,0,NULL,NULL,'2022-06-24',NULL,'NO APLICA '),(52,111,21,NULL,1,0,0,NULL,NULL,'2022-06-24',NULL,'NO APLICA '),(53,112,21,NULL,1,0,0,NULL,NULL,'2022-06-24',NULL,'NO APLICA '),(54,115,21,NULL,4,0,0,NULL,NULL,'2022-06-24',NULL,'NO APLICA '),(55,116,169,NULL,4,0,0,NULL,NULL,'2022-06-24',NULL,'el laguito'),(56,117,206,NULL,4,0,0,NULL,NULL,'2022-06-25',NULL,'el laguito'),(57,121,249,NULL,7,0,0,NULL,NULL,'2022-06-27',NULL,'conquistador'),(58,122,309,NULL,7,0,0,NULL,NULL,'2022-06-28',NULL,'conquistador'),(59,127,169,NULL,2,1,0,NULL,NULL,'2022-07-04',NULL,'hotel christoforo colombia '),(64,138,309,NULL,4,0,0,NULL,NULL,'2022-07-02',NULL,'CARIBE FARANDA'),(65,139,169,NULL,4,0,0,NULL,NULL,'2022-07-03',NULL,'CARIBE FARANDA'),(67,143,21,NULL,1,0,0,NULL,NULL,'2022-07-01',NULL,'NO APLICA '),(68,144,21,NULL,1,0,0,NULL,NULL,'2022-07-02',NULL,'NO APLICA '),(69,149,140,NULL,8,0,0,NULL,NULL,'2022-07-07',NULL,'APARTAMENTO LOS MORROS '),(70,156,169,NULL,4,0,0,NULL,NULL,'2022-07-08',NULL,'TERMINAL TRANSPORTE CTG'),(71,159,249,NULL,2,0,0,NULL,NULL,'2022-07-10',NULL,'HOTEL DORADO PLAZA'),(72,160,309,NULL,2,0,0,NULL,NULL,'2022-07-11',NULL,'HOTEL DORADO PLAZA'),(73,161,169,NULL,7,0,0,NULL,NULL,'2022-07-09',NULL,'NO APLICA'),(74,167,309,NULL,2,0,0,NULL,NULL,'2022-07-15',NULL,'CARIBE BY FARANDA'),(75,168,249,NULL,2,0,0,NULL,NULL,'2022-07-16',NULL,'CARIBE BY FARANDA'),(76,171,309,NULL,2,0,0,NULL,NULL,'2022-07-15',NULL,'HOTEL DUBAI CARTAGENA'),(77,172,169,NULL,2,0,0,NULL,NULL,'2022-07-16',NULL,'HOTEL DUBAI CARTAGENA');
/*!40000 ALTER TABLE `reserva_actividades` ENABLE KEYS */;
UNLOCK TABLES;

--
-- Table structure for table `reserva_descuentos`
--

DROP TABLE IF EXISTS `reserva_descuentos`;
/*!40101 SET @saved_cs_client     = @@character_set_client */;
/*!40101 SET character_set_client = utf8 */;
CREATE TABLE `reserva_descuentos` (
  `id_descuento_reserva` int(11) NOT NULL AUTO_INCREMENT,
  `id_reserva_servicio` int(11) NOT NULL,
  `id_usuario` int(11) NOT NULL,
  `fecha_reg` datetime NOT NULL,
  `valor_descuento` double NOT NULL,
  `general` int(11) DEFAULT 0 COMMENT '1- Si 0-No',
  PRIMARY KEY (`id_descuento_reserva`),
  KEY `id_asesor` (`id_usuario`),
  KEY `reserva_descuentos_ibfk_1` (`id_reserva_servicio`),
  CONSTRAINT `reserva_descuentos_ibfk_1` FOREIGN KEY (`id_reserva_servicio`) REFERENCES `reserva_servicios` (`id_reserva_servicio`) ON DELETE CASCADE ON UPDATE CASCADE,
  CONSTRAINT `reserva_descuentos_ibfk_2` FOREIGN KEY (`id_usuario`) REFERENCES `usuarios` (`id_usuario`) ON DELETE CASCADE ON UPDATE CASCADE
) ENGINE=InnoDB AUTO_INCREMENT=92 DEFAULT CHARSET=utf8;
/*!40101 SET character_set_client = @saved_cs_client */;

--
-- Dumping data for table `reserva_descuentos`
--

LOCK TABLES `reserva_descuentos` WRITE;
/*!40000 ALTER TABLE `reserva_descuentos` DISABLE KEYS */;
INSERT INTO `reserva_descuentos` VALUES (13,52,10,'2022-05-29 05:57:14',47000,1),(15,53,10,'2022-05-29 22:57:39',-167500,1),(16,61,10,'2022-06-01 17:54:30',47000,1),(18,62,10,'2022-06-01 18:35:49',15000,1),(19,63,10,'2022-06-02 15:29:20',-209000,1),(20,64,10,'2022-06-03 20:15:31',70000,1),(21,65,10,'2022-06-04 14:37:34',-20000,1),(26,76,10,'2022-06-15 18:39:53',13000,1),(27,77,10,'2022-06-15 18:39:53',13000,1),(28,78,10,'2022-06-15 18:39:54',13000,1),(29,79,10,'2022-06-15 18:39:54',13000,1),(30,84,10,'2022-06-15 19:40:08',13000,1),(31,85,10,'2022-06-15 19:40:08',13000,1),(32,86,10,'2022-06-15 19:40:08',13000,1),(33,87,10,'2022-06-15 19:40:08',13000,1),(34,80,10,'2022-06-15 19:40:39',39000,1),(35,81,10,'2022-06-15 19:40:39',39000,1),(36,82,10,'2022-06-15 19:40:39',39000,1),(37,83,10,'2022-06-15 19:40:39',39000,1),(39,90,10,'2022-06-17 11:52:42',-2000,1),(40,91,10,'2022-06-17 13:25:42',165000,1),(41,92,10,'2022-06-17 13:25:42',165000,1),(42,93,10,'2022-06-17 14:15:49',-2500,1),(43,94,10,'2022-06-17 14:15:49',-2500,1),(44,96,10,'2022-06-18 13:55:38',19500,1),(45,97,10,'2022-06-18 13:55:38',19500,1),(46,98,10,'2022-06-18 13:55:38',19500,1),(47,99,10,'2022-06-18 13:55:38',19500,1),(48,102,10,'2022-06-20 22:51:57',20000,1),(49,109,10,'2022-06-23 14:41:41',90000,1),(50,111,10,'2022-06-23 16:34:49',45000,1),(51,112,10,'2022-06-23 17:11:18',45000,1),(52,114,10,'2022-06-23 18:57:15',35999,1),(53,113,10,'2022-06-23 18:58:09',35999,1),(54,115,10,'2022-06-24 20:48:33',260000,1),(55,121,11,'2022-06-27 21:02:36',476000,1),(56,122,10,'2022-06-28 18:20:51',175000,1),(57,125,10,'2022-06-28 18:27:03',-12000,1),(58,124,10,'2022-06-28 18:28:31',-10000,1),(59,123,10,'2022-06-28 18:29:50',-10000,1),(60,127,10,'2022-06-30 15:43:03',31534,1),(65,136,10,'2022-06-30 15:48:39',24500,1),(66,137,10,'2022-06-30 15:48:39',24500,1),(67,138,10,'2022-06-30 15:48:39',24500,1),(68,139,10,'2022-06-30 15:48:39',24500,1),(69,144,10,'2022-07-01 17:14:14',109995,1),(70,145,10,'2022-07-04 21:17:39',-6000,1),(71,146,10,'2022-07-04 21:17:39',-6000,1),(72,148,10,'2022-07-08 07:31:23',20500,1),(73,149,10,'2022-07-08 07:31:23',20500,1),(74,150,10,'2022-07-08 07:31:23',20500,1),(75,151,10,'2022-07-08 07:31:23',20500,1),(76,152,10,'2022-07-08 07:31:23',20500,1),(77,153,10,'2022-07-08 07:31:23',20500,1),(78,154,10,'2022-07-08 07:31:23',20500,1),(79,155,10,'2022-07-08 07:31:23',20500,1),(80,157,10,'2022-07-08 18:42:24',37750,1),(81,158,10,'2022-07-08 18:42:24',37750,1),(82,159,10,'2022-07-08 18:42:24',37750,1),(83,160,10,'2022-07-08 18:42:24',37750,1),(84,165,10,'2022-07-13 19:50:34',57750,1),(85,166,10,'2022-07-13 19:50:34',57750,1),(86,167,10,'2022-07-13 19:50:34',57750,1),(87,168,10,'2022-07-13 19:50:34',57750,1),(88,169,10,'2022-07-14 21:40:11',22750,1),(89,170,10,'2022-07-14 21:40:11',22750,1),(90,171,10,'2022-07-14 21:40:11',22750,1),(91,172,10,'2022-07-14 21:40:11',22750,1);
/*!40000 ALTER TABLE `reserva_descuentos` ENABLE KEYS */;
UNLOCK TABLES;

--
-- Table structure for table `reserva_hoteles`
--

DROP TABLE IF EXISTS `reserva_hoteles`;
/*!40101 SET @saved_cs_client     = @@character_set_client */;
/*!40101 SET character_set_client = utf8 */;
CREATE TABLE `reserva_hoteles` (
  `id_reserva_hotel` int(11) NOT NULL AUTO_INCREMENT,
  `id_reserva_servicio` int(11) NOT NULL,
  `pax_adultos` int(11) NOT NULL,
  `pax_ninos` int(11) NOT NULL,
  `pax_infantes` int(11) NOT NULL,
  `fecha_in` date NOT NULL,
  `fecha_out` date NOT NULL,
  `descripcion` text NOT NULL,
  PRIMARY KEY (`id_reserva_hotel`),
  KEY `id_reserva_servicio` (`id_reserva_servicio`),
  CONSTRAINT `reserva_hoteles_ibfk_1` FOREIGN KEY (`id_reserva_servicio`) REFERENCES `reserva_servicios` (`id_reserva_servicio`) ON DELETE CASCADE ON UPDATE CASCADE
) ENGINE=InnoDB DEFAULT CHARSET=utf8;
/*!40101 SET character_set_client = @saved_cs_client */;

--
-- Dumping data for table `reserva_hoteles`
--

LOCK TABLES `reserva_hoteles` WRITE;
/*!40000 ALTER TABLE `reserva_hoteles` DISABLE KEYS */;
/*!40000 ALTER TABLE `reserva_hoteles` ENABLE KEYS */;
UNLOCK TABLES;

--
-- Table structure for table `reserva_servicios`
--

DROP TABLE IF EXISTS `reserva_servicios`;
/*!40101 SET @saved_cs_client     = @@character_set_client */;
/*!40101 SET character_set_client = utf8 */;
CREATE TABLE `reserva_servicios` (
  `id_reserva_servicio` int(11) NOT NULL AUTO_INCREMENT,
  `id_reserva` int(11) DEFAULT NULL,
  `id_servicio` int(11) DEFAULT NULL,
  `tipo_reserva` int(11) DEFAULT NULL COMMENT '1-Actividades 2-Hoteles 3-Tiquetes 4-Traslados 5-Otros',
  `id_cliente` int(11) DEFAULT NULL,
  `id_pasajero` int(11) DEFAULT NULL,
  `cod_voucher` text DEFAULT NULL,
  `cod_confirmacion` text DEFAULT NULL,
  `venta_adulto` double DEFAULT NULL,
  `venta_nino` double DEFAULT NULL,
  `venta_infante` double DEFAULT NULL,
  `estado` int(11) DEFAULT NULL COMMENT '1-Pendiente 2-Aprobada 3-Anulada',
  `fecha_aprobado` datetime DEFAULT NULL,
  `observaciones_voucher` text DEFAULT NULL,
  PRIMARY KEY (`id_reserva_servicio`),
  KEY `id_reserva` (`id_reserva`),
  KEY `id_servicio` (`id_servicio`),
  KEY `id_cliente` (`id_cliente`),
  KEY `id_pasajero` (`id_pasajero`),
  CONSTRAINT `reserva_servicios_ibfk_1` FOREIGN KEY (`id_reserva`) REFERENCES `reservas` (`id_reserva`) ON DELETE CASCADE ON UPDATE CASCADE,
  CONSTRAINT `reserva_servicios_ibfk_2` FOREIGN KEY (`id_servicio`) REFERENCES `servicios` (`id_servicio`) ON UPDATE CASCADE,
  CONSTRAINT `reserva_servicios_ibfk_3` FOREIGN KEY (`id_cliente`) REFERENCES `clientes` (`id_cliente`) ON UPDATE CASCADE,
  CONSTRAINT `reserva_servicios_ibfk_4` FOREIGN KEY (`id_pasajero`) REFERENCES `pasajeros` (`id_pasajero`) ON DELETE SET NULL ON UPDATE CASCADE
) ENGINE=InnoDB AUTO_INCREMENT=180 DEFAULT CHARSET=utf8;
/*!40101 SET character_set_client = @saved_cs_client */;

--
-- Dumping data for table `reserva_servicios`
--

LOCK TABLES `reserva_servicios` WRITE;
/*!40000 ALTER TABLE `reserva_servicios` DISABLE KEYS */;
INSERT INTO `reserva_servicios` VALUES (27,18,NULL,3,5,NULL,'W1017','628D04DD21599',645000,NULL,0,2,'2022-05-24 00:00:00',NULL),(44,27,NULL,5,7,NULL,'W1025','628FCBA200ADE',30000,0,0,2,'2022-05-26 00:00:00',NULL),(49,29,NULL,5,9,NULL,'W1026','629238152FCAF',50000,50000,50000,2,'2022-05-28 00:00:00',NULL),(52,32,229,4,10,NULL,'W1035','6299237E9467F',12000,12000,0,2,'2022-06-02 00:00:00',NULL),(53,33,169,1,10,NULL,'W1029','629440E9D03E0',5500,45000,0,2,'2022-05-29 00:00:00',NULL),(58,37,NULL,5,12,NULL,'W1030','62968728A7E28',326500,0,0,2,'2022-05-31 00:00:00',NULL),(61,40,248,4,10,NULL,'W1034','629921060728D',12000,12000,0,2,'2022-06-02 00:00:00',NULL),(62,41,229,4,13,22,'W1032','6297F4715407E',10500,10500,0,2,'2022-06-01 00:00:00',NULL),(63,42,248,4,13,23,'W1033','62991DBD11764',10500,10500,0,2,'2022-06-02 00:00:00',NULL),(64,43,206,1,14,NULL,'W1036','629AC24C14AC3',60000,40000,0,2,'2022-06-03 00:00:00','Preguntar en playa de hospital de bocagrande por el señor LITER'),(65,45,288,4,16,25,'W1038','629BB48E19D77',20000,20000,0,2,'2022-06-04 00:00:00',NULL),(76,50,229,4,17,28,'W1049','62ABBB5070BE1',10500,10500,0,2,'2022-06-16 00:00:00',NULL),(77,50,248,4,17,28,'W1050','62ABBB50714F0',10500,10500,0,2,'2022-06-16 00:00:00',NULL),(78,50,169,1,17,28,'W1051','62ABBB5071C6C',30000,30000,0,2,'2022-06-16 00:00:00',NULL),(79,50,140,1,17,28,'W1052','62ABBB5072656',30000,30000,0,2,'2022-06-16 00:00:00',NULL),(80,51,229,4,17,29,'W1045','62ABBA5D73DBF',10500,10500,0,2,'2022-06-16 00:00:00',NULL),(81,51,248,4,17,29,'W1046','62ABBA5D7469E',10500,10500,0,2,'2022-06-16 00:00:00',NULL),(82,51,169,1,17,29,'W1047','62ABBA5D74E9F',30000,30000,0,2,'2022-06-16 00:00:00',NULL),(83,51,140,1,17,29,'W1048','62ABBA5D759A6',30000,30000,0,2,'2022-06-16 00:00:00',NULL),(84,52,229,4,17,30,'W1041','62ABB9EC00AD8',10500,10500,0,2,'2022-06-16 00:00:00',NULL),(85,52,248,4,17,30,'W1042','62ABB9EC0141D',10500,10500,0,2,'2022-06-16 00:00:00',NULL),(86,52,140,1,17,30,'W1043','62ABB9EC01C20',30000,30000,0,2,'2022-06-16 00:00:00',NULL),(87,52,169,1,17,30,'W1044','62ABB9EC024B7',30000,30000,0,2,'2022-06-16 00:00:00',NULL),(89,54,NULL,5,19,NULL,'W1058','62AD09E388F96',240000,240000,0,2,'2022-06-17 00:00:00',NULL),(90,55,229,4,13,32,'W1055','62ACC8B280D3D',10500,10500,0,2,'2022-06-17 00:00:00',NULL),(91,56,257,4,20,33,'W1053','62ACC7450473A',37000,37000,0,2,'2022-06-17 00:00:00',NULL),(92,56,258,4,20,33,'W1054','62ACC74504F15',37000,37000,0,2,'2022-06-17 00:00:00',NULL),(93,57,276,4,21,NULL,'W1056','62ACD3325014D',35000,35000,0,2,'2022-06-17 00:00:00',NULL),(94,57,140,1,21,NULL,'W1057','62ACD33250C5A',55000,50000,0,2,'2022-06-17 00:00:00',NULL),(95,58,169,1,22,NULL,'W1059','62AD1C314FEFF',50000,45000,0,2,'2022-06-17 00:00:00',NULL),(96,59,229,4,17,34,'W1060','62AE2003E03EE',10500,10500,0,2,'2022-06-18 00:00:00',NULL),(97,59,248,4,17,34,'W1061','62AE2003E0D50',10500,10500,0,2,'2022-06-18 00:00:00',NULL),(98,59,140,1,17,34,'W1062','62AE2003E1599',30000,30000,0,2,'2022-06-18 00:00:00',NULL),(99,59,169,1,17,34,'W1063','62AE2003E1DF8',30000,30000,0,2,'2022-06-18 00:00:00',NULL),(100,60,229,4,23,NULL,'W1064','62AE27D196722',12000,12000,0,2,'2022-06-18 00:00:00',NULL),(101,61,248,4,13,35,'W1065','62B1269D1B0CF',10500,10500,0,2,'2022-06-20 00:00:00',NULL),(102,62,206,1,24,NULL,'W1066','62B14481C763D',60000,50000,0,2,'2022-06-20 00:00:00',NULL),(103,63,258,4,13,36,'W1067','62B1482CD1AF5',37000,37000,0,2,'2022-06-20 00:00:00',NULL),(106,66,NULL,5,25,NULL,'W1068','62B236B9549BE',105000,105000,105000,2,'2022-06-21 00:00:00',NULL),(108,68,74,1,27,NULL,'W1069','62B45FCC965B8',90000,70000,NULL,2,'2022-06-23 00:00:00',NULL),(109,69,21,1,28,NULL,'W1070','62B4C215F0D01',150000,150000,150000,2,'2022-06-23 00:00:00',NULL),(110,70,21,1,26,NULL,'W1071','62B4CDDCA4478',150000,150000,150000,2,'2022-06-23 00:00:00',NULL),(111,71,21,1,29,NULL,'W1072','62B4DD6FAE1E5',150000,150000,150000,2,'2022-06-23 00:00:00',NULL),(112,72,21,1,30,NULL,'W1073','62B4E52AEF05F',150000,150000,150000,2,'2022-06-23 00:00:00',NULL),(113,73,229,4,31,NULL,'W1075','62B4FE18D5040',12000,12000,0,2,'2022-06-23 00:00:00',NULL),(114,74,248,4,31,NULL,'W1074','62B4FDE27D3D6',12000,12000,0,2,'2022-06-23 00:00:00',NULL),(115,75,21,1,32,NULL,'W1076','62B66A066290A',150000,150000,150000,2,'2022-06-24 00:00:00',NULL),(116,76,169,1,34,NULL,'W1077','62B66ACDCC84A',50000,45000,0,2,'2022-06-24 00:00:00',NULL),(117,77,206,1,34,NULL,'W1078','62B680309AEBF',60000,50000,0,2,'2022-06-24 00:00:00',NULL),(118,78,229,4,35,NULL,'W1079','62B7E9B1691B4',12000,12000,0,2,'2022-06-26 00:00:00',NULL),(119,79,229,4,36,NULL,'W1080','62B7EA7037841',12000,12000,0,2,'2022-06-26 00:00:00',NULL),(120,80,248,4,37,NULL,'W1081','62B7EA8E30802',12000,12000,0,2,'2022-06-26 00:00:00',NULL),(121,81,169,1,37,NULL,'W1082','62BB8CA42313A',128000,120000,0,2,'2022-06-28 00:00:00',NULL),(122,82,140,1,37,NULL,'W1083','62BB8CEA58918',55000,50000,0,2,'2022-06-28 00:00:00',NULL),(123,83,248,4,37,NULL,'W1087','62BB8F14342BE',12000,12000,0,2,'2022-06-28 00:00:00',NULL),(124,84,248,4,39,NULL,'W1086','62BB8EAC4264C',12000,12000,0,2,'2022-06-28 00:00:00',NULL),(125,85,248,4,37,NULL,'W1085','62BB8E564080B',12000,12000,0,2,'2022-06-28 00:00:00',NULL),(126,86,248,4,38,NULL,'W1084','62BB8DBBD1373',12000,12000,0,2,'2022-06-28 00:00:00',NULL),(127,87,169,1,40,NULL,'W1088','62BE0BBCD187B',50000,45000,0,2,'2022-06-30 00:00:00',NULL),(136,90,250,4,17,39,'W1089','62BE0C45911F7',NULL,NULL,NULL,2,'2022-06-30 00:00:00',NULL),(137,90,252,4,17,39,'W1090','62BE0C4591A09',NULL,NULL,NULL,2,'2022-06-30 00:00:00',NULL),(138,90,140,1,17,39,'W1091','62BE0C4592191',49500,47000,0,2,'2022-06-30 00:00:00',NULL),(139,90,169,1,17,39,'W1092','62BE0C4592C23',30000,30000,0,2,'2022-06-30 00:00:00',NULL),(141,92,NULL,3,42,NULL,NULL,NULL,170000,NULL,0,1,NULL,NULL),(142,93,NULL,3,33,NULL,NULL,NULL,1874000,NULL,0,1,NULL,NULL),(143,94,21,1,43,NULL,NULL,NULL,150000,150000,150000,1,NULL,NULL),(144,95,21,1,44,NULL,'W1093','62BF791DE5A11',150000,150000,150000,2,'2022-07-01 00:00:00',NULL),(145,96,229,4,45,NULL,'W1094','62C39F84E3CC4',12000,12000,0,2,'2022-07-04 00:00:00',NULL),(146,96,248,4,45,NULL,'W1095','62C39F84E50E8',12000,12000,0,2,'2022-07-04 00:00:00',NULL),(147,97,NULL,5,46,NULL,NULL,NULL,208333,NULL,NULL,1,NULL,NULL),(148,98,NULL,5,46,NULL,'W1096','62C7D58B0BD58',37500,37500,0,2,'2022-07-08 00:00:00',NULL),(149,98,140,1,46,NULL,'W1097','62C7D58B0C201',80000,60000,0,2,'2022-07-08 00:00:00',NULL),(150,98,260,4,46,NULL,'W1098','62C7D58B0CBBA',7000,7000,0,2,'2022-07-08 00:00:00',NULL),(151,98,260,4,46,NULL,'W1099','62C7D58B0D38C',7000,7000,0,2,'2022-07-08 00:00:00',NULL),(152,98,260,4,46,NULL,'W1100','62C7D58B0DCF0',7000,7000,0,2,'2022-07-08 00:00:00',NULL),(153,98,260,4,46,NULL,'W1101','62C7D58B0E523',7000,7000,0,2,'2022-07-08 00:00:00',NULL),(154,98,254,4,46,NULL,'W1102','62C7D58B0ED43',9000,9000,0,2,'2022-07-08 00:00:00',NULL),(155,98,254,4,46,NULL,'W1103','62C7D58B0F522',9000,9000,0,2,'2022-07-08 00:00:00',NULL),(156,99,169,1,47,NULL,'W1104','62C7D6709A2F6',50000,45000,0,2,'2022-07-08 00:00:00',NULL),(157,100,229,4,17,40,'W1105','62C8C1E905526',10500,10500,0,2,'2022-07-08 00:00:00',NULL),(158,100,248,4,17,40,'W1106','62C8C1E905D45',10500,10500,0,2,'2022-07-08 00:00:00',NULL),(159,100,169,1,17,40,'W1107','62C8C1E9064F8',100000,100000,0,2,'2022-07-08 00:00:00',NULL),(160,100,140,1,17,40,'W1108','62C8C1E906D62',49500,47000,0,2,'2022-07-08 00:00:00',NULL),(161,101,169,1,49,NULL,'W1109','62CAD7B192C05',50000,45000,0,2,'2022-07-10 00:00:00',NULL),(162,101,248,4,49,NULL,'W1110','62CAD7B19366A',12000,12000,0,2,'2022-07-10 00:00:00',NULL),(163,102,NULL,5,51,NULL,NULL,NULL,20000,NULL,NULL,1,NULL,NULL),(164,103,NULL,5,50,NULL,NULL,NULL,85000,80000,NULL,1,NULL,NULL),(165,104,229,4,17,41,'W1111','62CF686A9D9F6',10500,10500,0,2,'2022-07-13 00:00:00',NULL),(166,104,248,4,17,41,'W1112','62CF686A9E1D7',10500,10500,0,2,'2022-07-13 00:00:00',NULL),(167,104,140,1,17,41,'W1113','62CF686A9EABB',49500,47000,0,2,'2022-07-13 00:00:00',NULL),(168,104,169,1,17,41,'W1114','62CF686A9F537',100000,100000,0,2,'2022-07-13 00:00:00',NULL),(169,105,229,4,17,42,'W1115','62D0D3A6F1D8A',10500,10500,0,2,'2022-07-14 00:00:00',NULL),(170,105,248,4,17,42,'W1116','62D0D3A6F25F0',10500,10500,0,2,'2022-07-14 00:00:00',NULL),(171,105,140,1,17,42,'W1117','62D0D3A6F2DF4',49500,47000,0,2,'2022-07-14 00:00:00',NULL),(172,105,169,1,17,42,'W1118','62D0D3A6F37E0',30000,30000,0,2,'2022-07-14 00:00:00',NULL),(173,106,NULL,5,52,NULL,NULL,NULL,9200,NULL,NULL,1,NULL,NULL);
/*!40000 ALTER TABLE `reserva_servicios` ENABLE KEYS */;
UNLOCK TABLES;

--
-- Table structure for table `reserva_servicios_extra`
--

DROP TABLE IF EXISTS `reserva_servicios_extra`;
/*!40101 SET @saved_cs_client     = @@character_set_client */;
/*!40101 SET character_set_client = utf8 */;
CREATE TABLE `reserva_servicios_extra` (
  `id_reserva_servicio_extra` int(11) NOT NULL AUTO_INCREMENT,
  `id_reserva_servicio` int(11) NOT NULL,
  `nombre_servicio` varchar(150) NOT NULL,
  `id_proveedor` int(11) DEFAULT NULL,
  `proveedor` varchar(150) DEFAULT NULL,
  `descripcion` text DEFAULT NULL,
  `neto_adultos` double NOT NULL,
  `neto_ninos` double NOT NULL,
  `neto_infantes` double NOT NULL,
  `venta_adultos` double NOT NULL,
  `venta_ninos` double NOT NULL,
  `venta_infantes` double NOT NULL,
  `pax_adultos` int(11) NOT NULL,
  `pax_ninos` int(11) DEFAULT NULL,
  `pax_infantes` int(11) DEFAULT NULL,
  `direccion_proveedor` text DEFAULT NULL,
  `fecha_actividad` date DEFAULT NULL,
  `hotel` varchar(45) DEFAULT NULL,
  `id_destino` int(11) DEFAULT NULL,
  PRIMARY KEY (`id_reserva_servicio_extra`),
  KEY `id_reserva_servicio` (`id_reserva_servicio`),
  KEY `reserva_servicios_extra_idx_proveedor_idx` (`id_proveedor`),
  CONSTRAINT `reserva_servicios_extra_ibfk_1` FOREIGN KEY (`id_reserva_servicio`) REFERENCES `reserva_servicios` (`id_reserva_servicio`) ON DELETE CASCADE ON UPDATE CASCADE,
  CONSTRAINT `reserva_servicios_extra_idx_proveedor` FOREIGN KEY (`id_proveedor`) REFERENCES `proveedores` (`id_proveedor`) ON DELETE SET NULL ON UPDATE CASCADE
) ENGINE=InnoDB AUTO_INCREMENT=7 DEFAULT CHARSET=utf8;
/*!40101 SET character_set_client = @saved_cs_client */;

--
-- Dumping data for table `reserva_servicios_extra`
--

LOCK TABLES `reserva_servicios_extra` WRITE;
/*!40000 ALTER TABLE `reserva_servicios_extra` DISABLE KEYS */;
INSERT INTO `reserva_servicios_extra` VALUES (1,44,'formatos migratorios mexico colombia salida',NULL,NULL,'formatos migratorios mexico colombia salida',15000,0,0,30000,0,0,1,0,0,NULL,'2022-05-25',NULL,NULL),(2,49,'Transporte volcan',101,'ARMA TU MOCHILA.COM','<p>Transporte volc&aacute;n totumo</p>',50000,0,0,50000,50000,50000,5,0,0,'cartagena','2022-05-28','Capilla del mar',1),(3,58,'DESIERTO DE LA TATACOA',NULL,NULL,'PLAN DSIERTO DE LA TATACOA NEIVA INCLUYE: \nTRANSPORTE TERRESTRE CALI NEIVA CALI\n2 DESAYUNOS\nALOJAMIENTO 01 NOCHE\nRECORRIDO DESIERTO ROJO Y GRIS\nVISITA PICINA DE HOYOS\nNOCHE DE ASTRONIMIA\nASISTENCIA MEDICA\nCOORDINADOR DE VIAJE',288100,0,0,326500,0,0,2,0,0,NULL,'2022-06-03',NULL,NULL),(4,89,'Transporte desde cartagena hacia mompox',101,'ARMA TU MOCHILA.COM','<p>Solo transporte hacia mompox</p>',140000,140000,0,240000,240000,0,2,0,0,'cartagena','2022-06-20','Hostal soy local centro histórico',1),(5,106,'asesoria visa',101,'ARMA TU MOCHILA.COM','<p>asesoria interal de visa para dos personas.</p>',36750,36750,36750,105000,105000,105000,2,0,0,'cartagena','2022-06-21','na',11),(6,148,'SUNSET POR BAHIA LANCHA PRIVADA',108,'RENTS FOR 365','<p>ATRDECER BAHIA PRIVADO</p>',25000,25000,0,37500,37500,0,12,0,0,NULL,'2022-07-07','APARTAMENTO LOS MORROS ',1);
/*!40000 ALTER TABLE `reserva_servicios_extra` ENABLE KEYS */;
UNLOCK TABLES;

--
-- Table structure for table `reserva_tiquetes`
--

DROP TABLE IF EXISTS `reserva_tiquetes`;
/*!40101 SET @saved_cs_client     = @@character_set_client */;
/*!40101 SET character_set_client = utf8 */;
CREATE TABLE `reserva_tiquetes` (
  `id_reserva_tiquete` int(11) NOT NULL AUTO_INCREMENT,
  `id_reserva_servicio` int(11) NOT NULL,
  `pax_adultos` int(11) NOT NULL,
  `pax_ninos` int(11) NOT NULL,
  `pax_infantes` int(11) NOT NULL,
  `comentarios` text DEFAULT NULL,
  PRIMARY KEY (`id_reserva_tiquete`),
  KEY `id_reserva_servicio` (`id_reserva_servicio`),
  CONSTRAINT `reserva_tiquetes_ibfk_1` FOREIGN KEY (`id_reserva_servicio`) REFERENCES `reserva_servicios` (`id_reserva_servicio`) ON DELETE CASCADE ON UPDATE CASCADE
) ENGINE=InnoDB AUTO_INCREMENT=6 DEFAULT CHARSET=utf8;
/*!40101 SET character_set_client = @saved_cs_client */;

--
-- Dumping data for table `reserva_tiquetes`
--

LOCK TABLES `reserva_tiquetes` WRITE;
/*!40000 ALTER TABLE `reserva_tiquetes` DISABLE KEYS */;
INSERT INTO `reserva_tiquetes` VALUES (2,27,2,0,0,NULL),(4,141,2,0,0,NULL),(5,142,2,0,0,NULL);
/*!40000 ALTER TABLE `reserva_tiquetes` ENABLE KEYS */;
UNLOCK TABLES;

--
-- Table structure for table `reserva_tiquetes_itinerario`
--

DROP TABLE IF EXISTS `reserva_tiquetes_itinerario`;
/*!40101 SET @saved_cs_client     = @@character_set_client */;
/*!40101 SET character_set_client = utf8 */;
CREATE TABLE `reserva_tiquetes_itinerario` (
  `id_reserva_itinerario` int(11) NOT NULL AUTO_INCREMENT,
  `id_reserva_tiquete` int(11) NOT NULL,
  `fecha` date NOT NULL,
  `origen` varchar(150) NOT NULL,
  `destino` varchar(150) NOT NULL,
  `aerolinea` varchar(150) NOT NULL,
  `num_vuelo` varchar(150) NOT NULL,
  `cod_reserva` varchar(150) NOT NULL,
  `num_tiquete` varchar(150) NOT NULL,
  `hora_salida` varchar(150) NOT NULL,
  `hora_llegada` varchar(150) NOT NULL,
  PRIMARY KEY (`id_reserva_itinerario`),
  KEY `id_reserva_tiquete` (`id_reserva_tiquete`),
  CONSTRAINT `reserva_tiquetes_itinerario_ibfk_1` FOREIGN KEY (`id_reserva_tiquete`) REFERENCES `reserva_tiquetes` (`id_reserva_tiquete`) ON DELETE CASCADE ON UPDATE CASCADE
) ENGINE=InnoDB AUTO_INCREMENT=15 DEFAULT CHARSET=utf8;
/*!40101 SET character_set_client = @saved_cs_client */;

--
-- Dumping data for table `reserva_tiquetes_itinerario`
--

LOCK TABLES `reserva_tiquetes_itinerario` WRITE;
/*!40000 ALTER TABLE `reserva_tiquetes_itinerario` DISABLE KEYS */;
INSERT INTO `reserva_tiquetes_itinerario` VALUES (5,2,'2022-05-22','CALI','BOGOTA','LA','4064','VKHLPL','0355244200178','00:53','13:49'),(6,2,'2022-05-22','BOGOTA','NEIVA','LA','4332','VKHLPL','0355244200178','16:57','17:54'),(7,2,'2022-05-27','NEIVA','BOGOTA','LA','4333','VKHLPL','0355244200178','17:08','18:04'),(8,2,'2022-05-28','BOGOTA','CALI','LA','4051','VKHLPL','0355244200178','04:35','05:41'),(10,4,'2022-06-26','MEDELLIN','CALI','LATAM','LA4355','JHOUWO','LA358055LRCN','14:16','15:19'),(11,5,'2022-07-17','CALI','SANTIAGO DE CHILE ','JETSMART','JA-651','T3EQ6V','873023013458970','23:07','05:49'),(12,5,'2022-07-24','SANTIAGO DE CHILE ','CALI','JETSMART','JA-650','T3EQ6V','873023013458970','17:17','22:07'),(13,5,'2022-07-17','CALI ','SANTIAGO DE CHILE ','JETSMART','JA-651','T3EQ6V','873023013458971','23:07 ','05:49'),(14,5,'2022-07-24','SANTIAGO DE CHILE','CALI ','JETSMART','JA-650','T3EQ6V','873023013458971','17:17','22:07');
/*!40000 ALTER TABLE `reserva_tiquetes_itinerario` ENABLE KEYS */;
UNLOCK TABLES;

--
-- Table structure for table `reserva_traslados`
--

DROP TABLE IF EXISTS `reserva_traslados`;
/*!40101 SET @saved_cs_client     = @@character_set_client */;
/*!40101 SET character_set_client = utf8 */;
CREATE TABLE `reserva_traslados` (
  `id_reserva_traslado` int(11) NOT NULL AUTO_INCREMENT,
  `id_reserva_servicio` int(11) DEFAULT NULL,
  `id_traslado` int(11) DEFAULT NULL,
  `origen` text DEFAULT NULL,
  `destino` text DEFAULT NULL,
  `pax_adultos` int(11) DEFAULT NULL,
  `pax_ninos` int(11) DEFAULT NULL,
  `pax_infantes` int(11) DEFAULT NULL,
  `fecha_actividad` date DEFAULT NULL,
  `aerolinea` text DEFAULT NULL,
  `numero_vuelo` text DEFAULT NULL,
  `hora_llegada` text DEFAULT NULL,
  `hora_traslado` text DEFAULT NULL,
  `hotel` text DEFAULT NULL,
  `modalidad` varchar(10) DEFAULT NULL,
  `comentarios` text DEFAULT NULL,
  `archivo_tiquete` text DEFAULT NULL,
  `notificacion_cliente` int(11) DEFAULT 0,
  PRIMARY KEY (`id_reserva_traslado`),
  KEY `id_reserva_servicio` (`id_reserva_servicio`),
  KEY `id_modalidad` (`id_traslado`),
  CONSTRAINT `reserva_traslados_ibfk_1` FOREIGN KEY (`id_traslado`) REFERENCES `traslados` (`id_traslado`) ON DELETE CASCADE ON UPDATE CASCADE,
  CONSTRAINT `reserva_traslados_ibfk_2` FOREIGN KEY (`id_reserva_servicio`) REFERENCES `reserva_servicios` (`id_reserva_servicio`) ON DELETE CASCADE ON UPDATE CASCADE
) ENGINE=InnoDB AUTO_INCREMENT=117 DEFAULT CHARSET=utf8;
/*!40101 SET character_set_client = @saved_cs_client */;

--
-- Dumping data for table `reserva_traslados`
--

LOCK TABLES `reserva_traslados` WRITE;
/*!40000 ALTER TABLE `reserva_traslados` DISABLE KEYS */;
INSERT INTO `reserva_traslados` VALUES (11,NULL,NULL,'capilla','CITY TOUR PANORAMICO',1,0,0,'2022-05-22',NULL,NULL,NULL,NULL,'capilla','IN',NULL,NULL,0),(33,52,1,'Aeropuerto Rafael Núñez','Edificio los delfines',6,0,0,'2022-05-30','LA','4242','11:22','11:22','Edificio los delfines','IN',NULL,NULL,0),(34,53,NULL,'Edificio los delfines','TRASPORTE IDA Y REGRESO A PLAYA BLANCA BARU',5,1,0,'2022-05-30',NULL,NULL,NULL,NULL,'Edificio los delfines','IN',NULL,NULL,0),(37,61,14,'edificio los delfines','Aeropuerto Rafael Núñez',6,0,0,'2022-06-02','LA','4249','21:29','20:00','EDIFICIO LOS DELFINES ','OUT',NULL,NULL,0),(38,62,1,'AEROPUERTO','HOTEL DUBAI',8,0,0,'2022-06-01','AV','649','13:00','13:00','Hotel dubay','IN',NULL,'uploads/Captura_de_Pantalla_2022-06-01_a_la(s)_6_18_24_p_m_.png',0),(39,63,14,'dubay','AEROPUERTO',1,0,0,'2022-06-02','la','4664','08:00','08:00','dubay','OUT',NULL,'uploads/Captura_de_Pantalla_2022-06-02_a_la(s)_3_28_05_p_m_.png',0),(40,65,46,'hotel los delfones','decameron baru',4,0,0,'2022-06-04',NULL,NULL,'13:30','13:30','decameron baru','OUT',NULL,NULL,0),(46,76,1,'AEROPUERTO','DUBAI',2,0,0,'2022-06-17','VH','5782','07:08','07:08','DUBAI','IN',NULL,'uploads/Captura_de_Pantalla_2022-06-15_a_la(s)_6_35_59_p_m_.png',0),(47,77,14,'DUBAI','AEROPUERTO',2,0,0,'2022-06-20','VH','5781','14:00','14:00','DUBAI','OUT',NULL,'uploads/Captura_de_Pantalla_2022-06-15_a_la(s)_6_35_59_p_m_1.png',0),(50,80,1,'AEROPUERTO','HOTEL CARIBE FARANDA',4,2,0,'2022-07-01','VH','5782','07:08','07:08','HOTEL CARIBE FARANDA GRAN','IN',NULL,'uploads/Captura_de_Pantalla_2022-06-15_a_la(s)_6_35_59_p_m_2.png',1),(51,81,14,' HOTEL CARIBE FARANDA','AEROPUERTO',4,2,0,'2022-07-04','VH','5781','14:00','10:00','HOTEL CARIBE FARANDA GRAN','OUT',NULL,'uploads/Captura_de_Pantalla_2022-06-15_a_la(s)_6_35_59_p_m_3.png',0),(52,82,NULL,'HOTEL CARIBE FARANDA GRAN','TRASPORTE IDA Y REGRESO A PLAYA BLANCA BARU',4,2,0,'2022-07-02',NULL,NULL,NULL,NULL,'HOTEL CARIBE FARANDA GRAN','IN',NULL,NULL,0),(53,83,NULL,'HOTEL CARIBE FARANDA GRAN','CITY TOUR PANORAMICO',4,2,0,'2022-07-03',NULL,NULL,NULL,NULL,'HOTEL CARIBE FARANDA GRAN','IN',NULL,NULL,0),(54,78,NULL,'DUBAI','TRASPORTE IDA Y REGRESO A PLAYA BLANCA BARU',2,0,0,'2022-06-18',NULL,NULL,NULL,NULL,'DUBAI','IN',NULL,NULL,0),(55,79,NULL,'DUBAI','CITY TOUR PANORAMICO',2,0,0,'2022-06-19',NULL,NULL,NULL,NULL,'DUBAI','IN',NULL,NULL,0),(56,84,1,'AEROPUERTO','pendiente',2,0,0,'2022-06-24','VH','5782','07:08','07:08','HOTEL CARIBE BY FARANDA','IN',NULL,'uploads/Captura_de_Pantalla_2022-06-15_a_la(s)_7_35_14_p_m_.png',0),(57,85,14,'PENDIENTE','AEROPUERTO',2,0,0,'2022-06-27','VH','5781','14:00','14:00','HOTEL CARIBE BY FARANDA','OUT',NULL,'uploads/Captura_de_Pantalla_2022-06-15_a_la(s)_7_35_14_p_m_1.png',0),(58,86,NULL,'pendiente','CITY TOUR PANORAMICO',2,0,0,'2022-06-25',NULL,NULL,NULL,NULL,'pendiente','IN',NULL,NULL,0),(59,87,NULL,'pendiente','TRASPORTE IDA Y REGRESO A PLAYA BLANCA BARU',2,0,0,'2022-06-26',NULL,NULL,NULL,NULL,'pendiente','IN',NULL,NULL,0),(61,90,1,'AEROPUERTO','HOTEL DUBAY',2,0,0,'2022-06-17','AV','0649','12:50','12:50','HOTEL DUBAY','IN',NULL,'uploads/Captura_de_Pantalla_2022-06-17_a_la(s)_11_50_52_a_m_.png',0),(62,91,23,'AEROPUERTO','DECAMERON BARU',4,1,0,'2022-06-17','VH','5654','15:30','15:30','DECAMERON BARU','IN',NULL,'uploads/Captura_de_Pantalla_2022-06-17_a_la(s)_1_17_10_p_m_.png',0),(63,92,24,'DECAMERON BARU','AEROPUERTO',4,1,0,'2022-06-20','VH','5645','10:00','10:00','DECAMERON BARU','OUT',NULL,'uploads/Captura_de_Pantalla_2022-06-17_a_la(s)_1_21_31_p_m_.png',0),(64,93,40,'decameron baru','city tour  panoraico',4,1,0,'2022-06-18',NULL,NULL,NULL,'13:00','decameron baru','OUT',NULL,NULL,0),(65,95,NULL,'Edificio marina del Rey.','TRASPORTE IDA Y REGRESO A PLAYA BLANCA BARU',2,0,1,'2022-06-18',NULL,NULL,NULL,NULL,'Edificio marina del Rey.','IN',NULL,NULL,0),(66,96,1,'AEROPUERTO','hotel dubai',2,1,0,'2022-07-15','VH','5782','07:23','07:23',': HOTEL DUBAI','IN',NULL,'uploads/Captura_de_Pantalla_2022-06-18_a_la(s)_1_51_43_p_m_1.png',0),(67,97,14,'HOTEL DUBAI','AEROPUERTO',2,1,0,'2022-07-18','VH','5787','15:00','19:00',': HOTEL DUBAI','OUT',NULL,'uploads/Captura_de_Pantalla_2022-06-18_a_la(s)_1_51_43_p_m_.png',1),(68,98,NULL,': HOTEL DUBAI','CITY TOUR PANORAMICO',2,1,0,'2022-07-15',NULL,NULL,NULL,NULL,': HOTEL DUBAI','IN',NULL,NULL,0),(69,99,NULL,': HOTEL DUBAI','TRASPORTE IDA Y REGRESO A PLAYA BLANCA BARU',2,1,0,'2022-07-16',NULL,NULL,NULL,'08:00',': HOTEL DUBAI','IN',NULL,NULL,1),(70,100,1,'Aeropuerto Rafael Núñez','CARTAGENA ',3,1,0,'2022-06-21','AVIANCA','AV9548','12:43','12:43','HOTEL SAN MARTIN ','IN',NULL,NULL,0),(71,101,14,'hotel dubai','AEROPUERTO',2,0,0,'2022-06-21','av','3333','11:30','11:30','hotel dubay','OUT',NULL,'uploads/Captura_de_Pantalla_2022-06-20_a_la(s)_9_01_18_p_m_.png',0),(72,103,24,'NENA BEACH BARU','AEROPUERTO',2,0,0,'2022-06-21','NN','999','09:30','09:30','NENA BEACH BARU','OUT',NULL,'uploads/Captura_de_Pantalla_2022-06-20_a_la(s)_11_24_18_p_m_.png',0),(73,113,1,'Aeropuerto Rafael Núñez','cartagena',3,0,0,'2022-06-25','viva colombia','VH5780','12:16','13:48',' Caribe By Faranda','IN',NULL,NULL,0),(74,114,14,'cartagena ','Aeropuerto Rafael Núñez',3,0,0,'2022-06-28','viva colombia ','VH5785','17:05','14:30','Caribe By Faranda','OUT',NULL,NULL,0),(75,116,NULL,'el laguito','TRASPORTE IDA Y REGRESO A PLAYA BLANCA BARU',4,0,0,'2022-06-24',NULL,NULL,NULL,NULL,'el laguito','IN',NULL,NULL,0),(76,118,1,'Aeropuerto Rafael Núñez','conquistador',5,0,0,'2022-06-26','viva','vh5782','07:23','07:30','el conquistador','IN',NULL,NULL,0),(77,119,1,'Aeropuerto Rafael Núñez','conquistador',2,0,0,'2022-06-26','viva','5786','16:54','17:00','conquistador','IN',NULL,NULL,0),(78,120,14,'conquistador','Aeropuerto Rafael Núñez',2,0,0,'2022-07-01','viva','vh5783','12:34','09:00','conquistador','OUT',NULL,NULL,0),(79,123,14,'conquistador','Aeropuerto Rafael Núñez',1,0,0,'2022-06-28','viva','vh5789','09:52','19:15','conquistador','OUT',NULL,NULL,0),(80,124,14,'conquistador','Aeropuerto Rafael Núñez',1,0,0,'2022-06-30','av','9501','16:54','14:10','conquistador','OUT',NULL,NULL,0),(81,125,14,'conquistador','Aeropuerto Rafael Núñez',2,0,0,'2022-07-01','viva','5783','12:34','10:00','conquistador','OUT',NULL,NULL,0),(82,126,14,'conquistador','Aeropuerto Rafael Núñez',3,0,0,'2022-07-01','viva','5785','19:44','17:00','conquistador','OUT',NULL,NULL,1),(83,127,NULL,'hotel christoforo colombia ','TRASPORTE IDA Y REGRESO A PLAYA BLANCA BARU',2,1,0,'2022-07-04',NULL,NULL,NULL,'07:00','hotel christoforo colombia ','IN',NULL,NULL,0),(90,136,16,'AEROPUERTO','CARIBE FARANDA',4,0,0,'2022-07-01','VIVA AIR ','VH5782','07:08','07:08','CARIBE FARANDA','IN',NULL,NULL,1),(91,137,18,'CARIBE FARANDA','AEROPUERTO',4,0,0,'2022-07-04','VIVA AIR ','VH5781','00:23','00:23','CARIBE FARANDA','OUT',NULL,NULL,0),(92,139,NULL,'CARIBE FARANDA','TRASPORTE IDA Y REGRESO A PLAYA BLANCA BARU',4,0,0,'2022-07-03',NULL,NULL,NULL,NULL,'CARIBE FARANDA','IN',NULL,NULL,0),(94,145,1,'Aeropuerto Rafael Núñez','cartagena',2,0,0,'2022-07-05','vivav air','VH5680','17:43','18:43','HOTEL COSTA DEL SOL','IN',NULL,NULL,0),(95,146,14,'CARTAGENA','Aeropuerto Rafael Núñez',2,0,0,'2022-07-08','VIVA AIR','VH5675','11:23','09:00','HOTEL COSTA DEL SOL','OUT',NULL,NULL,0),(96,150,26,'APARTAMENTO MORROS ','CENTRO HISTORICO',12,0,0,'2022-07-06',NULL,NULL,NULL,'20:00','APARTAMENTO LOS MORROS ','OUT',NULL,NULL,0),(97,151,26,'BODEGUITA','MORRO',12,0,0,'2022-07-06',NULL,NULL,NULL,'23:00','APARTAMENTO LOS MORROS ','OUT',NULL,NULL,0),(98,152,26,'BODEGUITA','MORROS',12,0,0,'2022-07-07',NULL,NULL,NULL,'23:00','APARTAMENTO LOS MORROS ','OUT',NULL,NULL,0),(99,153,26,'MORROS','BOCAGRADE',8,0,0,'2022-07-07',NULL,NULL,NULL,'14:00','APARTAMENTO LOS MORROS ','OUT',NULL,NULL,0),(100,154,20,'MORROS','Aeropuerto Rafael Núñez',8,0,0,'2022-07-08','LQ','655','16:00','14:00','APARTAMENTO LOS MORROS ','OUT',NULL,NULL,0),(101,155,20,'MORROS','Aeropuerto Rafael Núñez',4,0,0,'2022-07-08','LA','7655','16:00','14:00','APARTAMENTO LOS MORROS ','OUT',NULL,NULL,0),(102,156,NULL,'TERMINAL TRANSPORTE CTG','TRASPORTE IDA Y REGRESO A PLAYA BLANCA BARU',4,0,0,'2022-07-08',NULL,NULL,NULL,NULL,'TERMINAL TRANSPORTE CTG','IN',NULL,NULL,0),(103,157,1,'AEROPUERTO','HOTEL EL DORADO PLAZA ',2,0,0,'2022-07-09','VIVA AIR ','VH5782','06:44','06:44','HOTEL DORADO PLAZA','IN',NULL,NULL,1),(104,158,14,'HOTEL EL DORADO PLAZA','AEROPUERTO',2,0,0,'2022-07-12','VIVA AIR ','VH5785','17:19','15:00','HOTEL DORADO PLAZA','OUT',NULL,NULL,1),(105,161,NULL,'NO APLICA','TRASPORTE IDA Y REGRESO A PLAYA BLANCA BARU',7,0,0,'2022-07-09',NULL,NULL,NULL,NULL,'NO APLICA','IN',NULL,NULL,0),(106,162,14,'BOCA GRANDE ','Aeropuerto Rafael Núñez',2,0,0,'2022-07-10','VIVA AIR ','HV 528','00:00','10:00','NO APLICA','OUT',NULL,NULL,0),(107,165,1,'AEROPUERTO','CARIBE BY FARANDA',2,0,0,'2022-07-15','VIVA AIR','VH5782','07:08','07:08','CARIBE BY FARANDA','IN',NULL,'uploads/Receptivos_(1).pdf',1),(108,166,14,'CARIBE BY FARANDA ','AEROPUERTO',2,0,0,'2022-07-18','VIVA AIR ','VH5787','19:00','19:00','CARIBE BY FARANDA','OUT',NULL,'uploads/Receptivos_(1)1.pdf',1),(109,169,1,'AEROPUERTO','HOTEL DUBAI CARTAGENA ',2,0,0,'2022-07-15','VIA AIR ','VH5782','07:08','07:08','HOTEL DUBAI CARTAGENA','IN',NULL,'uploads/FEM3687_(1).pdf',0),(110,170,14,'HOTEL DUBAI CARTAGENA ','AEROPUERTO',2,0,0,'2022-07-18','VIVA AIR ','VH5787','21:12','19:00','HOTEL DUBAI CARTAGENA','OUT',NULL,'uploads/FEM3687_(1)1.pdf',1),(111,172,NULL,'HOTEL DUBAI CARTAGENA','TRASPORTE IDA Y REGRESO A PLAYA BLANCA BARU',2,0,0,'2022-07-16',NULL,NULL,NULL,'08:00','HOTEL DUBAI CARTAGENA','IN',NULL,NULL,1);
/*!40000 ALTER TABLE `reserva_traslados` ENABLE KEYS */;
UNLOCK TABLES;

--
-- Table structure for table `reservas`
--

DROP TABLE IF EXISTS `reservas`;
/*!40101 SET @saved_cs_client     = @@character_set_client */;
/*!40101 SET character_set_client = utf8 */;
CREATE TABLE `reservas` (
  `id_reserva` int(11) NOT NULL AUTO_INCREMENT,
  `fecha_reg` datetime DEFAULT NULL,
  `cod_reserva` text DEFAULT NULL,
  `id_cliente` int(11) DEFAULT NULL,
  `id_usuario` int(11) DEFAULT NULL,
  `canal` int(11) NOT NULL COMMENT '1-Ecommerce 2-Backoffice 3-Agencias 4-Aplicación 5- Despegar',
  `id_sucursal` int(11) DEFAULT NULL,
  `id_asesor` int(11) DEFAULT NULL,
  `id_agencia` int(11) DEFAULT NULL,
  `id_pasajero` int(11) DEFAULT NULL,
  `fecha_desde` date DEFAULT NULL,
  `fecha_hasta` date DEFAULT NULL,
  `deleted` int(11) DEFAULT 0,
  PRIMARY KEY (`id_reserva`),
  KEY `reservas_ibfk_1` (`id_cliente`),
  KEY `id_asesor` (`id_usuario`),
  KEY `id_sucursal` (`id_sucursal`),
  KEY `id_agencia` (`id_agencia`),
  KEY `reservas_ibfk_5` (`id_pasajero`),
  CONSTRAINT `reservas_ibfk_1` FOREIGN KEY (`id_cliente`) REFERENCES `clientes` (`id_cliente`) ON UPDATE CASCADE,
  CONSTRAINT `reservas_ibfk_2` FOREIGN KEY (`id_usuario`) REFERENCES `usuarios` (`id_usuario`) ON DELETE SET NULL ON UPDATE CASCADE,
  CONSTRAINT `reservas_ibfk_3` FOREIGN KEY (`id_sucursal`) REFERENCES `sucursales` (`id_sucursal`) ON DELETE CASCADE ON UPDATE SET NULL,
  CONSTRAINT `reservas_ibfk_4` FOREIGN KEY (`id_agencia`) REFERENCES `agencias` (`id_agencia`) ON DELETE CASCADE ON UPDATE CASCADE,
  CONSTRAINT `reservas_ibfk_5` FOREIGN KEY (`id_pasajero`) REFERENCES `pasajeros` (`id_pasajero`) ON DELETE SET NULL ON UPDATE CASCADE
) ENGINE=InnoDB AUTO_INCREMENT=110 DEFAULT CHARSET=utf8;
/*!40101 SET character_set_client = @saved_cs_client */;

--
-- Dumping data for table `reservas`
--

LOCK TABLES `reservas` WRITE;
/*!40000 ALTER TABLE `reservas` DISABLE KEYS */;
INSERT INTO `reservas` VALUES (18,'2022-05-24 11:13:11','2IMX819',5,NULL,2,1,12,NULL,NULL,NULL,NULL,0),(27,'2022-05-25 14:16:52','FNKOM5N',7,NULL,2,1,12,NULL,NULL,NULL,NULL,0),(29,'2022-05-28 09:09:23','MF6ZR0F',9,NULL,2,1,10,NULL,NULL,NULL,NULL,0),(32,'2022-05-29 05:54:49','AJVG9RN',10,NULL,2,1,10,NULL,NULL,NULL,NULL,0),(33,'2022-05-29 22:56:23','EUE713B',10,NULL,2,1,10,NULL,NULL,NULL,NULL,0),(37,'2022-05-31 16:13:28','0KPY2DT',12,NULL,2,1,11,NULL,NULL,NULL,NULL,0),(40,'2022-06-01 17:53:34','ZUTKHQU',10,NULL,2,1,10,NULL,NULL,NULL,NULL,0),(41,'2022-06-01 18:18:48','WONZJCI',13,10,3,1,10,63,22,'2022-06-01','2022-06-08',0),(42,'2022-06-02 15:28:37','FN9EZKE',13,10,3,1,10,63,23,'2022-06-02','2022-06-08',0),(43,'2022-06-03 20:14:27','SEYUGAK',14,NULL,2,1,10,NULL,NULL,NULL,NULL,0),(45,'2022-06-04 14:34:24','1U6CB44',16,11,3,1,11,140,25,'2022-06-04','2022-06-11',0),(50,'2022-06-15 18:39:00','6TL7ZGY',17,11,3,1,11,25,28,'2022-06-17','2022-06-20',0),(51,'2022-06-15 19:04:45','POWUYTA',17,10,3,1,10,25,29,'2022-07-01','2022-07-04',0),(52,'2022-06-15 19:37:35','U4MA806',17,11,3,1,11,25,30,'2022-06-24','2022-06-27',0),(54,'2022-06-16 18:03:29','ND8W8UF',19,NULL,2,1,11,NULL,NULL,NULL,NULL,0),(55,'2022-06-17 11:52:03','3TKES6W',13,10,3,1,10,63,32,'2022-06-17','2022-06-21',0),(56,'2022-06-17 13:21:53','F8L0LHU',20,10,3,1,10,73,33,'2022-06-17','2022-06-20',0),(57,'2022-06-17 14:06:45','S3R17DJ',21,NULL,2,1,10,NULL,NULL,NULL,NULL,0),(58,'2022-06-17 19:26:53','5AK3Q6N',22,NULL,2,1,12,NULL,NULL,NULL,NULL,0),(59,'2022-06-18 13:54:40','JHBG778',17,11,3,1,11,25,34,'2022-07-15','2022-07-18',0),(60,'2022-06-18 14:29:45','JD2RINH',23,NULL,2,1,12,NULL,NULL,NULL,NULL,0),(61,'2022-06-20 21:01:38','0H16PVJ',13,10,3,1,10,63,35,'2022-06-18','2022-06-21',0),(62,'2022-06-20 22:50:44','KR6I96D',24,NULL,2,1,10,NULL,NULL,NULL,NULL,0),(63,'2022-06-20 23:24:36','45E2RGF',13,10,3,1,10,63,36,'2022-06-20','2022-06-21',0),(66,'2022-06-21 16:16:41','G0ASG70',25,NULL,2,1,12,NULL,NULL,NULL,NULL,0),(68,'2022-06-23 07:41:42','SRS726T',27,NULL,2,1,10,NULL,NULL,NULL,NULL,0),(69,'2022-06-23 14:36:08','0AHTYWG',28,NULL,2,1,12,NULL,NULL,NULL,NULL,0),(70,'2022-06-23 15:15:55','DE8HBWD',26,NULL,2,1,12,NULL,NULL,NULL,NULL,0),(71,'2022-06-23 16:18:54','P3644NW',29,NULL,2,1,12,NULL,NULL,NULL,NULL,0),(72,'2022-06-23 16:36:29','BWOR18M',30,NULL,2,1,12,NULL,NULL,NULL,NULL,0),(73,'2022-06-23 17:48:00','HIJ0W56',31,NULL,2,1,12,NULL,NULL,NULL,NULL,0),(74,'2022-06-23 17:57:19','8R3WUHI',31,NULL,2,1,12,NULL,NULL,NULL,NULL,0),(75,'2022-06-24 14:49:58','29O5WBR',32,NULL,2,1,12,NULL,NULL,NULL,NULL,0),(76,'2022-06-24 20:53:34','LZXLB97',34,NULL,2,1,11,NULL,NULL,NULL,NULL,0),(77,'2022-06-24 22:23:03','72CAYC0',34,NULL,2,1,10,NULL,NULL,NULL,NULL,0),(78,'2022-06-25 19:23:13','1QZWMFC',35,NULL,2,1,11,NULL,NULL,NULL,NULL,0),(79,'2022-06-25 19:29:43','Y2NS8VU',36,NULL,2,1,11,NULL,NULL,NULL,NULL,0),(80,'2022-06-25 19:51:58','L74N2RW',37,NULL,2,1,11,NULL,NULL,NULL,NULL,0),(81,'2022-06-27 19:55:20','E8CDYML',37,NULL,2,1,11,NULL,NULL,NULL,NULL,0),(82,'2022-06-27 19:56:38','UH6HKEB',37,NULL,2,1,11,NULL,NULL,NULL,NULL,0),(83,'2022-06-27 20:14:58','H15P3Y1',37,NULL,2,1,11,NULL,NULL,NULL,NULL,0),(84,'2022-06-27 20:22:49','TMEYBYT',39,NULL,2,1,11,NULL,NULL,NULL,NULL,0),(85,'2022-06-27 20:29:14','A0LLREQ',37,NULL,2,1,11,NULL,NULL,NULL,NULL,0),(86,'2022-06-27 20:36:23','8KT4BIN',38,NULL,2,1,11,NULL,NULL,NULL,NULL,0),(87,'2022-06-29 12:55:01','974AREJ',40,NULL,2,1,12,NULL,NULL,NULL,NULL,0),(90,'2022-06-29 16:44:20','5WQ5VPY',17,11,3,1,11,25,39,'2022-07-01','2022-07-04',0),(92,'2022-06-30 16:57:42','0FY8BDE',42,NULL,2,1,12,NULL,NULL,NULL,NULL,0),(93,'2022-06-30 17:27:21','7NCKIKY',33,NULL,2,1,12,NULL,NULL,NULL,NULL,0),(94,'2022-07-01 15:14:43','6TVS6YN',43,NULL,2,1,12,NULL,NULL,NULL,NULL,0),(95,'2022-07-01 15:30:49','L56S5TB',44,NULL,2,1,12,NULL,NULL,NULL,NULL,0),(96,'2022-07-04 18:59:36','UV6XM6H',45,NULL,2,1,12,NULL,NULL,NULL,NULL,0),(97,'2022-07-05 21:57:25','U8GOK86',46,NULL,2,1,11,NULL,NULL,NULL,NULL,0),(98,'2022-07-08 01:57:51','VFIY9B4',46,NULL,2,1,10,NULL,NULL,NULL,NULL,0),(99,'2022-07-08 02:01:48','MK4PFSO',47,NULL,2,1,10,NULL,NULL,NULL,NULL,0),(100,'2022-07-08 18:35:16','MYVTLD7',17,12,3,1,12,25,40,'2022-07-09','2022-07-12',0),(101,'2022-07-09 21:05:13','28SZMOI',49,NULL,2,1,12,NULL,NULL,NULL,NULL,0),(102,'2022-07-11 20:49:55','CBYO4I0',51,NULL,2,1,12,NULL,NULL,NULL,NULL,0),(103,'2022-07-11 21:01:45','FIZO0YC',50,NULL,2,1,12,NULL,NULL,NULL,NULL,0),(104,'2022-07-13 18:14:18','4TBI37Y',17,12,3,1,12,25,41,'2022-07-15','2022-07-18',0),(105,'2022-07-14 20:44:14','AZCF2AZ',17,12,3,1,12,25,42,'2022-07-15','2022-07-18',0),(106,'2022-07-15 17:46:07','5CHJXH7',52,NULL,2,1,12,NULL,NULL,NULL,NULL,0);
/*!40000 ALTER TABLE `reservas` ENABLE KEYS */;
UNLOCK TABLES;

--
-- Table structure for table `reservas_agencias`
--

DROP TABLE IF EXISTS `reservas_agencias`;
/*!40101 SET @saved_cs_client     = @@character_set_client */;
/*!40101 SET character_set_client = utf8 */;
CREATE TABLE `reservas_agencias` (
  `id_reserva_agencia` int(10) unsigned NOT NULL AUTO_INCREMENT,
  `id_agencia` int(11) DEFAULT NULL,
  `id_reserva` int(11) DEFAULT NULL,
  `asesor_agencia` varchar(45) DEFAULT NULL,
  `tel_asesor_agencia` varchar(45) DEFAULT NULL,
  PRIMARY KEY (`id_reserva_agencia`),
  KEY `ag_reserva_agencia_idx` (`id_agencia`),
  KEY `re_reserva_agencia_idx` (`id_reserva`),
  CONSTRAINT `ag_reserva_agencia` FOREIGN KEY (`id_agencia`) REFERENCES `agencias` (`id_agencia`) ON DELETE CASCADE ON UPDATE CASCADE,
  CONSTRAINT `re_reserva_agencia` FOREIGN KEY (`id_reserva`) REFERENCES `reservas` (`id_reserva`) ON DELETE CASCADE ON UPDATE CASCADE
) ENGINE=InnoDB AUTO_INCREMENT=46 DEFAULT CHARSET=utf8mb4;
/*!40101 SET character_set_client = @saved_cs_client */;

--
-- Dumping data for table `reservas_agencias`
--

LOCK TABLES `reservas_agencias` WRITE;
/*!40000 ALTER TABLE `reservas_agencias` DISABLE KEYS */;
INSERT INTO `reservas_agencias` VALUES (22,63,41,'ALFONSP PEREZ','300 3880399'),(23,63,42,'alfonso ','300 3880399'),(25,140,45,'hebert','3244538689'),(28,25,50,'JHON HOTURIS','316 5834444'),(29,25,51,'JHON HOTURIS','316 5834444'),(30,25,52,'jhon hoturis','316 5834444'),(32,63,55,'ALFONSO PEREZ','300 3880399'),(33,73,56,'VANESSA AGUDELO VELEZ','3209653933'),(34,25,59,'jhon hoturis','316 5834444'),(35,63,61,'alfonso ','300 3880399'),(36,63,63,'ALFONSO','3218340596'),(39,25,90,'PAOLA MEJIA ','3206388915'),(40,25,100,'PAOLA MEJIA ','3113778721'),(41,25,104,'JHON DUQUE','3165834444'),(42,25,105,'JHON DUQUE ','3165834444');
/*!40000 ALTER TABLE `reservas_agencias` ENABLE KEYS */;
UNLOCK TABLES;

--
-- Table structure for table `reservas_cuenta_cobro`
--

DROP TABLE IF EXISTS `reservas_cuenta_cobro`;
/*!40101 SET @saved_cs_client     = @@character_set_client */;
/*!40101 SET character_set_client = utf8 */;
CREATE TABLE `reservas_cuenta_cobro` (
  `id_reserva_cuenta_cobro` int(11) NOT NULL AUTO_INCREMENT,
  `id_cuenta_cobro` int(11) DEFAULT NULL,
  `id_neto_reserva` int(11) DEFAULT NULL,
  PRIMARY KEY (`id_reserva_cuenta_cobro`),
  KEY `key_reserva_cc_idx_idx` (`id_neto_reserva`),
  KEY `key_cc_reservas_idx_idx` (`id_cuenta_cobro`),
  CONSTRAINT `key_cc_reservas_idx` FOREIGN KEY (`id_cuenta_cobro`) REFERENCES `cuentas_cobro_proveedores` (`id_cuenta_cobro`) ON DELETE CASCADE ON UPDATE CASCADE,
  CONSTRAINT `key_reserva_cc_idx` FOREIGN KEY (`id_neto_reserva`) REFERENCES `netos_reservas_actividades` (`id_netos_reservas`) ON DELETE CASCADE ON UPDATE CASCADE
) ENGINE=InnoDB DEFAULT CHARSET=utf8mb4;
/*!40101 SET character_set_client = @saved_cs_client */;

--
-- Dumping data for table `reservas_cuenta_cobro`
--

LOCK TABLES `reservas_cuenta_cobro` WRITE;
/*!40000 ALTER TABLE `reservas_cuenta_cobro` DISABLE KEYS */;
/*!40000 ALTER TABLE `reservas_cuenta_cobro` ENABLE KEYS */;
UNLOCK TABLES;

--
-- Table structure for table `reservas_despegar`
--

DROP TABLE IF EXISTS `reservas_despegar`;
/*!40101 SET @saved_cs_client     = @@character_set_client */;
/*!40101 SET character_set_client = utf8 */;
CREATE TABLE `reservas_despegar` (
  `id_reserva_despegar` int(11) NOT NULL AUTO_INCREMENT,
  `id_importacion` int(11) NOT NULL,
  `id_reserva` int(11) DEFAULT NULL,
  `id_fenix` varchar(100) DEFAULT NULL,
  `id_reserva_despegar_imp` varchar(100) DEFAULT NULL,
  `tipo_reserva` int(11) NOT NULL,
  `id_cliente` int(11) NOT NULL,
  `id_actividad` int(11) DEFAULT NULL,
  `id_modalidad` int(11) DEFAULT NULL,
  `pax_adultos` int(11) DEFAULT NULL,
  `pax_ninos` int(11) DEFAULT NULL,
  `pax_infantes` int(11) DEFAULT NULL,
  `fecha_actividad` date DEFAULT NULL,
  `origen` text DEFAULT NULL,
  `destino` text DEFAULT NULL,
  `aerolinea` text DEFAULT NULL,
  `numero_vuelo` text DEFAULT NULL,
  `hora_llegada` text DEFAULT NULL,
  `hora_traslado` text DEFAULT NULL,
  `modalidad` int(11) DEFAULT NULL,
  `valor` double NOT NULL,
  `estado` int(11) NOT NULL COMMENT '0-No registrada 1-Registrada',
  PRIMARY KEY (`id_reserva_despegar`),
  KEY `id_importacion` (`id_importacion`),
  KEY `id_actividad` (`id_actividad`),
  KEY `id_modalidad` (`id_modalidad`),
  KEY `id_reserva` (`id_reserva`),
  KEY `id_cliente` (`id_cliente`),
  CONSTRAINT `reservas_despegar_ibfk_1` FOREIGN KEY (`id_importacion`) REFERENCES `importaciones` (`id_importacion`) ON DELETE CASCADE ON UPDATE CASCADE,
  CONSTRAINT `reservas_despegar_ibfk_2` FOREIGN KEY (`id_actividad`) REFERENCES `actividades` (`id_actividad`) ON DELETE CASCADE ON UPDATE CASCADE,
  CONSTRAINT `reservas_despegar_ibfk_3` FOREIGN KEY (`id_modalidad`) REFERENCES `modalidades_actividades` (`id_modalidad`) ON DELETE CASCADE ON UPDATE CASCADE,
  CONSTRAINT `reservas_despegar_ibfk_4` FOREIGN KEY (`id_reserva`) REFERENCES `reservas` (`id_reserva`) ON DELETE CASCADE ON UPDATE CASCADE,
  CONSTRAINT `reservas_despegar_ibfk_5` FOREIGN KEY (`id_cliente`) REFERENCES `clientes` (`id_cliente`) ON DELETE CASCADE ON UPDATE CASCADE
) ENGINE=InnoDB DEFAULT CHARSET=utf8;
/*!40101 SET character_set_client = @saved_cs_client */;

--
-- Dumping data for table `reservas_despegar`
--

LOCK TABLES `reservas_despegar` WRITE;
/*!40000 ALTER TABLE `reservas_despegar` DISABLE KEYS */;
/*!40000 ALTER TABLE `reservas_despegar` ENABLE KEYS */;
UNLOCK TABLES;

--
-- Table structure for table `reservas_destino`
--

DROP TABLE IF EXISTS `reservas_destino`;
/*!40101 SET @saved_cs_client     = @@character_set_client */;
/*!40101 SET character_set_client = utf8 */;
CREATE TABLE `reservas_destino` (
  `id_reserva_destino` int(10) unsigned NOT NULL AUTO_INCREMENT,
  `id_reserva_servicio` int(11) DEFAULT NULL,
  `id_destino` int(11) DEFAULT NULL,
  `fecha_servicio` date DEFAULT NULL,
  PRIMARY KEY (`id_reserva_destino`),
  KEY `key_destino_idx` (`id_destino`),
  KEY `key_reserva_idx` (`id_reserva_servicio`),
  CONSTRAINT `key_destino` FOREIGN KEY (`id_destino`) REFERENCES `destinos` (`id_destino`) ON DELETE NO ACTION ON UPDATE NO ACTION,
  CONSTRAINT `key_reserva` FOREIGN KEY (`id_reserva_servicio`) REFERENCES `reserva_servicios` (`id_reserva_servicio`) ON DELETE NO ACTION ON UPDATE NO ACTION
) ENGINE=InnoDB DEFAULT CHARSET=utf8mb4;
/*!40101 SET character_set_client = @saved_cs_client */;

--
-- Dumping data for table `reservas_destino`
--

LOCK TABLES `reservas_destino` WRITE;
/*!40000 ALTER TABLE `reservas_destino` DISABLE KEYS */;
/*!40000 ALTER TABLE `reservas_destino` ENABLE KEYS */;
UNLOCK TABLES;

--
-- Table structure for table `reservas_exportacion`
--

DROP TABLE IF EXISTS `reservas_exportacion`;
/*!40101 SET @saved_cs_client     = @@character_set_client */;
/*!40101 SET character_set_client = utf8 */;
CREATE TABLE `reservas_exportacion` (
  `id_reservas_exportacion` int(11) NOT NULL AUTO_INCREMENT,
  `id_exportacion` int(11) NOT NULL,
  `id_reserva` int(11) NOT NULL,
  PRIMARY KEY (`id_reservas_exportacion`),
  KEY `key_exportacion_id_idx` (`id_exportacion`),
  KEY `key_reserva_id_idx` (`id_reserva`),
  CONSTRAINT `key_exportacion_id` FOREIGN KEY (`id_exportacion`) REFERENCES `exportaciones_facturas` (`id_exportacion_facturas`) ON DELETE CASCADE ON UPDATE CASCADE,
  CONSTRAINT `key_reserva_id` FOREIGN KEY (`id_reserva`) REFERENCES `reservas` (`id_reserva`) ON DELETE CASCADE ON UPDATE CASCADE
) ENGINE=InnoDB DEFAULT CHARSET=utf8mb4;
/*!40101 SET character_set_client = @saved_cs_client */;

--
-- Dumping data for table `reservas_exportacion`
--

LOCK TABLES `reservas_exportacion` WRITE;
/*!40000 ALTER TABLE `reservas_exportacion` DISABLE KEYS */;
/*!40000 ALTER TABLE `reservas_exportacion` ENABLE KEYS */;
UNLOCK TABLES;

--
-- Table structure for table `respuestas_preoperacional`
--

DROP TABLE IF EXISTS `respuestas_preoperacional`;
/*!40101 SET @saved_cs_client     = @@character_set_client */;
/*!40101 SET character_set_client = utf8 */;
CREATE TABLE `respuestas_preoperacional` (
  `id_respuesta` int(11) NOT NULL AUTO_INCREMENT,
  `id_conductor` int(11) DEFAULT NULL,
  `id_pregunta` int(11) NOT NULL,
  `id_opcion` int(11) DEFAULT NULL,
  `respuesta` varchar(45) DEFAULT NULL,
  `fecha_reg` datetime DEFAULT NULL,
  PRIMARY KEY (`id_respuesta`),
  KEY `id_conductor_idx` (`id_conductor`),
  KEY `id_pregunta_idx` (`id_pregunta`),
  CONSTRAINT `id_conductor` FOREIGN KEY (`id_conductor`) REFERENCES `conductores` (`id_conductor`) ON DELETE SET NULL ON UPDATE CASCADE,
  CONSTRAINT `id_pregunta` FOREIGN KEY (`id_pregunta`) REFERENCES `preguntas_preoperacional` (`id_pregunta`) ON DELETE CASCADE ON UPDATE CASCADE
) ENGINE=InnoDB DEFAULT CHARSET=utf8mb4;
/*!40101 SET character_set_client = @saved_cs_client */;

--
-- Dumping data for table `respuestas_preoperacional`
--

LOCK TABLES `respuestas_preoperacional` WRITE;
/*!40000 ALTER TABLE `respuestas_preoperacional` DISABLE KEYS */;
/*!40000 ALTER TABLE `respuestas_preoperacional` ENABLE KEYS */;
UNLOCK TABLES;

--
-- Table structure for table `servicios`
--

DROP TABLE IF EXISTS `servicios`;
/*!40101 SET @saved_cs_client     = @@character_set_client */;
/*!40101 SET character_set_client = utf8 */;
CREATE TABLE `servicios` (
  `id_servicio` int(11) NOT NULL AUTO_INCREMENT,
  `id_tipo_servicio` int(11) DEFAULT NULL,
  `id_destino` int(11) DEFAULT NULL,
  `titulo` text DEFAULT NULL,
  `titulo_slug` text DEFAULT NULL,
  `resumen` text DEFAULT NULL,
  `img` text DEFAULT NULL,
  `estado` int(11) DEFAULT NULL,
  `img_portada` text DEFAULT NULL,
  `id_anterior` int(11) DEFAULT NULL,
  `deleted` int(11) DEFAULT 0,
  PRIMARY KEY (`id_servicio`),
  KEY `id_destino` (`id_destino`),
  KEY `id_tipo_servicio` (`id_tipo_servicio`),
  CONSTRAINT `servicios_ibfk_1` FOREIGN KEY (`id_destino`) REFERENCES `destinos` (`id_destino`) ON DELETE SET NULL ON UPDATE CASCADE,
  CONSTRAINT `servicios_ibfk_2` FOREIGN KEY (`id_tipo_servicio`) REFERENCES `tipos_servicio` (`id_tipo_servicio`) ON DELETE SET NULL ON UPDATE CASCADE
) ENGINE=InnoDB AUTO_INCREMENT=310 DEFAULT CHARSET=utf8;
/*!40101 SET character_set_client = @saved_cs_client */;

--
-- Dumping data for table `servicios`
--

LOCK TABLES `servicios` WRITE;
/*!40000 ALTER TABLE `servicios` DISABLE KEYS */;
INSERT INTO `servicios` VALUES (1,1,1,'Islas del Rosario, Playa Blanca Barú en Yate Alcatraz','islas-del-rosario-playa-blanca-baru-en-yate-alcatraz','resumen','assets/images/tours/jet_set_cartagena_islas_del_rosario_yate_alcatraz_(13)2.jpg',0,'assets/images/portada-cartagena.jpg',1,1),(2,1,6,'Salento Valle del  Cocora','salento-valle-del-cocora','resumen','assets/images/tours/SALENTO-VALLE-DEL-COCORA/1.jpg',0,'assets/images/portada-cartagena.jpg',2,1),(3,1,6,'Balsaje por el Rio la Vieja','balsaje-por-el-rio-la-vieja','resumen','assets/images/tours/BALSAJE-POR-EL-RIO-LA-VIEJA/1.jpg',0,'assets/images/portada-cartagena.jpg',3,0),(4,1,8,'Termales Coconuco','termales-coconuco','resumen','assets/images/tours/1.jpg',0,'assets/images/portada-cartagena.jpg',4,0),(5,1,9,'Termales San Vicente','termales-san-vicente','resumen','assets/images/tours/1.jpg',0,'assets/images/portada-cartagena.jpg',6,0),(6,1,9,'Termales Santa Rosa','termales-santa-rosa','resumen','assets/images/tours/1.jpg',0,'assets/images/portada-cartagena.jpg',7,0),(7,1,7,'Pasadia San Cipriano','pasadia-san-cipriano','resumen','assets/images/tours/213.jpg',0,'assets/images/portada-cartagena.jpg',8,0),(8,1,2,'Tour desde Santa Marta a Cartagena, City Tour con Castillo','tour-desde-santa-marta-a-cartagena-city-tour-con-castillo','resumen','assets/images/tours/CARTAGENA-HISTORICA/1.jpg',0,'assets/images/portada-cartagena.jpg',9,1),(9,1,2,'Visita la Espectacular Guajira y Cabo de la Vela','visita-la-espectacular-guajira-y-cabo-de-la-vela','resumen','assets/images/tours/GUAJIRA---CABO-DE-LA-VELA/1.jpg',0,'assets/images/portada-cartagena.jpg',10,0),(10,1,2,'City Tour con Entradas en  Santa Marta','city-tour-con-entradas-en-santa-marta','resumen','assets/images/tours/CITY-TOUR-CON-ENTRADAS-SANTA-MARTA/1.jpg',0,'assets/images/portada-cartagena.jpg',11,1),(11,1,2,'Entrada al Acuario y Pasadia a Playa Blanca','entrada-al-acuario-y-pasadia-a-playa-blanca','Recorre la bahia de Santa Marta hasta el Acuario para ver el espectaculo de especies marinas mas completo y bello del Caribe, disfruta de las mejores playas de la Costa. Contamos con 2 modalidades.','assets/images/media/617b2f4b13300.jpg',1,'assets/images/portada-cartagena.jpg',12,0),(12,1,2,'Tayrona, Cañaveral, Arrecifes y Cabo San Juan','tayrona-canaveral-arrecifes-y-cabo-san-juan','Disfruta otra de las playas del Parque Tayrona: a tan solo 1 hora de Santa Marta encuentras la entrada a Cabo San Juan. Caminata ecologica por mas de 13 playas diferentes hasta llegar a Cabo San Juan.','assets/images/tours/CANAVERAL-ARRECIFES-CABO-SAN-JUAN/1.jpg',0,'assets/images/portada-cartagena.jpg',14,0),(13,1,2,'Tayrona, el  Enigmatico Pueblito Chayrama','tayrona-el-enigmatico-pueblito-chayrama','resumen','assets/images/tours/1_(2)2.jpg',0,'assets/images/portada-cartagena.jpg',15,1),(14,1,2,'Tour a Taganga y Playa Grande','tour-a-taganga-y-playa-grande','Recorrido terrestre desde Santa Marta hasta Taganga, un pintoresco poblado de pescadores conocido por sus hermosos paisajes, donde abordarás una lancha que te llevará a Playa Grande.','assets/images/tours/TAGANGA-Y-PLAYA-GRANDE/1.jpg',0,'assets/images/portada-cartagena.jpg',16,0),(15,1,2,'Tayrona, Tour Bahía Concha','tayrona-tour-bahia-concha','Recorremos en vehículo climatizado por 1 hora hasta llegar a la primera playa del Tayrona, disfruta del hermoso paisaje de esta playa y de las actividades adicionales como el snorkel o buceo de superficie.','assets/images/media/618da2340da8c.jpg',0,'assets/images/portada-cartagena.jpg',17,0),(16,1,10,'Tour a Guatape y el Peñol ','tour-a-guatape-y-el-penol','El municipio de Guatapé se localiza a 79 km. de la ciudad de Medellín en el oriente Antioqueño, destino turístico con uno de sus atractivos: Peñól de Guatapé,','assets/images/media/61c4e9a067fde.JPG',0,'assets/images/portada-cartagena.jpg',18,0),(17,1,3,'Cabalgata Ecológica y Extrema en San Andres','cabalgata-ecologica-y-extrema-en-san-andres','Divertida cabalgata por senderos ecológicos, cabalgaremos por la playa, observaremos diferentes especies de la naturaleza y disfrutaremos de la mas sana experiencia en la isla. Contamos con 3 modalidades,','assets/images/tours/Cabalgata---San-Andres-Islas/1.jpg',0,'assets/images/portada-cartagena.jpg',20,0),(18,1,3,'Acuario, Mantarayas y Manglares','acuario-mantarayas-y-manglares','resumen','assets/images/tours/jet_set-san_andres-acuario-mantarrayas-acuario-mantarrayas-manglares-(6).jpg',1,'assets/images/portada-cartagena.jpg',22,1),(19,1,3,'Tour al Acuario y Johnny Cay','tour-al-acuario-y-johnny-cay','Inolvidable recorrido a los hermosos cayos ubicados al frente de San Andres, llegamos en lancha para conocer primero el acuario y luego Johnny Cay. Pasaras un dia inolvidable bajo el sol.','assets/images/tours/ACUARIO-JHONNY-CAY/1.jpg',0,'assets/images/portada-cartagena.jpg',23,0),(20,1,3,'Vuelta a la Isla de San Andres ','vuelta-a-la-isla-de-san-andres','Un recorrido turístico de 3 horas, incluye guía y música a bordo. Una experiencia completa alrededor de la Isla con fabulosas paradas. \nContamos con 3 modalidades y horarios.','assets/images/media/61a7b53cdd542.jpg',0,'assets/images/portada-cartagena.jpg',25,0),(21,1,11,'Asesoria de Visa ','asesoria-de-visa','Nuestro equipo de profesionales esta altamente calificado para brindar una asesoría integral de acuerdo a tu perfil y de acuerdo a información básica otorgada por parte de el cliente, para de esta manera tener un margen de aceptación de visa favorable.','assets/images/media/62b4a3ce6e9d3.jpeg',1,'assets/images/portada-cartagena.jpg',26,0),(22,1,3,'Crucero Nocturno por la Bahia con cena','crucero-nocturno-por-la-bahia-con-cena','Recorre la bahía de San Andres en una maravillosa embarcación bajo la luz de la luna y las estrellas. Baila y diviértete además de disfrutar una deliciosa cena. Contamos con 2 modalidades.','assets/images/media/61a7cf69706f0.jpg',0,'assets/images/portada-cartagena.jpg',27,0),(23,1,3,'Minicurso de Buceo ','minicurso-de-buceo','Disfruta del maravilloso fondo marino y del espectáculo de flora y fauna del mar de los 7 colores de esta paradisiaca Isla. Bucea y descubre el mundo bajo el agua.','assets/images/media/61b4044301334.jpg',0,'assets/images/portada-cartagena.jpg',28,0),(24,1,3,'Tour al Acuario Natural','tour-al-acuario-natural','Recorrido de tan solo 20 minutos hasta el hermoso cayo Acuario situado enfrente de San Andres.\nEste es un islote natural, un acuario dentro del mar, no son peces en cautiverio.\nContamos con 2 modalidades','assets/images/tours/ACUARIO-/1.jpg',0,'assets/images/portada-cartagena.jpg',29,0),(25,1,3,'Tour al Cayo Johnny Cay','tour-al-cayo-johnny-cay','Recorre en lancha hasta llegar al hermoso islote de Johnny Cay, reconocido por sus hermosas palmeras que vemos desde la playa principal de San Andres.\nMaravilloso dia en este exótico lugar. ','assets/images/media/61a1645eca6a7.jpg',0,'assets/images/portada-cartagena.jpg',30,0),(26,1,3,'Vuelta a la Isla en Lancha en Providencia','vuelta-a-la-isla-en-lancha-en-providencia','resumen','assets/images/tours/VUELTA-A-LA-ISLA-EN-LANCHA/1.jpg',0,'assets/images/portada-cartagena.jpg',31,0),(27,1,3,'Snuba  bajo el agua','snuba-bajo-el-agua','Descubre el maravilloso fondo marino con este sistema de respiración submarina, el snuba sirve a menudo como una forma introductoria de buceo y puede practicarse sin necesidad de una certificación.','assets/images/tours/1_(4).jpg',0,'assets/images/portada-cartagena.jpg',32,0),(28,1,1,'Paseo en Coche por la Ciudad Amurallada','paseo-en-coche-por-la-ciudad-amurallada','Recorre las romanticas y hermosas calles del corralito de piedra, enamorate de esta hermosa ciudad en un hermoso carruaje tirado por caballos que evocan nuestra magica historia.','assets/images/media/61673e545fc78.jpg',1,'assets/images/portada-cartagena.jpg',39,0),(29,1,1,'Islas del  Rosario, Playa Tranquila, Baru en lancha ','islas-del-rosario-playa-tranquila-baru-en-lancha','Recorrido en lancha para recorrer las Islas del Rosario, entrar al Oceanario y disfrutar unas horas de playa.\nIngresa al Oceanario y disfruta de los shows y exhibiciones,\nContamos con 3 modalidades.','assets/images/media/613d14a1b8894.jpg',0,'assets/images/portada-cartagena.jpg',40,0),(30,1,2,'Acuario en Santa Marta  y Playa Blanca con Almuerzo','acuario-en-santa-marta-y-playa-blanca-con-almuerzo','resumen','assets/images/tours/IMG_20190414_123928.jpg',0,'assets/images/portada-cartagena.jpg',41,1),(31,1,1,'City Tour Panoramico con Subida al Mirador de la Popa','city-tour-panoramico-con-subida-al-mirador-de-la-popa','resumen','assets/images/tours/115.jpg',0,'assets/images/portada-cartagena.jpg',44,1),(32,1,1,'City Tour con Entradas a los Sitios Turisticos M T','city-tour-con-entradas-a-los-sitios-turisticos-m-t','resumen','assets/images/tours/1_(1)10.jpg',0,'assets/images/portada-cartagena.jpg',45,1),(33,1,1,'Full Day a Santa Marta y Playas del  Rodadero ','full-day-a-santa-marta-y-playas-del-rodadero','Conoce la ciudad de Santa Marta a tan solo 4 horas de Cartagena de Indias, recorrido en vehiculo climatizado pasando por la importante ciudad de Barranquilla. Contamos con 3 modalidades.\n\n','assets/images/media/6168799ab62d8.jpg',0,'assets/images/portada-cartagena.jpg',46,0),(34,1,10,'City Tour por Medellin en Bus de 2 Pisos','city-tour-por-medellin-en-bus-de-2-pisos','Con Turibus y su City Tour Medellín Enamora descubrirás la ciudad desde una nueva perspectiva en estos maravillosos vehículos y con guias especializados que te enseñaran las maravillas de esta ciudad. ','assets/images/media/61c4f5cee17d3.jpg',0,'assets/images/portada-cartagena.jpg',47,0),(35,1,3,'Conoce San Andres en la Vuelta a la Isla ','conoce-san-andres-en-la-vuelta-a-la-isla','resumen','assets/images/tours/jet_set_san_andres_vuelta_a_la_isla_vuelta_a_la_isla_en_tren_(2).jpg',0,'assets/images/portada-cartagena.jpg',48,1),(36,1,3,'Crucero por el Mar de los 7 Colores ','crucero-por-el-mar-de-los-7-colores','Recorre el maravilloso mar de los 7 colores a bordo de el crucero Riviel, cómoda embarcación en la que apreciaras la hermosa bahía de San Andres, y disfrutaras de un gran paseo.\nContamos con 2 modalidades.','assets/images/tours/CRUCERO-RIVIEL/1.jpg',0,'assets/images/portada-cartagena.jpg',50,0),(37,1,3,'Vuela Sobre el Mar de 7 Colores en el Parasail','vuela-sobre-el-mar-de-7-colores-en-el-parasail','resumen','assets/images/tours/PARASAIL/1.jpg',0,'assets/images/portada-cartagena.jpg',53,0),(38,1,2,'Tour Quebrada Valencia y Buritaca','tour-quebrada-valencia-y-buritaca','A solo 1 hora de Santa Marta en un recorrido terrestre llegaras a Quebrada Valencia y luego disfrutaras de una excelente tarde en Buritaca, encuentro del rio con el mar.\nContamos con 2 modalidades.','assets/images/tours/IMG_20141027_124040.jpg',0,'assets/images/portada-cartagena.jpg',54,0),(39,1,2,'Tayrona, 7 Olas, Neguanje y Playa Cristal','tayrona-7-olas-neguanje-y-playa-cristal','Disfruta de las mejores playas del Parque Tayrona: a tan solo 1 hora de Santa Marta encuentras la entrada a Playa Cristal.\nReserva Natural de Colombia con paisajes inigualables y playas vírgenes y hermosas.','assets/images/media/618eab3b721a4.jpg',1,'assets/images/portada-cartagena.jpg',57,0),(40,1,1,'Islas del  Rosario, Isla Privada Cocoliso Resort','islas-del-rosario-isla-privada-cocoliso-resort','Excelente recorrido en lancha Triton hacia las Islas del Rosario para disfrutar de un excelente lugar con la posibiliad de llegar al Oceanario o solo descansar frente al mar o divertirse en la piscina.','assets/images/tours/jet_set-viajes_y_turismocartagena-cocoliso1.jpg',0,'assets/images/portada-cartagena.jpg',60,0),(41,1,2,'Tour a Playa Blanca en Santa Marta con Almuerzo','tour-a-playa-blanca-en-santa-marta-con-almuerzo','resumen','assets/images/tours/120.jpg',0,'assets/images/portada-cartagena.jpg',63,1),(42,1,2,'Pasadia a Playa Blanca en Santa Marta','pasadia-a-playa-blanca-en-santa-marta','Increíble pasadía en una de las payas mas hermosas a tan solo 15 minutos del muelle del Rodadero un día de mucha tranquilidad, sol, con un excelente servicio, comodidad eficacia,  podrás almorzar en nuestro restaurante \"La Pikua\" frente al mar. Contamos con 2 modalidades.','assets/images/media/629e85d2bde6f.jpeg',1,'assets/images/portada-cartagena.jpg',64,0),(43,1,3,'Tour Premium en Bote con Fondo de Vidrio','tour-premium-en-bote-con-fondo-de-vidrio','Recorrido de un dia iniciando con la visita a tan solo 20 minutos al cayo Acuario, luego realizaremos avistamiento de mantarayas, peces, corales y llegaremos a la bahía interna y a la zona de manglares.\n','assets/images/media/61a271ca300da.png',0,'assets/images/portada-cartagena.jpg',66,0),(44,1,11,'City Tour por Cali','city-tour-por-cali','resumen','assets/images/tours/71.jpg',0,'assets/images/portada-cartagena.jpg',67,1),(45,1,10,'Turibus Navideño en Medellin','turibus-navideno-en-medellin','Evocando los más bellos recuerdos de la navidad, Turibus Colombia y Jet Set Viajes quiere celebrar contigo en diciembre en el ¡Tour de Navidad! Recorre los mas bellos alumbrados de Colombia.','assets/images/media/61cb341626c63.jpg',0,'assets/images/portada-cartagena.jpg',68,0),(46,1,3,'Cabalgata con Subida al Mirador 2 Horas','cabalgata-con-subida-al-mirador-2-horas','resumen','assets/images/tours/Cabalgata-en-la-Playa-con-subida-al-Mirador./1.jpg',0,'assets/images/portada-cartagena.jpg',71,1),(47,1,3,'Conoce el Semisubmarino Nautilus ','conoce-el-semisubmarino-nautilus','resumen','assets/images/tours/semisubamarino-nautilus/1.jpg',0,'assets/images/portada-cartagena.jpg',74,0),(48,1,6,'Pasaporte Arriero','pasaporte-arriero','resumen','assets/images/tours/243.jpg',0,'assets/images/portada-cartagena.jpg',77,0),(49,1,6,'Pasaporte Multiple Parque del Cafe','pasaporte-multiple-parque-del-cafe','resumen','assets/images/tours/combo-johnny-cay-y-mantarayas/1.jpg',0,'assets/images/portada-cartagena.jpg',78,0),(50,1,6,'Parque Panaca','parque-panaca','resumen','assets/images/tours/13.jpg',0,'assets/images/portada-cartagena.jpg',79,0),(51,1,1,'Islas del  Rosario, Playa Tranquila, Especial Mas Cocteles','islas-del-rosario-playa-tranquila-especial-mas-cocteles','resumen','assets/images/tours/YATE-RUMBA-POR-LA-BAHAI/1.jpg',0,'assets/images/portada-cartagena.jpg',81,1),(52,1,3,'Combo: Johnny Cay, Acuario, Mantarayas y Manglares','combo-johnny-cay-acuario-mantarayas-y-manglares','Con este combo realizaras las mejores actividades de la isla en un dia, conocerás los hermosos cayos, realizaras observación de mantarayas y visitaras manglares. Todo podemos realizarlo en una cómoda lancha ','assets/images/media/61a2875717262.jpg',0,'assets/images/portada-cartagena.jpg',82,0),(53,1,2,'Combo Encuentro con los delfines en el Acuario','combo-encuentro-con-los-delfines-en-el-acuario','Maravillosa experiencia, puedes disfrutar del ingreso al Acuario y observar todas las peceras y shows de delfines, conoce el Museo del Mar y Ospina Navia y lo mejor será el nado por 7 minutos con delfines','assets/images/media/61846ddd9b634.jpg',0,'assets/images/portada-cartagena.jpg',83,0),(54,1,3,'Rumba Caribeña por la Bahia','rumba-caribena-por-la-bahia','Realiza un recorrido por la bahía de San Andes lleno  de fiesta y rumba bajo la noche caribeña, esto  a bordo de nuestras cómodas y seguras embarcaciones. Contamos con 2 modalidades.','assets/images/media/61a8186df2ca8.jpg',0,'assets/images/portada-cartagena.jpg',92,0),(55,1,12,'Cabalgata en el Lago Calima','cabalgata-en-el-lago-calima','resumen','assets/images/tours/131.jpg',0,'assets/images/portada-cartagena.jpg',97,0),(56,1,12,'Paseo en Lancha o Ferry por el Lago Calima','paseo-en-lancha-o-ferry-por-el-lago-calima','resumen','assets/images/tours/IMG_20181227_122925.jpg',0,'assets/images/portada-cartagena.jpg',98,0),(57,1,12,'Museo Calima','museo-calima','resumen','assets/images/tours/11.jpg',0,'assets/images/portada-cartagena.jpg',99,1),(58,1,1,'Traslado a Playa Blanca Baru Terrestre Básico','traslado-a-playa-blanca-baru-terrestre-basico','resumen','assets/images/tours/1_(1).jpg',0,'assets/images/portada-cartagena.jpg',100,1),(59,1,1,'Traslados In-Out a Hoteles Centro, Getsemani, Marbella ','traslados-in-out-a-hoteles-centro-getsemani-marbella','resumen','assets/images/tours/150904-img1.jpg',0,'assets/images/portada-cartagena.jpg',101,1),(60,1,3,'Vive una Experiencia Bajo el Mar con Buceo Doble','vive-una-experiencia-bajo-el-mar-con-buceo-doble','resumen','assets/images/tours/43.jpg',0,'assets/images/portada-cartagena.jpg',102,1),(63,1,1,'City Tour con Entrada al Castillo de San Felipe Teheran Ojo','city-tour-con-entrada-al-castillo-de-san-felipe-teheran-ojo','resumen','assets/images/tours/102796-aeropuerto-sta-mta_2.jpg',0,'assets/images/portada-cartagena.jpg',110,1),(64,1,10,'Espectacular Hacienda Napoles Pasaporte Aventura','espectacular-hacienda-napoles-pasaporte-aventura','resumen','assets/images/tours/1_(2)3.jpg',0,'assets/images/portada-cartagena.jpg',112,1),(65,1,1,'Recorrido al Aviario y pasadia en Playa Tranquila','recorrido-al-aviario-y-pasadia-en-playa-tranquila','Vive la hermosa experiencia de conocer el segundo aviario mas grande de latinoamerica con mas de 1900 aves de las cuales 76 son endemicas.\nSon 7 estaciones representando los diferentes ecosistemas. Contamos con 2 modalidades.\n','assets/images/media/613fce8b6ffe9.jpg',0,'assets/images/portada-cartagena.jpg',113,1),(66,1,2,'Traslados In-Out a Hoteles del  Rodadero y Pozos Colorados','traslados-in-out-a-hoteles-del-rodadero-y-pozos-colorados','resumen','assets/images/tours/1564491068183.jpg',0,'assets/images/portada-cartagena.jpg',114,1),(67,1,1,'City Tour Panoramico Privado por la Ciudad','city-tour-panoramico-privado-por-la-ciudad','resumen','assets/images/tours/1_(14).jpg',0,'assets/images/portada-cartagena.jpg',115,1),(68,1,1,'Tierra Bomba, Margaritas Beach Privado','tierra-bomba-margaritas-beach-privado','resumen','assets/images/tours/espectacular-tour-lechero-/1.jpg',0,'assets/images/portada-cartagena.jpg',116,1),(69,1,1,'Isla de Baru Terrestre, Playa Tranquila Tradicional ','isla-de-baru-terrestre-playa-tranquila-tradicional','resumen','assets/images/tours/1_(13).jpg',0,'assets/images/portada-cartagena.jpg',117,1),(70,1,10,'City Tour por Medellin ','city-tour-por-medellin','Recorre los mas hermosos lugares turísticos de esta magnifica ciudad en nuestro recorrido a bordo de vehiculos especiales de turismo, contamos con 2 modalidades','assets/images/media/62507901b5af6.jpg',0,'assets/images/portada-cartagena.jpg',119,0),(71,1,10,'Espectacular Tour Lechero ','espectacular-tour-lechero','resumen','assets/images/tours/jet_set_viajes_y_turismocartagena_volcan_volvan_del_totumo_turismo_(8)1.jpg',0,'assets/images/portada-cartagena.jpg',120,0),(72,1,10,'Conoce la Espectacular Santa Fe de Antioquia','conoce-la-espectacular-santa-fe-de-antioquia','resumen','assets/images/tours/102796-aeropuerto-sta-mta_21.jpg',0,'assets/images/portada-cartagena.jpg',121,0),(73,1,2,'Canopy Aventura Extrema en el Acuario','canopy-aventura-extrema-en-el-acuario','A solo 10 minutos de El Rodadero vive la experiencia extrema mas fascinante de Santa Marta, Canopy es un deporte extremo que puedes disfrutar con nosotros.\nContamos con 3 modalidades','assets/images/media/61856b3740906.jpg',1,'assets/images/portada-cartagena.jpg',122,0),(74,1,1,'Volcan de lodo del Totumo y Mar Rosa','volcan-de-lodo-del-totumo-y-mar-rosa','Vive una experiencia diferente y relajante en el volcan de lodo a tan solo 50 minutos de Cartagena, rejuvenece con sus propiedades medicinales y sientete renovado.\nContamos con 2 modalidades','assets/images/media/61675837ba4b4.jpg',1,'assets/images/portada-cartagena.jpg',123,0),(75,1,2,'Traslados In - Out a Hoteles del  Sector Centro ','traslados-in-out-a-hoteles-del-sector-centro','resumen','assets/images/tours/102796-aeropuerto-sta-mta_22.jpg',0,'assets/images/portada-cartagena.jpg',124,1),(76,1,2,'Traslados desde Santa Marta a Cartagena Ida y Regreso','traslados-desde-santa-marta-a-cartagena-ida-y-regreso','resumen','assets/images/tours/IMG_20181227_1229251.jpg',0,'assets/images/portada-cartagena.jpg',125,1),(77,1,1,'Traslados desde Cartagena a  Santa Marta Ida y Regreso','traslados-desde-cartagena-a-santa-marta-ida-y-regreso','resumen','assets/images/tours/COMBO-mar-y-ciudad/1.jpg',0,'assets/images/portada-cartagena.jpg',126,1),(78,1,11,'Recorrido por Cali Aji con Salsa','recorrido-por-cali-aji-con-salsa','resumen','assets/images/tours/1_(3)2.jpg',0,'assets/images/portada-cartagena.jpg',127,1),(79,1,2,'Traslados In-Out a Hoteles Zona Tayrona','traslados-in-out-a-hoteles-zona-tayrona','resumen','assets/images/tours/1_(5)41.jpg',0,'assets/images/portada-cartagena.jpg',128,1),(80,1,1,'Traslados In-Out a Hoteles del  Sector Manzanillo','traslados-in-out-a-hoteles-del-sector-manzanillo','resumen','assets/images/tours/1_(7)1.jpg',0,'assets/images/portada-cartagena.jpg',129,1),(81,1,1,'Combo Mar y Ciudad  ','combo-mar-y-ciudad','resumen','assets/images/tours/IMG_20181227_1229252.jpg',0,'assets/images/portada-cartagena.jpg',131,1),(82,1,2,'Combo Mar y Ciudad ','combo-mar-y-ciudad','resumen','assets/images/tours/1_(8)1.jpg',0,'assets/images/portada-cartagena.jpg',132,1),(83,1,1,'Traslados desde Cartagena a  Barranquilla Ida y Regreso','traslados-desde-cartagena-a-barranquilla-ida-y-regreso','resumen','assets/images/tours/1_(4)1.jpg',0,'assets/images/portada-cartagena.jpg',133,1),(84,1,1,'Traslados desde Cartagena a Barranquilla Ida','traslados-desde-cartagena-a-barranquilla-ida','resumen','assets/images/tours/IMG_20181227_1229253.jpg',0,'assets/images/portada-cartagena.jpg',134,1),(86,1,1,'City Tour en Bus de 2 Pisos Citysightseeing','city-tour-en-bus-de-2-pisos-citysightseeing','resumen','assets/images/tours/102796-aeropuerto-sta-mta_23.jpg',1,'assets/images/portada-cartagena.jpg',136,1),(87,1,2,'Traslados desde Santa Marta a Barranquilla Ida','traslados-desde-santa-marta-a-barranquilla-ida','resumen','assets/images/tours/1_(2).jpg',0,'assets/images/portada-cartagena.jpg',139,0),(90,1,2,'Traslados In - Out a Hoteles del  Sector Taganga','traslados-in-out-a-hoteles-del-sector-taganga','resumen','assets/images/tours/1_(11).jpg',0,'assets/images/portada-cartagena.jpg',145,1),(92,1,1,'Islas del  Rosario, Isla Privada Isla del  Pirata','islas-del-rosario-isla-privada-isla-del-pirata','Salimos hacia las Islas del Rosario en lancha pasando por estas hermosas islas para conocer algunos de sus secretos.\nPasaremos nuestro dia en la Isla Privada mas exclusiva del archipielago.','assets/images/media/61492e6f79ad2.jpg',0,'assets/images/portada-cartagena.jpg',147,0),(93,1,1,'Pasadia y atardecer en Wala Beach Club','pasadia-y-atardecer-en-wala-beach-club','Sin necesidad de largos desplazamientos vive un excelente pasadia y disfruta del maravilloso atardecer de Cartagena de Indias en un lugar privado y exclusivo. Contamos con 2 modalidades.','assets/images/media/6205b9b201352.jpg',0,'assets/images/portada-cartagena.jpg',148,0),(94,1,10,'City Tour por Medellin en la Tarde','city-tour-por-medellin-en-la-tarde','resumen','assets/images/tours/turkiis-grupo-kirame-canopy.jpg',0,'assets/images/portada-cartagena.jpg',153,1),(95,1,3,'Conoce San Andres en la Vuelta a la Isla en la Tarde.','conoce-san-andres-en-la-vuelta-a-la-isla-en-la-tarde','resumen','assets/images/tours/1_(2)1.jpg',0,'assets/images/portada-cartagena.jpg',154,1),(96,1,10,'Pasadia Hacienda Nápoles ','pasadia-hacienda-napoles','Descubre las maravillosas especies animales del mundo reunidas en un solo lugar, en el municipio de Puerto Triunfo Antioquia a 165 km de Medellín. Contamos con 2 modalidades.','assets/images/media/61cb427100a35.jpg',0,'assets/images/portada-cartagena.jpg',155,0),(97,1,1,'Isla Privada Palmarito Beach Media Mañana','isla-privada-palmarito-beach-media-manana','resumen','assets/images/tours/rumbabarco1.jpg',0,'assets/images/portada-cartagena.jpg',156,1),(98,1,11,'Cali , Salsa y Cultura','cali-salsa-y-cultura','resumen','assets/images/tours/WhatsApp_Image_2019-11-30_at_1.48_.29_PM_.jpeg',0,'assets/images/portada-cartagena.jpg',157,1),(99,1,1,'Entradas al Oceanario Islas del  Rosario','entradas-al-oceanario-islas-del-rosario','El Oceanario es  (centro de investigacion, educacion y recreacion ), una organización que desarrolla actividades de educación e investigación y ofrece servicios de recreación con el fin de promover y fomentar el conocimiento, comprensión y conservación de la vida marina y en particular de la fauna, flora y ambiente del Parque Nacional Natural Corales del Rosario..','assets/images/media/628c0971858b2.png',1,'assets/images/portada-cartagena.jpg',158,0),(100,1,1,'Islas del  Rosario, Isla Privada Cocoliso Resort Bar Abierto','islas-del-rosario-isla-privada-cocoliso-resort-bar-abierto','resumen','assets/images/tours/CHIVA-RUMBERA-4-600x46021.jpg',0,'assets/images/portada-cartagena.jpg',161,1),(101,1,1,'Islas del  Rosario, Isla Privada Bendita Beach','islas-del-rosario-isla-privada-bendita-beach','Realizamos un recorrido panoramico en lancha hasta las Islas del Rosario y luego llegamos a Bendita Beach \"una isla de verdad\", para disfrutar un espectacular pasadia. Descansa en la mejor isla del archipielago.','assets/images/media/617c2e453c0aa.jpg',0,'assets/images/portada-cartagena.jpg',165,0),(102,1,7,'Traslados desde  Barranquilla a Cartagena Ida','traslados-desde-barranquilla-a-cartagena-ida','resumen','assets/images/tours/2-platos-fuente-restaurantemontesacro-com1-800x600_(1)2.jpg',0,'assets/images/portada-cartagena.jpg',166,1),(103,1,2,'Canopy desde Playa Blanca al Acuario 2 Recorridos','canopy-desde-playa-blanca-al-acuario-2-recorridos','resumen','assets/images/tours/salmon-agridulce1.jpg',0,'assets/images/portada-cartagena.jpg',167,1),(104,1,2,'Traslados desde Santa Marta a Cartagena Ida','traslados-desde-santa-marta-a-cartagena-ida','resumen','assets/images/tours/mgp-8120_10_112760.jpg',0,'assets/images/portada-cartagena.jpg',168,1),(105,1,1,'Isla Privada Bomba Beach en Tierra Bomba','isla-privada-bomba-beach-en-tierra-bomba','resumen','assets/images/tours/Medellin.jpg',0,'assets/images/portada-cartagena.jpg',169,1),(106,1,2,'Crucero Montecarlo Velada Blanca con Cena','crucero-montecarlo-velada-blanca-con-cena','resumen','assets/images/tours/jet_set-viajes_y_turismosantamarta-city_tour--turismo-monumento_pibe-(5).jpg',0,'assets/images/portada-cartagena.jpg',170,1),(107,1,1,'Islas del  Rosario, Isla Privada Bora Bora Beach Club ','islas-del-rosario-isla-privada-bora-bora-beach-club','Recorrido de 1 hora en lancha triton hasta las Islas del Rosario, realizamos un panoramico para conocerlas y luego llegamos a disfrutar nuestro Club de Playa ubicado en Isla Grande. Contamos con 2 modalidades.\n','assets/images/media/614531b952898.png',0,'assets/images/portada-cartagena.jpg',172,0),(108,1,2,'Katamaran Tayrona por las Bahias','katamaran-tayrona-por-las-bahias','Vive maravillosas experiencias a bordo del Katamaran Tayrona, recorre las hermosas bahias y disfruta de aterdeceres magicos y playas de arena blanca y musica o almuerzo a bordo.\nContamos con 3 modalidades','assets/images/media/6186aa6c8066b.jpg',0,'assets/images/portada-cartagena.jpg',173,0),(109,1,2,'Disfruta la Noche de Santa Marta en la Chiva Rumbera','disfruta-la-noche-de-santa-marta-en-la-chiva-rumbera','resumen','assets/images/tours/maxresdefault2.jpg',0,'assets/images/portada-cartagena.jpg',174,1),(110,1,2,'Visita Minca Joe Premium','visita-minca-joe-premium','resumen','assets/images/tours/sibarita_express.png',0,'assets/images/portada-cartagena.jpg',177,1),(111,1,1,'Paseo en Coche y Cena Romantica para 2 Menu Exotico','paseo-en-coche-y-cena-romantica-para-2-menu-exotico','resumen','assets/images/tours/IMG_20180602_170323.jpg',0,'assets/images/portada-cartagena.jpg',179,1),(112,1,1,'Cena Romántica para  2 y paseo en coche','cena-romantica-para-2-y-paseo-en-coche','Pasa una noche espectacular en un hermoso restaurante en Getsemani o en el centro Historico, disfruta de buena música y de una gastronomia exquisita.\nContamos con 4 modalidades para esta espectacular noche.','assets/images/media/6080a6054e1e0.jpg',0,'assets/images/portada-cartagena.jpg',180,0),(113,1,1,'','-3','','assets/images/tours/e543ef8f-511c-461e-a610-d273dedb58ea11.jpg',0,'assets/images/portada-cartagena.jpg',181,1),(114,1,10,'City Tour Nocturno por Medellin Espectacular','city-tour-nocturno-por-medellin-espectacular','resumen','assets/images/tours/91bfaec4-b5c3-417f-ae84-5cc5fa1dcf72.jpg',0,'assets/images/portada-cartagena.jpg',183,0),(115,1,2,'City Tour en Santa Marta','city-tour-en-santa-marta','Recorre durante 4 horas aproximadamente en vehículos climatizados los principales sitios turísticos de Santa Marta.\nIngresa a espectaculares lugares llenos de historia y magia. Contamos con 2 modalidades.','assets/images/media/618ab47b45ecc.jpeg',0,'assets/images/portada-cartagena.jpg',186,0),(116,1,2,'City Tour con Entradas en  Santa Marta en la Mañana','city-tour-con-entradas-en-santa-marta-en-la-manana','resumen','assets/images/tours/1_(2)4.jpg',0,'assets/images/portada-cartagena.jpg',187,1),(118,1,10,'Tour a Guatape y el Peñol sin Almuerzo','tour-a-guatape-y-el-penol-sin-almuerzo','resumen','assets/images/tours/9dd8cf77-6b80-4076-abd4-28a0c14851281.jpg',0,'assets/images/portada-cartagena.jpg',189,1),(119,1,2,'Crucero Montecarlo Velada Blanca sin Cena (Yate Rumba)','crucero-montecarlo-velada-blanca-sin-cena-yate-rumba','resumen','assets/images/tours/10-Consejos-para-practicar-snorkel1.jpg',0,'assets/images/portada-cartagena.jpg',190,1),(120,1,2,'Minca Pozo Azul,  Taganga y Playa Grande','minca-pozo-azul-taganga-y-playa-grande','Recorrido terrestre hasta el bellísimo pueblo de Minca, pequeño pueblo cafetero enclavado en las montañas de la Sierra Nevada de Santa Marta.\nContamos con 2 modalidades','assets/images/media/618e8ff77442f.jpg',0,'assets/images/portada-cartagena.jpg',191,0),(121,1,1,'Recorrido por la bahia en Yate ','recorrido-por-la-bahia-en-yate','Recorrido en yate por la bahia de Cartagena, disfruta del hermoso atardecer o de la noche y la luna magica a bordo del yate Sibarita.\nContamos con 2 modalidades con y sin cena.','assets/images/media/616611de94019.jpg',0,'assets/images/portada-cartagena.jpg',192,0),(122,1,1,'Yate Sibarita por la Bahía con Cena Incluida','yate-sibarita-por-la-bahia-con-cena-incluida','resumen','assets/images/tours/3eaad119-8569-4fb1-8f1e-666d342707602.jpg',0,'assets/images/portada-cartagena.jpg',193,1),(123,1,2,'Crucero por el Mar de los 7 Colores al Atardecer','crucero-por-el-mar-de-los-7-colores-al-atardecer','resumen','assets/images/tours/40ac1cf0-6844-4f6b-870c-be0cc063aa8b.jpg',0,'assets/images/portada-cartagena.jpg',194,1),(124,1,2,'Crucero por el Mar de los 7 Colores de la Tarde','crucero-por-el-mar-de-los-7-colores-de-la-tarde','resumen','assets/images/tours/3d815d19-bb8b-4d1c-9e00-6b0b291ca210.jpg',0,'assets/images/portada-cartagena.jpg',195,1),(125,1,2,'Tour por Las Bahias en Katamaran con Almuerzo','tour-por-las-bahias-en-katamaran-con-almuerzo','resumen','assets/images/tours/jet_set_viajes_y_turismosan_andres_buceo_turismo_(5).jpg',0,'assets/images/portada-cartagena.jpg',196,1),(126,1,2,'Cena Romántica  para 2 con del fines en el Acuario','cena-romantica-para-2-con-del-fines-en-el-acuario','resumen','assets/images/tours/Presentación1.jpg',0,'assets/images/portada-cartagena.jpg',197,0),(127,1,2,'Full day desde Santa Marta a Cartagena ','full-day-desde-santa-marta-a-cartagena','Conoce la hermosa ciudad de Cartagena de Indias ubicada a 4 horas de Santa Marta, privilegiada por sus murallas y atractivos turísticos como Islas del Rosario y el centro Histórico. Contamos con 3 modalidades.','assets/images/media/6199113a96bd9.jpg',0,'assets/images/portada-cartagena.jpg',198,0),(128,1,2,'Tour desde Santa Marta a Cartagena con Playa Tranquila Baru','tour-desde-santa-marta-a-cartagena-con-playa-tranquila-baru','resumen','assets/images/tours/IMG_20191013_214015.jpg',0,'assets/images/portada-cartagena.jpg',199,0),(129,1,1,'Snorkeling o Buceo de superficie en Islas del Rosario, Baru.','snorkeling-o-buceo-de-superficie-en-islas-del-rosario-baru','Vive una espectacular experiencia en el mar, no es necesario saber nadar, ven y conoce los hermosos arrecifes de corales y diversas especies de peces los cuales podrás darle de comer de tu propia mano, haciendo de esta una experiencia inolvidable.. Contamos con 3 modalidades.','assets/images/media/62b24687d6c7f.jpg',1,'assets/images/portada-cartagena.jpg',201,0),(130,1,1,'Snorkeling y Pasadía en Jet Set Beach','snorkeling-y-pasadia-en-jet-set-beach','resumen','assets/images/tours/44.jpg',0,'assets/images/portada-cartagena.jpg',202,1),(131,1,1,'','-3','','assets/images/tours/VOLCAN_COLLAGE_ok.jpg',0,'assets/images/portada-cartagena.jpg',205,1),(132,1,1,'','-3','resumen','assets/images/tours/19.jpg',0,'assets/images/portada-cartagena.jpg',206,1),(133,1,1,'Pasadia Tour de Plancton desde Cartagena','pasadia-tour-de-plancton-desde-cartagena','resumen','assets/images/tours/IMG_20171203_1430214752.jpg',0,'assets/images/portada-cartagena.jpg',207,1),(134,1,1,'Recorrido por el  Aviario.','recorrido-por-el-aviario','Es una entidad conservacionista que busca a través de una exhibición moderna y representativa de avifauna en ambientes naturales, promover el conocimiento sobre la diversidad colombiana, su uso sostenible y su manejo responsable.\nVen a conocer el segundo aviario mas grande de Latinoamérica con mas de 1900 aves de las cuales 76 son endémicas, contamos con 2 modalidades.','assets/images/media/628c09756448d.jpg',1,'assets/images/portada-cartagena.jpg',208,0),(135,1,1,'Buceo en Islas del Rosario, Barú.','buceo-en-islas-del-rosario-baru','Ven con nosotros a disfrutar de una experiencia inolvidable,  disfrutando de lugares mágicos que nos transportaran a mundos inimaginados, no puedes dejar de vivir experiencia en Cartagena de indias.','assets/images/media/613fb8a897b0d.jpg',1,'assets/images/portada-cartagena.jpg',211,0),(136,1,1,'Mini Curso de Buceo, Pasadia Premium en Playa Tranquila ','mini-curso-de-buceo-pasadia-premium-en-playa-tranquila','resumen','assets/images/tours/PASABORDOJETSET1.png',0,'assets/images/portada-cartagena.jpg',212,1),(137,1,2,'Combo:  Quebrada Valencia y Playa Blanca Gratis: Chiva ','combo-quebrada-valencia-y-playa-blanca-gratis-chiva','resumen','assets/images/tours/413.jpg',0,'assets/images/portada-cartagena.jpg',213,1),(138,1,1,'','-3','resumen','assets/images/tours/IMG_20181227_123849.jpg',0,'assets/images/portada-cartagena.jpg',215,1),(139,1,1,'','-3','resumen','assets/images/tours/IMG_20181227_1238491.jpg',0,'assets/images/portada-cartagena.jpg',216,1),(140,1,1,'City Tour Panoramico por la Ciudad.','city-tour-panoramico-por-la-ciudad','En este tour tendrás la oportunidad de vivir una de las experiencias mas emocionantes de la ciudad, en donde podrás transportarte en el tiempo y disfrutar de los escenarios y contrastes que nos ofrece la heroica, haciendo un breve recorrido a través de las modernas construcciones que engalanan los sectores de bocagrande, laguito y castillo, pasando luego por un túnel imaginario del tiempo, en donde nos encontraremos con una de las construcciones militares mas imponentes e importantes de todos los tiempos, el castillo de san felipe, recreando nuestra imaginación a través del tiempo recorriendo las coloridas callecitas del centro historico.\n','assets/images/media/62b644314b7a5.jpg',1,'assets/images/portada-cartagena.jpg',217,0),(141,1,1,'Full Day a Santa Marta y Parque Tayrona','full-day-a-santa-marta-y-parque-tayrona','Recorrido en vehiculo climatizado hasta la hermosa ciudad de Santa Marta y conoce el fabuloso Parque Tayrona y sus fantasticas playas.Contamos con 2 modalidades.','assets/images/media/6168d1c5d851e.jpg',0,'assets/images/portada-cartagena.jpg',219,0),(142,1,1,'Volcan del  Totumo Dia de Playa, Premium','volcan-del-totumo-dia-de-playa-premium','resumen','assets/images/tours/zonas-comunes2.jpg',0,'assets/images/portada-cartagena.jpg',220,1),(143,1,1,'Tour Full Day a Santa Marta y Playas del  Rodadero Sermarket ','tour-full-day-a-santa-marta-y-playas-del-rodadero-sermarket','resumen','assets/images/tours/2-1.jpg',0,'assets/images/portada-cartagena.jpg',221,1),(144,1,1,'Entrada al Volcan','entrada-al-volcan','resumen','assets/images/tours/chiva2.jpg',0,'assets/images/portada-cartagena.jpg',223,1),(145,1,2,'Almuerzo en Restaurante la Pikua Playa Blanca','almuerzo-en-restaurante-la-pikua-playa-blanca','resumen','assets/images/tours/IMG-20190618-WA00321.jpg',0,'assets/images/portada-cartagena.jpg',225,0),(146,1,2,'Canopy a Playa Blanca Combo Extremo','canopy-a-playa-blanca-combo-extremo','resumen','assets/images/tours/132.jpg',0,'assets/images/portada-cartagena.jpg',226,1),(147,1,2,'Rumba Rasta por la Bahia de San Andres','rumba-rasta-por-la-bahia-de-san-andres','resumen','assets/images/tours/IMG-20190618-WA00322.jpg',0,'assets/images/portada-cartagena.jpg',227,1),(148,1,2,'Generacion de Pasabordo o Web Check In','generacion-de-pasabordo-o-web-check-in','resumen','assets/images/tours/maxresdefault5.jpg',0,'assets/images/portada-cartagena.jpg',228,1),(149,1,2,'Entrada al Acuario, Museo Ospina Navia y Museo del  Mar','entrada-al-acuario-museo-ospina-navia-y-museo-del-mar','Disfruta de espectaculares shows en El Acuario a tan solo 10 minutos de el Rodadero, delfines, peces y el increible Museo Ospina Navia y Museo del Mar. Maravillosa experiencia conociendo la fauna marina.\n','assets/images/media/616f1391873a5.jpg',1,'assets/images/portada-cartagena.jpg',229,0),(150,1,1,'Traslado desde Hoteles al Muelle de la Bodeguita','traslado-desde-hoteles-al-muelle-de-la-bodeguita','resumen','assets/images/tours/IMG-20191212-WA0073.jpg',0,'assets/images/portada-cartagena.jpg',230,1),(151,1,1,'Traslado desde Hoteles Morros y Boquilla al Muelle la Bodeguita','traslado-desde-hoteles-morros-y-boquilla-al-muelle-la-bodeguita','resumen','assets/images/tours/FACHADA-CON-NOMBRE41.jpg',0,'assets/images/portada-cartagena.jpg',231,1),(153,1,1,'Traslado desde  Bocagrande y Laguito al Muelle de Cruceros','traslado-desde-bocagrande-y-laguito-al-muelle-de-cruceros','resumen','assets/images/tours/53279584_349574895660463_5883607105394269265_n.jpg',0,'assets/images/portada-cartagena.jpg',234,1),(154,1,1,'Archipielago de San Bernardo, Isla Palma y Mucura','archipielago-de-san-bernardo-isla-palma-y-mucura','Recorrido de 2 horas hasta el hermoso archipielago de San Bernardo, llegaremos a la hermosa Isla Palma para disfrutar este hermoso paraiso o Isla Mucura\nContamos con 3 modalidades por lancha o tierra.','assets/images/media/6169f05c3f699.jpg',0,'assets/images/portada-cartagena.jpg',236,0),(155,1,1,'Islas del  Rosario, Isla Privada Islabela Pasadia ','islas-del-rosario-isla-privada-islabela-pasadia','resumen','assets/images/tours/232.jpg',0,'assets/images/portada-cartagena.jpg',237,1),(156,1,3,'Conoce y da la Vuelta a la Isla en Chiva en la Tarde','conoce-y-da-la-vuelta-a-la-isla-en-chiva-en-la-tarde','resumen','assets/images/tours/IMG_20191023_121937.jpg',0,'assets/images/portada-cartagena.jpg',239,1),(157,1,1,'','','','assets/images/tours/IMG_20190616_100405_1.jpg',0,'assets/images/portada-cartagena.jpg',242,1),(158,1,1,'Isla de Baru  Terrestre, Playa Tranquila Especial con Cocteles','isla-de-baru-terrestre-playa-tranquila-especial-con-cocteles','resumen','assets/images/tours/IMG_20190420_225157.jpg',0,'assets/images/portada-cartagena.jpg',243,1),(159,1,1,'Isla de Baru, 4 destinos Premium','isla-de-baru-4-destinos-premium','Conoceremos hermosos lugares y disfrutaremos de un dia de playa inolvidable recorriendo las Islas del Rosario, conoce el  Oceanario, el Aviario o bucea en las cristalinas aguas del Caribe. Contamos con 3 modalidades. ','assets/images/media/6203154f4b896.jpg',0,'assets/images/portada-cartagena.jpg',245,0),(160,1,1,'Snorkeling de Arrecifes en Baru con Trasporte','snorkeling-de-arrecifes-en-baru-con-trasporte','resumen','assets/images/tours/IMG_20181227_1238494.jpg',0,'assets/images/portada-cartagena.jpg',249,1),(161,1,1,'Pasadia en Playa Manzanillo','pasadia-en-playa-manzanillo','Disfruta de una espectacular tarde en Playa Manzanillo, donde te ofrecemos un delicioso almuerzo frente al mar en un ambiente típico lejos del ruido y de la aglomeración de turistas.\n','assets/images/media/61686f1bd5d52.jpg',1,'assets/images/portada-cartagena.jpg',250,0),(162,1,1,'Trasporte a Islas del  Rosario, en Lancha Basico','trasporte-a-islas-del-rosario-en-lancha-basico','resumen','assets/images/tours/IMG_20190913_224441.jpg',0,'assets/images/portada-cartagena.jpg',252,1),(164,1,1,'Volcan del  Totumo Basico sin Dia de Playa ','volcan-del-totumo-basico-sin-dia-de-playa','resumen','assets/images/tours/IMG_20191031_2118291.jpg',0,'assets/images/portada-cartagena.jpg',257,1),(165,1,1,'','-3','resumen','assets/images/tours/310.jpg',0,'assets/images/portada-cartagena.jpg',258,1),(166,1,1,'City Tour, Castillo de San Felipe y Convento de la Popa','city-tour-castillo-de-san-felipe-y-convento-de-la-popa','resumen','assets/images/tours/IMG_20190727_212931.jpg',0,'assets/images/portada-cartagena.jpg',259,1),(167,1,1,'','-3','resumen','assets/images/tours/14048391662.jpg',0,'assets/images/portada-cartagena.jpg',260,1),(168,1,1,'Islas del  Rosario, Playa Tranquila, Baru Premium','islas-del-rosario-playa-tranquila-baru-premium','resumen','assets/images/tours/165c01e1-85a7-4511-8dca-08b893870e34.jpg',0,'assets/images/portada-cartagena.jpg',261,1),(169,1,1,'Isla de Baru Terrestre.','isla-de-baru-terrestre','En esta experiencia, iremos hasta la isla de Barú en vehículo climatizado desde la ciudad de Cartagena hasta playa blanca Barú en un recorrido de aproximadamente una hora, allí descenderemos del vehículo en el parqueadero donde llegaremos hasta la playa, y de acuerdo a la modalidad que escojas llegaremos a la playa caminando o abordando una pequeña lancha que nos llevará por espacio de 7 minutos hasta el sitio elegido.\n\nContamos con 3 modalidades tradicional, especial  y premium.','assets/images/media/628bdb8ad8d36.png',1,'assets/images/portada-cartagena.jpg',262,0),(170,1,1,'Vive Getsemani de Noche Exclusivo Jet Set','vive-getsemani-de-noche-exclusivo-jet-set','resumen','assets/images/tours/WhatsApp_Image_2018-11-15_at_7.40__.11_PM_1_.jpg',0,'assets/images/portada-cartagena.jpg',263,1),(171,1,12,'Vive Calima al Extremo','vive-calima-al-extremo','resumen','assets/images/tours/WhatsApp_Image_2018-11-15_at_7.40__.11_PM_1_1.jpg',0,'assets/images/portada-cartagena.jpg',265,1),(172,1,1,'Traslado Terrestre de Playa Blanca Baru a Cartagena ','traslado-terrestre-de-playa-blanca-baru-a-cartagena','resumen','assets/images/tours/WhatsApp_Image_2018-11-15_at_7.40__.11_PM_1_3.jpg',0,'assets/images/portada-cartagena.jpg',266,1),(173,1,1,'Playa Blanca Tradicional con Sillas Agy','playa-blanca-tradicional-con-sillas-agy','resumen','assets/images/tours/c700x420.jpg',0,'assets/images/portada-cartagena.jpg',267,1),(174,1,1,'','-3','resumen','assets/images/tours/IMG_20181227_12292541.jpg',0,'assets/images/portada-cartagena.jpg',268,1),(175,1,1,'Panoramico a Islas del Rosario + entrada al Oceanario','panoramico-a-islas-del-rosario-entrada-al-oceanario','Recorrido en lancha desde Playa Blanca Baru hasta las islas del Rosario para ingresar a la mas hermosa exhibición de delfines, tiburones, tortugas y muchísimas especies marinas mas. Vive la mejor experiencia.','assets/images/media/617c3055c6d43.jpg',0,'assets/images/portada-cartagena.jpg',269,0),(176,1,1,'Vive Getsemani de Rumba Exclusivo Jet Set','vive-getsemani-de-rumba-exclusivo-jet-set','resumen','assets/images/tours/foto-7-5.jpg',0,'assets/images/portada-cartagena.jpg',274,1),(177,1,1,'','-3','','assets/images/tours/ciudad_perdida_lost_city_sierra_nevada_santa_marta_colombia11.jpg',0,'assets/images/portada-cartagena.jpg',277,1),(178,1,1,'Atardecer por la bahia en Barco Pirata','atardecer-por-la-bahia-en-barco-pirata','Espectacular recorrido de 2 horas por la bahia de Cartagena en un antiguo barco Pirata, disfruta del atardecer, bar abierto y buena musica.\nVive la experiencia y trasportate a la epoca de piratas y bucaneros.','assets/images/media/617c5f74214c6.jpeg',0,'assets/images/portada-cartagena.jpg',278,0),(179,1,1,'Full Day Tayrona: Cabo San Juan, Cañaveral y Arrecifes','full-day-tayrona-cabo-san-juan-canaveral-y-arrecifes','resumen','assets/images/tours/3_(1).jpg',0,'assets/images/portada-cartagena.jpg',279,1),(180,1,1,'Vive Getsemani Magico.','vive-getsemani-magico','Vive una experiencia inolvidable recorriendo las pintorescas callecitas de uno de los  barrios de Cartagena de Indias mas antiguos.\nConoce por que fue nombrado el 4to barrio mas cool de latinoamerica en 2018 por la revista Forbes.\nContamos con 3 modalidades.','assets/images/media/62a3ab021a68f.jpeg',1,'assets/images/portada-cartagena.jpg',280,0),(181,1,1,'Paseo en Coche Cena Romantica para 2 Menu Sensacion','paseo-en-coche-cena-romantica-para-2-menu-sensacion','resumen','assets/images/tours/102796-aeropuerto-sta-mta_243.jpg',0,'assets/images/portada-cartagena.jpg',281,1),(182,1,1,'Baño de Plancton en Playa Blanca Baru.','bano-de-plancton-en-playa-blanca-baru','Disfruta esta maravillosa experiencia, baño con plancton.\nPasa un dia relajado en Playa Blanca Baru, disfruta de un atardecer romàntico  y en la noche disfrutaremos de la magica noche mientras te bañas en medio de el plancton.\nContamos con 3 modalidades.  ','assets/images/media/62ae1a193972b.jpg',1,'assets/images/portada-cartagena.jpg',283,0),(183,1,1,'','-3','resumen','assets/images/tours/102796-aeropuerto-sta-mta_245.jpg',0,'assets/images/portada-cartagena.jpg',284,1),(184,1,7,'Traslados desde Barranquilla Cartagena Ida','traslados-desde-barranquilla-cartagena-ida','resumen','assets/images/tours/jet_set-viajes_y_turismosan_andres--providencia-cabalgata-(11).jpg',0,'assets/images/portada-cartagena.jpg',285,1),(188,1,1,'','','','assets/assets/images/default.jpg',0,'assets/images/portada-cartagena.jpg',289,1),(189,1,1,'Impuesto de Extranjeria','impuesto-de-extranjeria','resumen','assets/assets/images/default.jpg',0,'assets/images/portada-cartagena.jpg',290,0),(190,1,1,'','-3','resumen','assets/assets/images/default.jpg',0,'assets/images/portada-cartagena.jpg',291,1),(192,1,2,'Aquanautas, Caminata Submarina','aquanautas-caminata-submarina','Disfruta de 20 a 25 minutos de una espectacular caminata bajo las hermosas aguas de nuestro maravilloso mar donde se disfrutara de un hermoso paisaje marino, luego podras disfrutar de una playa privada.\n\n','assets/images/media/6186bac28fd12.jpg',0,'assets/images/portada-cartagena.jpg',293,0),(193,1,2,'Visita y Disfruta Palomino','visita-y-disfruta-palomino','resumen','assets/assets/images/default.jpg',0,'assets/images/portada-cartagena.jpg',294,1),(194,1,2,'Palomino Exclusivo y Tayronaka','palomino-exclusivo-y-tayronaka','Recorrido de 2 horas al espectacular pueblo Palomino en la Guajira, bella localidad situada al norte del país, cuenta con una ubicación ideal. Contamos con 2 modalidades.','assets/images/media/61ba6529e24e3.jpg',0,'assets/images/portada-cartagena.jpg',295,0),(195,1,2,'Tour Quebrada Valencia y Buritaca con Almuerzo','tour-quebrada-valencia-y-buritaca-con-almuerzo','resumen','assets/assets/images/default.jpg',0,'assets/images/portada-cartagena.jpg',296,1),(196,1,2,'Avistamiento de Aves, Minca Premium','avistamiento-de-aves-minca-premium','resumen','assets/assets/images/default.jpg',0,'assets/images/portada-cartagena.jpg',297,0),(197,1,2,'Traslados desde Santa Marta a Barranquilla Ida y Regreso','traslados-desde-santa-marta-a-barranquilla-ida-y-regreso','resumen','assets/assets/images/default.jpg',0,'assets/images/portada-cartagena.jpg',300,1),(202,1,2,'Cabalgata Extrema a la Laguna','cabalgata-extrema-a-la-laguna','resumen','assets/assets/images/default.jpg',0,'assets/images/portada-cartagena.jpg',305,1),(203,1,1,'Atardecer y Noche Caribeña  por la Bahia','atardecer-y-noche-caribena-por-la-bahia','Podemos disfrutar del atardecer o de la noche estrellada. Tenemos grupo vallenato en vivo, ceviche de camarones, bar abierto o bebidas.\nContamos con 2 modalidades una compartida y otra  privada.','assets/images/media/61eca8ae2b6c8.jpeg',0,'assets/images/portada-cartagena.jpg',308,0),(204,1,1,'City Tour con Recorrido por el Centro en Segway','city-tour-con-recorrido-por-el-centro-en-segway','resumen','assets/assets/images/default.jpg',0,'assets/images/portada-cartagena.jpg',309,1),(205,1,1,'Recorrido Historico en Segway Fun Ride','recorrido-historico-en-segway-fun-ride','resumen','assets/assets/images/default.jpg',0,'assets/images/portada-cartagena.jpg',310,1),(206,1,1,'Pasadia en Isla de Tierra Bomba, Punta Arena ','pasadia-en-isla-de-tierra-bomba-punta-arena','Vive una experiencia inolvidable a solo 10 minutos de la ciudad de Cartagena, descansa en sus playas exclusivas libres de el mundanal ruido citadino, y de la muchedumbre, en nuestro club de playa.\n','assets/images/media/62995f7037d25.jpeg',1,'assets/images/portada-cartagena.jpg',312,0),(209,1,1,'','-3','','assets/assets/images/default.jpg',0,'assets/images/portada-cartagena.jpg',315,1),(210,1,1,'','-3','resumen','assets/assets/images/default.jpg',0,'assets/images/portada-cartagena.jpg',316,1),(211,1,1,'Islas del  Rosario + Oceanario + Snorkel y Playa Tranquila Baru','islas-del-rosario-oceanario-snorkel-y-playa-tranquila-baru','Este fantastico recorrido sera a las islas del Rosario, el Oceanario y tendremos la oportunidad de hacer snorkel.\nEl resto de dia sera en nuestro Club de Playa Jet Set Beach disfrutando de un delicioso almuerzo.','assets/images/media/6160dbd522e25.jpg',0,'assets/images/portada-cartagena.jpg',317,0),(212,1,2,'Pasadia Paraiso Tayrona','pasadia-paraiso-tayrona','resumen','assets/assets/images/default.jpg',0,'assets/images/portada-cartagena.jpg',318,1),(213,1,2,'Recorrido por la Bahia en Bote con Fondo de Vidrio','recorrido-por-la-bahia-en-bote-con-fondo-de-vidrio','resumen','assets/assets/images/default.jpg',0,'assets/images/portada-cartagena.jpg',319,1),(217,1,1,'Islas del  Rosario + Oceanario o Snorkel/Medio Dia','islas-del-rosario-oceanario-o-snorkelmedio-dia','RecorrIdo en lancha deportiva a Islas del Rosario, escoge ingresar al Oceanario o interactuar con los peces haciendo snorkel en los hermosos arrecifes de peces y corales. Regresamos al medio dia via terrestre.','assets/images/media/613d45b92cc28.jpg',0,'assets/images/portada-cartagena.jpg',323,0),(218,1,1,'Noche Caribeña por la Bahia','noche-caribena-por-la-bahia','resumen','assets/assets/images/default.jpg',0,'assets/images/portada-cartagena.jpg',324,1),(219,1,1,'Islas del  Rosario, Isla Privada Isla del  Sol','islas-del-rosario-isla-privada-isla-del-sol','Hermosa isla privada el archipiélago del Rosario a donde llegaremos en lancha después de una hora de fascinante recorrido desde Cartagena. Tenemos la infraestructura ideal para que disfrutes un gran dia','assets/images/media/6161c201589df.jpg',0,'assets/images/portada-cartagena.jpg',325,0),(220,1,1,'4 Islas del  Rosario + Playa Tranquila Premium ','4-islas-del-rosario-playa-tranquila-premium','En este recorrido conoceremos hermosos lugares y disfrutaremos de un dia de playa inolvidable recorriendo las Islas del Rosario. \nContamos con 2 modalidades con y sin baño con plancton','assets/images/media/61316f173db0b.jpg',0,'assets/images/portada-cartagena.jpg',326,0),(221,1,1,'Traslado Aeropuerto al Muelle de la Bodeguita','traslado-aeropuerto-al-muelle-de-la-bodeguita','resumen','assets/assets/images/default.jpg',0,'assets/images/portada-cartagena.jpg',327,1),(224,1,1,'Traslado del  Muelle de Castillo a Punta Arena','traslado-del-muelle-de-castillo-a-punta-arena','resumen','assets/assets/images/default.jpg',0,'assets/images/portada-cartagena.jpg',330,1),(225,1,1,'Islas del  Rosario, la Cocotera','islas-del-rosario-la-cocotera','resumen','assets/assets/images/default.jpg',0,'assets/images/portada-cartagena.jpg',331,1),(226,1,1,'Trasporte a Islas del  Rosario, Isla Privada en Lancha','trasporte-a-islas-del-rosario-isla-privada-en-lancha','resumen','assets/assets/images/default.jpg',0,'assets/images/portada-cartagena.jpg',333,1),(227,1,1,'Islas del  Rosario, Isla Privada Kokomo','islas-del-rosario-isla-privada-kokomo','resumen','assets/assets/images/default.jpg',0,'assets/images/portada-cartagena.jpg',334,1),(228,1,2,'Termales el Volcan ','termales-el-volcan','resumen','assets/assets/images/default.jpg',0,'assets/images/portada-cartagena.jpg',335,1),(229,4,1,'Traslado de Aeropuerto Rafael Núñez a Bocagrande, Laguito Y Manga','traslado-de-aeropuerto-rafael-nunez-a-bocagrande-laguito-y-manga-3','Traslado del aeropuerto a hoteles ubicados en el Sector Bocagrande, Laguito y Manga.','assets/images/media/6186faf98c3d6.jpg',1,NULL,NULL,0),(233,1,1,'Combo Snorkel y Oceanario','combo-snorkel-y-oceanario','2 maravillosas actividades: El Oceanario: disfruta del espectaculo de delfines, tiburones y Snorkel de arrecifes: conoce los hermosos arrecifes de corales de nuestro mar caribe en el parque Corales del Rosario','assets/images/media/6178699157310.jpg',0,NULL,336,0),(247,4,1,'Traslado de Aeropuerto Rafael Núñez a Zona Centro','traslado-de-aeropuerto-rafael-nunez-a-zona-centro','Resumne....',NULL,0,NULL,337,0),(248,4,1,'Traslado de Bocagrande, Laguito Y Manga a Aeropuerto Rafael Núñez','traslado-de-bocagrande-laguito-y-manga-a-aeropuerto-rafael-nunez','Traslado de hoteles ubicados en el Sector Bocagrande, Laguito y Manga al aeropuerto\n\nEsta tarifa es valida para vuelos diurnos solamente, en caso de ser un vuelo que llegue a Cartagena después de las 10 de la noche tiene un recargo de 10.000 cop/ 3 us por reserva.','assets/images/media/6186f467e6a4f.jpg',1,NULL,338,0),(249,4,1,'Traslado de Aeropuerto Rafael Núñez a Bocagrande, Laguito Y Manga','traslado-de-aeropuerto-rafael-nunez-a-bocagrande-laguito-y-manga','Traslado de aeropuerto a hoteles ubicados en el Sector Bocagrande, Laguito y Manga \n\nEsta tarifa es valida para vuelos diurnos solamente, en caso de ser un vuelo que llegue a Cartagena después de las 10 de la noche tiene un recargo de 10.000 cop/ 3 us por reserva.','assets/images/media/6186f44765c49.jpg',0,NULL,339,0),(250,4,1,'Traslado de Aeropuerto Rafael Núñez a Centro, Getsemani y Marbella','traslado-de-aeropuerto-rafael-nunez-a-centro-getsemani-y-marbella','Traslado del aeropuerto a hoteles ubicados en el Sector Centro, Getsemani y Marbella.','assets/images/media/6186f8bf40b9b.jpg',1,NULL,340,0),(251,4,1,'Traslado de Aeropuerto Rafael Núñez a Centro, Getsemani y Marbella','traslado-de-aeropuerto-rafael-nunez-a-centro-getsemani-y-marbella-3','','assets/images/media/61896d14cf050.jpg',0,NULL,341,0),(252,4,1,'Traslado de Centro, Getsemani y Marbella a Aeropuerto Rafael Núñez','traslado-de-centro-getsemani-y-marbella-a-aeropuerto-rafael-nunez','Traslado de hoteles ubicados en el Sector Centro, Getsemani y Marbella al aeropuerto\n\nEsta tarifa es valida para vuelos diurnos solamente, en caso de ser un vuelo que llegue a Cartagena después de las 10 de la noche tiene un recargo de 10.000 cop/ 3 us por reserva.','assets/images/media/6189732307693.jpg',1,NULL,342,0),(253,4,1,'Traslado de Aeropuerto Rafael Núñez a Zona Norte, Boquilla y Morros','traslado-de-aeropuerto-rafael-nunez-a-zona-norte-boquilla-y-morros','Traslado del aeropuerto a hoteles ubicados en el Sector Zona Norte, Boquilla y Morros','assets/images/media/61899fe369588.jpg',1,NULL,343,0),(254,4,1,'Traslado de Zona Norte, Boquilla y Morros a Aeropuerto Rafael Núñez','traslado-de-zona-norte-boquilla-y-morros-a-aeropuerto-rafael-nunez','Traslado de hoteles ubicados en el Sector Zona Norte, Boquilla y Morros\n\n','assets/images/media/6189a30a5927e.jpg',1,NULL,344,0),(255,4,1,'Traslado de Aeropuerto Rafael Núñez a Zona Manzanillo ','traslado-de-aeropuerto-rafael-nunez-a-zona-manzanillo','Traslado del aeropuerto a hoteles ubicados en el Sector Zona Manzanillo','assets/images/media/6189ab0d91fe9.jpg',1,NULL,345,0),(256,4,1,'Traslado de Zona Manzanillo  a Aeropuerto Rafael Núñez','traslado-de-zona-manzanillo-a-aeropuerto-rafael-nunez','Traslado de hoteles ubicados en el Sector Zona Manzanillo\n\n','assets/images/media/6189abafb6ae2.jpg',1,NULL,346,0),(257,4,1,'Traslado de Aeropuerto Rafael Núñez a Zona Baru Playa Blanca','traslado-de-aeropuerto-rafael-nunez-a-zona-baru-playa-blanca','Traslado del aeropuerto a hoteles ubicados en el Sector Baru Playa Blanca','assets/images/media/6189adb830fa8.jpg',1,NULL,347,0),(258,4,1,'Traslado de Zona Baru Playa Blanca a Aeropuerto Rafael Núñez','traslado-de-zona-baru-playa-blanca-a-aeropuerto-rafael-nunez','Traslado de hoteles ubicados en el Sector Baru Playa Blanca al aeropuerto\n\n','assets/images/media/6189b12ab8f09.jpg',1,NULL,348,0),(259,4,1,'Traslado de Bocagrande, Laguito Y Manga a Muelle de la Bodeguita','traslado-de-bocagrande-laguito-y-manga-a-muelle-de-la-bodeguita','Traslado de hoteles ubicados en el Sector Bocagrande, Laguito y Manga al Muelle de la Bodeguita','assets/images/media/619006e7a99f3.jpeg',1,NULL,349,0),(260,4,1,'Traslado de Zona Norte, Boquilla y Morros a Muelle de la Bodeguita','traslado-de-zona-norte-boquilla-y-morros-a-muelle-de-la-bodeguita','Traslado de hoteles ubicados en el Sector Zona Norte, Boquilla y Morros al Muelle de la Bodeguita','assets/images/media/61900724cfe50.jpeg',1,NULL,350,0),(261,4,1,'Traslado de Zona Manzanillo  a Muelle de la Bodeguita','traslado-de-zona-manzanillo-a-muelle-de-la-bodeguita','Traslado de hoteles ubicados en el Sector Manzanillo al Muelle de la Bodeguita','assets/images/media/6190071874896.jpeg',1,NULL,351,0),(262,4,1,'Traslado de Hoteles Cartagena (sujeto a ubicacion) a Hoteles Santa Marta (sujeto a ubicacion)','traslado-de-hoteles-cartagena-sujeto-a-ubicacion-a-hoteles-santa-marta-sujeto-a-ubicacion','Si estas en Cartagena y quieres conocer Santa Marta con nosotros puedes ir en cómodos buses con aire acondicionado.\nRealizamos el recorrido en 4 horas aproximadamente, te recogemos en tu hotel (sujeto a ubicación).','assets/images/media/618a904a98a4f.jpg',1,NULL,352,0),(263,4,1,'Traslado de Hoteles Santa Marta (sujeto a ubicacion) a Hoteles Cartagena (sujeto a ubicacion)','traslado-de-hoteles-santa-marta-sujeto-a-ubicacion-a-hoteles-cartagena-sujeto-a-ubicacion','Si estas en Santa Marta  y quieres conocer o volver a Cartagena con nosotros puedes ir en cómodos buses con aire acondicionado.\nRealizamos el recorrido en 4 horas aproximadamente, te recogemos en tu hotel (sujeto a ubicación).','assets/images/media/618a91b26ec98.jpg',1,NULL,353,0),(264,4,2,'Traslado de Hoteles Santa Marta (sujeto a ubicacion) a Hoteles Cartagena (sujeto a ubicacion)','traslado-de-hoteles-santa-marta-sujeto-a-ubicacion-a-hoteles-cartagena-sujeto-a-ubicacion-3','Si estas en Santa Marta  y quieres conocer Cartagena con nosotros puedes ir en cómodos buses con aire acondicionado.\nRealizamos el recorrido en 4 horas aproximadamente, te recogemos en tu hotel (sujeto a ubicación).','assets/images/media/618a976c95a66.jpg',1,NULL,354,0),(265,1,2,NULL,'-3',NULL,NULL,0,NULL,355,1),(266,4,1,'Traslado de Centro, Getsemani y Marbella a Muelle de la Bodeguita','traslado-de-centro-getsemani-y-marbella-a-muelle-de-la-bodeguita','Traslado de hoteles ubicados en el Sector Centro, Getsemani y Marbella al Muelle de la Bodeguita','assets/images/media/619003f340ddc.jpeg',1,NULL,356,0),(267,1,1,'Chiva Rumbera en Cartagena','chiva-rumbera-en-cartagena','En esta experiencia, recorreremos las mágicas y románticas calles de la ciudad de Cartagena de indias, donde disfrutaremos de su ambiente alegre y cálido que nos ofrecen sus habitantes, propios y visitantes, a bordo de un vehículo de madera, tradicional de Colombia, mas conocido en la regíon como chiva, para esta actividad contamos con dos modalidades.','assets/images/media/628bebb3d8d9f.jpg',1,NULL,357,0),(268,4,2,'Traslado de Aeropuerto Simon Bolivar a Hoteles Zona Centro Historico','traslado-de-aeropuerto-simon-bolivar-a-hoteles-zona-centro-historico','Traslado del aeropuerto a hoteles ubicados en el Sector Centro Historico','assets/images/media/61aa843cf09ca.jpg',1,NULL,358,0),(269,4,1,'Traslado de Hoteles Cartagena (sujeto a ubicacion) a Punto de llegada en Barranquilla Calle 93 Cra 46','traslado-de-hoteles-cartagena-sujeto-a-ubicacion-a-punto-de-llegada-en-barranquilla-calle-93-cra-46','Si estas en Cartagena y quieres conocer Barranquilla con nosotros puedes ir en cómodos buses con aire acondicionado.\nRealizamos el recorrido en 2 horas aproximadamente, te recogemos en tu hotel (sujeto a ubicación).',NULL,1,NULL,359,0),(270,4,2,'Traslado de Aeropuerto Simon Bolivar a Hoteles Zona Taganga','traslado-de-aeropuerto-simon-bolivar-a-hoteles-zona-taganga','Traslado del aeropuerto a hoteles ubicados en el Sector Taganga','assets/images/media/61aa834bb55c5.jpg',1,NULL,360,0),(271,4,2,'Traslado de Aeropuerto Simon Bolivar a Hoteles Zona El rodadero y Pozos Colorados','traslado-de-aeropuerto-simon-bolivar-a-hoteles-zona-el-rodadero-y-pozos-colorados','Traslado del aeropuerto a hoteles ubicados en el Sector El Rodadero y Pozos Colorados','assets/images/media/61aa8335ef620.jpg',1,NULL,361,0),(272,4,2,'Traslado de Hoteles Zona Centro Historico a Aeropuerto Simon Bolivar','traslado-de-hoteles-zona-centro-historico-a-aeropuerto-simon-bolivar','Traslado de hoteles ubicados en el Sector Centro Histórico\n\nEsta tarifa es valida para vuelos diurnos solamente, en caso de ser un vuelo que llegue a Santa Marta después de las 10 de la noche tiene un recargo de 15.000 cop/ 3 us por reserva.','assets/images/media/61aa831e9420e.jpg',1,NULL,362,0),(273,4,2,'Traslado de Hoteles Zona El rodadero y Pozos Colorados a Aeropuerto Simon Bolivar','traslado-de-hoteles-zona-el-rodadero-y-pozos-colorados-a-aeropuerto-simon-bolivar','Traslado de hoteles ubicados en el Sector El Rodadero y Pozos Colorados\n\nEsta tarifa es valida para vuelos diurnos solamente, en caso de ser un vuelo que llegue a Santa Marta después de las 10 de la noche tiene un recargo de 10.000 cop/ 3 us por reserva.','assets/images/media/61aa83eb05b4d.jpg',1,NULL,363,0),(274,4,2,'Traslado de Hoteles Zona Taganga a Aeropuerto Simon Bolivar','traslado-de-hoteles-zona-taganga-a-aeropuerto-simon-bolivar','Traslado de hoteles ubicados en el Sector Taganga\n\nEsta tarifa es valida para vuelos diurnos solamente, en caso de ser un vuelo que llegue a Santa Marta después de las 10 de la noche tiene un recargo de 30.000 cop/ 10 us por reserva.','assets/images/media/61aa83be0ab65.jpg',1,NULL,364,0),(275,4,1,'Traslado de Zona Baru Playa Blanca (únicamente 3.00 pm) a Hoteles Cartagena (sujeto a ubicacion)','traslado-de-zona-baru-playa-blanca-unicamente-3-00-pm-a-hoteles-cartagena-sujeto-a-ubicacion','Traslado de Playa Blanca Baru vía terrestre únicamente a las 3.00 pm hacia hoteles de Cartagena ubicados en Zona Bocagrande, Laguito, Castillo Grande, Getsemani y Torre del Reloj','assets/images/media/61a117f5ef38e.jpeg',1,NULL,365,0),(276,4,1,'Traslado de Zona Baru Playa Blanca en lancha (únicamente 3.00 pm) a Muelle de la Bodeguita','traslado-de-zona-baru-playa-blanca-en-lancha-unicamente-3-00-pm-a-muelle-de-la-bodeguita','Traslado desde Playa Blanca Baru vía maritima hacia el muelle de la Bodeguita, única salida a las 3.00 pm','assets/images/media/61a119e8710ce.jpg',1,NULL,366,0),(278,1,3,'PRUEBA','prueba','TEST',NULL,0,NULL,367,1),(279,1,1,'COMBO CARTAGENA ESPECIAL','combo-cartagena-especial','Combo exclusivo para agencias de viajes','assets/images/media/61a92c5c39be8.jpg',0,NULL,368,0),(280,1,2,'COMBO SANTA MARTA ESPECIAL','combo-santa-marta-especial','Combo exclusivo para agencias de viajes','assets/images/media/61a96d45ce9f5.jpg',0,NULL,369,0),(281,4,2,'Traslado de Aeropuerto Simon Bolivar a Hoteles Zona Santorini Casa Blanca','traslado-de-aeropuerto-simon-bolivar-a-hoteles-zona-santorini-casa-blanca','Traslado del aeropuerto a hoteles ubicados en el Sector Santorini','assets/images/media/61aac9ed530d0.jpg',1,NULL,370,0),(282,4,2,'Traslado de Hoteles Zona Santorini Casa Blanca a Aeropuerto Simon Bolivar','traslado-de-hoteles-zona-santorini-casa-blanca-a-aeropuerto-simon-bolivar','Traslado de hoteles ubicados en el Sector Santorini Casa Blanca\n\nEsta tarifa es valida para vuelos diurnos solamente, en caso de ser un vuelo que llegue a Santa Marta después de las 10 de la noche tiene un recargo de 15.000 cop/ 3 us por reserva.','assets/images/media/61aacccb11fc4.jpg',1,NULL,371,0),(283,1,1,'TEST','test',NULL,NULL,0,NULL,372,1),(284,4,1,'Traslado de Hoteles Cartagena (sujeto a ubicacion) a Zona Playa Blanca Baru (únicamente 7.00 am regreso 3.00 pm)','traslado-de-hoteles-cartagena-sujeto-a-ubicacion-a-zona-playa-blanca-baru-unicamente-7-00-am-regreso-3-00-pm','Traslado de hoteles ubicados en Zona Bocagrande, Laguito, Castillo Grande, Getsemaní y Torre del Reloj, vía terrestre hacia Playa Blanca Baru, única salida a las 7.00 am y regreso a las 3.00 pm','assets/images/media/61b50bd9a5948.jpeg',1,NULL,373,0),(285,4,1,'Traslado de Muelle de la Bodeguita a Zona Playa Blanca Baru (únicamente 8.00 am y regreso 3.00 pm)','traslado-de-muelle-de-la-bodeguita-a-zona-playa-blanca-baru-unicamente-8-00-am-y-regreso-3-00-pm','Traslado desde muelle de la Bodeguita hacia Playa Blanca Baru vía marítima, única salida a las 8.00 am y regreso a las 3.00 pm','assets/images/media/61b510d780c1b.jpg',1,NULL,374,0),(286,4,2,'Traslado de Hoteles Cartagena (sujeto a ubicacion) a Hoteles Santa Marta (sujeto a ubicacion)','traslado-de-hoteles-cartagena-sujeto-a-ubicacion-a-hoteles-santa-marta-sujeto-a-ubicacion-3','Si estas en Cartagena y quieres conocer Santa Marta con nosotros puedes ir en cómodos buses con aire acondicionado.\nRealizamos el recorrido en 4 horas aproximadamente, te recogemos en tu hotel (sujeto a ubicación).','assets/images/media/61b67d3983a15.jpg',1,NULL,375,0),(287,1,1,'COMBO CARTAGENA Y SANTA MARTA','combo-cartagena-y-santa-marta','Combo exclusivo para agencias de viajes ',NULL,0,NULL,376,0),(288,4,1,'Traslado de Hoteles Cartagena (sujeto a ubicacion) a Zona Playa Blanca Baru (únicamente 7 am)','traslado-de-hoteles-cartagena-sujeto-a-ubicacion-a-zona-playa-blanca-baru-unicamente-7-am','Traslado de hoteles ubicados en Zona Bocagrande, Laguito, Castillo Grande, Getsemaní y Torre del Reloj, vía terrestre hacia Playa Blanca Baru, única salida a las 7.00 am, sin retorno','assets/images/media/61c110b1be5e3.jpeg',1,NULL,377,0),(289,1,2,'COMBO SANTA MARTA Y CARTAGENA','combo-santa-marta-y-cartagena','Combo exclusivo para agencias de viajes ',NULL,0,NULL,378,0),(290,1,1,'Citysightseeing City tour en bus de 2 pisos.','citysightseeing-city-tour-en-bus-de-2-pisos','Vive tu propia experiencia en Cartagena de Indias, con un tiquete para el icónico city tour Cartagena, el único bus turístico de 2 pisos con techo abierto de la ciudad.\nHop on Hop off city tour, o bus turístico de Cartagena,  te permite subir y bajar en cualquiera de las 14 paradas designadas que conducen a lo mejor que la ciudad tiene para ofrecer.\nAdemás, el tiquete de nuestro bus turístico Cartagena, incluye una caminata guiada por las calles empedradas de la histórica Ciudad Amurallada, sin cargo adicional.','assets/images/media/62b4d1a1d892f.jpg',1,NULL,379,0),(291,4,3,'Traslado de Aeropuerto Rojas Pinilla a Hoteles zona Cabañas y Centro','traslado-de-aeropuerto-rojas-pinilla-a-hoteles-zona-cabanas-y-centro','Traslado del aeropuerto a hoteles ubicados en el Sector Cabañas y Centro','assets/images/media/61cdc753e7ca3.jpg',1,NULL,380,0),(292,4,3,'Traslado de Zona Cabañas y Centro a Aeropuerto Rojas Pinilla','traslado-de-zona-cabanas-y-centro-a-aeropuerto-rojas-pinilla','Traslado de hoteles ubicados en el Sector Cabañas y Centro al aeropuerto\n\nEsta tarifa es valida para vuelos diurnos solamente, en caso de ser un vuelo que llegue a San Andres después de las 10 de la noche tiene un recargo de 15.000 cop/ 3 us por reserva.','assets/images/media/61cdd6f62aa74.jpg',1,NULL,381,0),(293,4,1,'Traslado de Hoteles Santa Marta (sujeto a ubicacion) a Punto de llegada en Barranquilla Calle 93 Cra 46','traslado-de-hoteles-santa-marta-sujeto-a-ubicacion-a-punto-de-llegada-en-barranquilla-calle-93-cra-46','Si estas en Santa Marta  y quieres conocer Barranquilla con nosotros puedes ir en cómodos buses con aire acondicionado.\nRealizamos el recorrido en 2 horas aproximadamente, te recogemos en tu hotel (sujeto a ubicación).',NULL,0,NULL,382,0),(294,4,2,'Traslado de Hoteles Santa Marta (sujeto a ubicacion) a Punto de llegada en Barranquilla Calle 93 Cra 46','traslado-de-hoteles-santa-marta-sujeto-a-ubicacion-a-punto-de-llegada-en-barranquilla-calle-93-cra-46','Si estas en Santa Marta  y quieres conocer Barranquilla con nosotros puedes ir en cómodos buses con aire acondicionado.\nRealizamos el recorrido en 2 horas aproximadamente, te recogemos en tu hotel (sujeto a ubicación).',NULL,1,NULL,383,0),(295,4,3,'Traslado de Aeropuerto Rojas Pinilla a Hoteles Zona La Rocosa','traslado-de-aeropuerto-rojas-pinilla-a-hoteles-zona-la-rocosa','Traslado del aeropuerto a hoteles ubicados en el Sector la Rocosa','assets/images/media/61e98b6100d90.jpg',1,NULL,384,0),(296,4,3,'Traslado de Hoteles Zona La Rocosa a Aeropuerto Rojas Pinilla','traslado-de-hoteles-zona-la-rocosa-a-aeropuerto-rojas-pinilla','Traslado de hoteles ubicados en el Sector la Rocosa al aeropuerto\n\nEsta tarifa es valida para vuelos diurnos solamente, en caso de ser un vuelo que llegue a San Andres después de las 10 de la noche tiene un recargo de 15.000 cop/ 3 us por reserva.','assets/images/media/61e98d996fea5.jpg',1,NULL,385,0),(297,4,3,'Traslado de Aeropuerto Rojas Pinilla a Hoteles Mar Azul y Caribe Campo','traslado-de-aeropuerto-rojas-pinilla-a-hoteles-mar-azul-y-caribe-campo','Traslado del aeropuerto a hoteles ubicados en el Sector Mar Azul y Caribe Campo','assets/images/media/61e991d6841e9.jpg',1,NULL,386,0),(298,4,3,'Traslado de Hoteles Mar Azul y Caribe Campo a Aeropuerto Rojas Pinilla','traslado-de-hoteles-mar-azul-y-caribe-campo-a-aeropuerto-rojas-pinilla','Traslado de hoteles ubicados en el Sector Mar Azul y Caribe Campo al aeropuerto\n\nEsta tarifa es valida para vuelos diurnos solamente, en caso de ser un vuelo que llegue a San Andres después de las 10 de la noche tiene un recargo de 20.000 cop/ 6 us por reserva.','assets/images/media/61e99308164cd.jpg',1,NULL,387,0),(299,4,3,'Traslado de Aeropuerto Rojas Pinilla a Hoteles Zona San Luis y Cove','traslado-de-aeropuerto-rojas-pinilla-a-hoteles-zona-san-luis-y-cove','Traslado del aeropuerto a hoteles ubicados en el  Sector Zona San Luis y Cove\n\nEsta tarifa es valida para vuelos diurnos solamente, en caso de ser un vuelo que llegue a San Andres después de las 10 de la noche tiene un recargo de 25.000 cop/ 8 us por reserva.','assets/images/media/61e9943226bd2.jpg',1,NULL,388,0),(300,4,3,'Traslado de Hoteles Zona San Luis y Cove a Aeropuerto Rojas Pinilla','traslado-de-hoteles-zona-san-luis-y-cove-a-aeropuerto-rojas-pinilla','Traslado de hoteles ubicados en el Sector Mar Azul y Caribe Campo al aeropuerto\n\nEsta tarifa es valida para vuelos diurnos solamente, en caso de ser un vuelo que llegue a San Andres después de las 10 de la noche tiene un recargo de 25.000 cop/ 8 us por reserva.','assets/images/media/61e994cd8e175.jpg',1,NULL,389,0),(301,1,1,'MENU BAR JET SET BEACH','menu-bar-jet-set-beach',NULL,NULL,1,NULL,390,1),(302,1,1,'Islas del Rosario, Isla Privada Cocotera Beach','islas-del-rosario-isla-privada-cocotera-beach','Conoce otra isla privada del archipiélago del Rosario a donde llegaremos en lancha a los 45 minutos de salir del muelle. Contamos con una amplia extensión de playa para que disfrutes','assets/images/media/61ef17bbb5ff2.jpg',0,NULL,391,0),(303,1,11,'TEST','test-3','Resumen',NULL,0,NULL,392,0),(304,1,3,'TOUR PARA PRUEBAS','tour-por-cali-prueba','Resumen del tour por Cali.',NULL,1,NULL,393,1),(305,1,1,'Parasail sobre el mar','parasail-sobre-el-mar','Disfruta de una fantástica y audaz aventura sobrevolando el mar de los 7 colores, en un cómodo y seguro paracaídas o parasail halado por una lancha.','assets/images/media/623de811e409e.jpg',0,NULL,394,1),(306,1,11,'PRUEBA','prueba-3','resumennn',NULL,1,NULL,395,0),(307,1,1,'Asesoria de Visa ctg','asesoria-de-visa-ctg','Nuestro equipo de profesionales esta altamente calificado para brindar una asesoría integral de acuerdo a tu perfil y de acuerdo a información básica otorgada por parte de el cliente, para de esta manera tener un margen de aceptación de visa favorable.','assets/images/media/62b4a7a4131d2.jpeg',1,NULL,396,0),(308,1,11,'prueba omar','prueba-omar','resumen',NULL,0,NULL,397,0),(309,1,11,'para todos','para-todos','esta es un resumen para todos',NULL,0,NULL,398,0);
/*!40000 ALTER TABLE `servicios` ENABLE KEYS */;
UNLOCK TABLES;

--
-- Table structure for table `servicios_destacados`
--

DROP TABLE IF EXISTS `servicios_destacados`;
/*!40101 SET @saved_cs_client     = @@character_set_client */;
/*!40101 SET character_set_client = utf8 */;
CREATE TABLE `servicios_destacados` (
  `id_destacado` int(11) NOT NULL AUTO_INCREMENT,
  `id_servicio` int(11) DEFAULT NULL,
  `orden` int(11) DEFAULT NULL,
  PRIMARY KEY (`id_destacado`),
  KEY `id_servicio` (`id_servicio`),
  CONSTRAINT `servicios_destacados_ibfk_1` FOREIGN KEY (`id_servicio`) REFERENCES `servicios` (`id_servicio`) ON DELETE CASCADE ON UPDATE CASCADE
) ENGINE=InnoDB AUTO_INCREMENT=5 DEFAULT CHARSET=utf8;
/*!40101 SET character_set_client = @saved_cs_client */;

--
-- Dumping data for table `servicios_destacados`
--

LOCK TABLES `servicios_destacados` WRITE;
/*!40000 ALTER TABLE `servicios_destacados` DISABLE KEYS */;
INSERT INTO `servicios_destacados` VALUES (4,1,1);
/*!40000 ALTER TABLE `servicios_destacados` ENABLE KEYS */;
UNLOCK TABLES;

--
-- Table structure for table `soportes_reservas`
--

DROP TABLE IF EXISTS `soportes_reservas`;
/*!40101 SET @saved_cs_client     = @@character_set_client */;
/*!40101 SET character_set_client = utf8 */;
CREATE TABLE `soportes_reservas` (
  `id_soporte` int(11) NOT NULL AUTO_INCREMENT,
  `fecha_reg` datetime NOT NULL,
  `id_reserva` int(11) NOT NULL,
  `id_usuario` int(11) NOT NULL,
  `id_tipo_soporte` int(11) NOT NULL,
  `numero_soporte` text DEFAULT NULL,
  `valor_soporte` double NOT NULL,
  `saldo` double NOT NULL,
  `archivo_soporte` text NOT NULL,
  `estado_soporte` int(11) NOT NULL,
  `num_aprobacion` varchar(150) DEFAULT NULL,
  `pago_credito` int(11) DEFAULT 0,
  `id_soporte_credito` int(11) DEFAULT NULL,
  PRIMARY KEY (`id_soporte`),
  KEY `id_reserva` (`id_reserva`),
  KEY `id_tipo_soporte` (`id_tipo_soporte`),
  KEY `id_usuario` (`id_usuario`),
  CONSTRAINT `soportes_reservas_ibfk_1` FOREIGN KEY (`id_reserva`) REFERENCES `reservas` (`id_reserva`) ON DELETE CASCADE ON UPDATE CASCADE,
  CONSTRAINT `soportes_reservas_ibfk_2` FOREIGN KEY (`id_tipo_soporte`) REFERENCES `tipos_soportes` (`id_tipo_soporte`) ON DELETE CASCADE ON UPDATE CASCADE,
  CONSTRAINT `soportes_reservas_ibfk_3` FOREIGN KEY (`id_usuario`) REFERENCES `usuarios` (`id_usuario`) ON DELETE CASCADE ON UPDATE CASCADE
) ENGINE=InnoDB AUTO_INCREMENT=71 DEFAULT CHARSET=utf8;
/*!40101 SET character_set_client = @saved_cs_client */;

--
-- Dumping data for table `soportes_reservas`
--

LOCK TABLES `soportes_reservas` WRITE;
/*!40000 ALTER TABLE `soportes_reservas` DISABLE KEYS */;
INSERT INTO `soportes_reservas` VALUES (6,'2022-05-24 11:16:29',18,10,42,'CTG001RC',1290000,0,'',1,NULL,0,NULL),(10,'2022-05-26 13:49:05',27,10,42,'CTG002RC',30000,0,'',1,NULL,0,NULL),(11,'2022-05-28 09:56:21',29,10,42,'CTG003RC',250000,0,'',1,NULL,0,NULL),(13,'2022-05-29 05:56:25',32,10,41,NULL,72000,0,'',0,NULL,0,NULL),(14,'2022-05-29 22:58:33',33,10,41,NULL,240000,0,'',1,NULL,0,NULL),(15,'2022-05-31 16:22:48',37,12,43,'CTG004RC',653000,0,'',1,NULL,0,NULL),(17,'2022-06-01 18:21:21',41,10,41,NULL,60000,0,'',1,NULL,0,NULL),(18,'2022-06-02 15:29:49',42,10,41,NULL,230000,0,'',1,NULL,0,NULL),(19,'2022-06-02 15:43:50',40,10,40,'CTG005RC',25000,0,'',1,NULL,0,NULL),(20,'2022-06-02 15:45:29',33,10,40,'CTG006RC',240000,0,'',1,NULL,1,14),(21,'2022-06-02 15:54:22',32,10,40,'CTG007RC',25000,0,'',1,NULL,0,NULL),(22,'2022-06-03 21:24:12',43,10,40,'CTG008RC',350000,0,'',1,NULL,0,NULL),(23,'2022-06-04 14:36:59',45,10,41,NULL,80000,0,'',0,NULL,0,NULL),(24,'2022-06-04 14:37:50',45,10,41,NULL,100000,0,'',1,NULL,0,NULL),(27,'2022-06-16 18:16:59',52,10,41,NULL,110000,0,'',1,NULL,0,NULL),(28,'2022-06-16 18:18:53',51,10,41,NULL,330000,0,'',1,NULL,0,NULL),(29,'2022-06-16 18:22:56',50,10,41,NULL,110000,0,'',1,NULL,0,NULL),(30,'2022-06-17 13:26:13',56,10,40,'CTG009RC',40000,0,'',1,NULL,0,NULL),(31,'2022-06-17 13:32:18',55,10,41,NULL,23000,0,'',1,NULL,0,NULL),(32,'2022-06-17 14:17:06',57,10,41,NULL,450000,0,'',1,NULL,0,NULL),(33,'2022-06-17 15:42:11',57,10,47,'CTG0010RC',450000,0,'',1,NULL,1,32),(34,'2022-06-17 18:10:27',54,10,41,NULL,480000,0,'',1,NULL,0,NULL),(35,'2022-06-17 19:28:33',58,12,42,'CTG0011RC',100000,0,'',1,NULL,0,NULL),(36,'2022-06-18 13:57:07',59,10,41,NULL,165000,0,'',1,NULL,0,NULL),(37,'2022-06-18 14:30:25',60,12,52,NULL,48000,0,'',1,NULL,0,NULL),(38,'2022-06-20 21:02:05',61,10,41,NULL,21000,0,'',1,NULL,0,NULL),(39,'2022-06-20 23:09:37',62,10,43,'CTG0012RC',100000,0,'',1,NULL,0,NULL),(40,'2022-06-20 23:25:16',63,10,41,NULL,74000,0,'',1,NULL,0,NULL),(41,'2022-06-21 16:23:05',66,10,43,'CTG0013RC',210000,0,'',1,NULL,0,NULL),(42,'2022-06-23 07:42:52',68,10,40,'CTG0014RC',270000,0,'',1,NULL,0,NULL),(43,'2022-06-23 14:42:13',69,10,43,'CTG0015RC',210000,0,'',1,NULL,0,NULL),(44,'2022-06-23 15:32:28',70,10,42,'CTG0016RC',150000,0,'',1,NULL,0,NULL),(45,'2022-06-23 16:38:55',71,10,42,'CTG0017RC',105000,0,'',1,NULL,0,NULL),(46,'2022-06-23 17:11:54',72,10,42,'CTG0018RC',105000,0,'',1,NULL,0,NULL),(47,'2022-06-23 18:57:22',74,10,62,NULL,1,0,'',1,NULL,0,NULL),(48,'2022-06-23 18:58:16',73,10,62,NULL,1,0,'',1,NULL,0,NULL),(49,'2022-06-24 20:51:02',75,10,43,'CTG0019RC',340000,0,'',1,NULL,0,NULL),(50,'2022-06-24 20:54:21',76,10,40,'CTG0020RC',200000,0,'',1,NULL,0,NULL),(51,'2022-06-24 22:25:36',77,10,41,NULL,240000,0,'',1,NULL,0,NULL),(52,'2022-06-26 00:08:01',78,10,41,NULL,60000,0,'',1,NULL,0,NULL),(53,'2022-06-26 00:11:12',79,10,41,NULL,24000,0,'',1,NULL,0,NULL),(54,'2022-06-26 00:11:42',80,10,41,NULL,24000,0,'',1,NULL,0,NULL),(55,'2022-06-28 18:20:04',81,10,42,'CTG0021RC',420000,0,'',1,NULL,0,NULL),(56,'2022-06-28 18:21:14',82,10,42,'CTG0022RC',210000,0,'',1,NULL,0,NULL),(57,'2022-06-28 18:24:43',86,10,42,'CTG0023RC',36000,0,'',1,NULL,0,NULL),(58,'2022-06-28 18:27:18',85,10,42,'CTG0024RC',36000,0,'',1,NULL,0,NULL),(59,'2022-06-28 18:28:44',84,10,42,'CTG0025RC',34000,0,'',1,NULL,0,NULL),(60,'2022-06-28 18:30:28',83,10,42,'CTG0026RC',34000,0,'',1,NULL,0,NULL),(61,'2022-06-30 15:46:52',87,10,52,NULL,113466,0,'',1,NULL,0,NULL),(62,'2022-06-30 15:49:09',90,10,41,NULL,220000,0,'',1,NULL,0,NULL),(63,'2022-07-01 17:45:49',95,10,52,NULL,40005,0,'',1,NULL,0,NULL),(64,'2022-07-04 21:18:44',96,10,46,'CTG0027RC',60000,0,'',1,NULL,0,NULL),(65,'2022-07-08 01:58:19',98,10,41,NULL,1506000,0,'',1,NULL,0,NULL),(66,'2022-07-08 02:02:08',99,10,41,NULL,200000,0,'',1,NULL,0,NULL),(67,'2022-07-08 18:46:49',100,10,41,NULL,190000,0,'',1,NULL,0,NULL),(68,'2022-07-10 08:44:17',101,10,40,'CTG0028RC',374000,0,'',1,NULL,0,NULL),(69,'2022-07-13 19:50:50',104,10,41,NULL,110000,0,'',1,NULL,0,NULL),(70,'2022-07-14 21:40:38',105,10,41,NULL,110000,0,'',1,NULL,0,NULL);
/*!40000 ALTER TABLE `soportes_reservas` ENABLE KEYS */;
UNLOCK TABLES;

--
-- Table structure for table `sucursales`
--

DROP TABLE IF EXISTS `sucursales`;
/*!40101 SET @saved_cs_client     = @@character_set_client */;
/*!40101 SET character_set_client = utf8 */;
CREATE TABLE `sucursales` (
  `id_sucursal` int(11) NOT NULL AUTO_INCREMENT,
  `sucursal` text DEFAULT NULL,
  `prefijo_recibos` text NOT NULL,
  `telefonos` text NOT NULL,
  `direccion` text NOT NULL,
  `deleted` int(11) DEFAULT 0,
  PRIMARY KEY (`id_sucursal`)
) ENGINE=InnoDB AUTO_INCREMENT=4 DEFAULT CHARSET=utf8;
/*!40101 SET character_set_client = @saved_cs_client */;

--
-- Dumping data for table `sucursales`
--

LOCK TABLES `sucursales` WRITE;
/*!40000 ALTER TABLE `sucursales` DISABLE KEYS */;
INSERT INTO `sucursales` VALUES (1,'Cartagena','CTG','(+57) 3014418426 - (+575)6747309','Cra 1 7-62 Bocagrande Cartagena - Colombia',0),(2,'Cali','CLO','(+572) 5240252 - (+57) 311 3584708 ','CC Nao - Local: 8 - Bocagrande <br> Cartagena - Colombia',1),(3,'Despegar','DES','','',1);
/*!40000 ALTER TABLE `sucursales` ENABLE KEYS */;
UNLOCK TABLES;

--
-- Table structure for table `tarifas_actividades`
--

DROP TABLE IF EXISTS `tarifas_actividades`;
/*!40101 SET @saved_cs_client     = @@character_set_client */;
/*!40101 SET character_set_client = utf8 */;
CREATE TABLE `tarifas_actividades` (
  `id_tarifa_actividad` int(11) NOT NULL AUTO_INCREMENT,
  `id_actividad` int(11) DEFAULT NULL,
  `id_modalidad` int(11) DEFAULT NULL,
  `fecha_desde` date DEFAULT NULL,
  `fecha_hasta` date DEFAULT NULL,
  `venta_adulto` double DEFAULT 0,
  `venta_nino` double DEFAULT 0,
  `venta_infante` double DEFAULT 0,
  `estado` int(255) DEFAULT NULL,
  PRIMARY KEY (`id_tarifa_actividad`),
  KEY `id_modalidad` (`id_modalidad`),
  KEY `id_actividad` (`id_actividad`),
  CONSTRAINT `tarifas_actividades_ibfk_1` FOREIGN KEY (`id_modalidad`) REFERENCES `modalidades_actividades` (`id_modalidad`) ON DELETE CASCADE ON UPDATE CASCADE,
  CONSTRAINT `tarifas_actividades_ibfk_3` FOREIGN KEY (`id_actividad`) REFERENCES `actividades` (`id_actividad`) ON DELETE CASCADE ON UPDATE CASCADE
) ENGINE=InnoDB AUTO_INCREMENT=386 DEFAULT CHARSET=utf8;
/*!40101 SET character_set_client = @saved_cs_client */;

--
-- Dumping data for table `tarifas_actividades`
--

LOCK TABLES `tarifas_actividades` WRITE;
/*!40000 ALTER TABLE `tarifas_actividades` DISABLE KEYS */;
INSERT INTO `tarifas_actividades` VALUES (17,192,192,'2021-02-19','2021-12-15',80000,80000,0,1),(18,220,220,'2021-03-01','2021-12-15',195000,170000,0,1),(20,177,177,'2021-02-26','2021-12-15',NULL,NULL,NULL,1),(22,182,182,'2021-04-19','2021-12-15',40000,35000,0,1),(23,182,231,'2021-04-19','2021-12-15',65000,55000,0,1),(27,203,203,'2021-04-20','2021-12-15',60000,50000,0,1),(30,112,112,'2021-04-21','2021-12-15',200000,65000,0,1),(31,112,237,'2021-04-21','2021-12-15',320000,70000,0,1),(33,112,238,'2021-04-21','2021-12-15',250000,65000,0,1),(34,112,239,'2021-04-21','2021-12-15',350000,70000,0,1),(35,140,140,'2021-04-22','2021-12-15',75000,60000,0,1),(36,140,240,'2021-04-22','2021-12-15',45000,40000,NULL,1),(37,140,241,'2021-04-22','2021-12-15',95000,85000,0,1),(44,71,71,'2021-05-13','2021-12-15',24000,20000,0,1),(46,220,229,'2021-03-01','2021-12-15',230000,200000,0,1),(47,29,29,'2021-07-27','2021-12-15',80000,60000,0,1),(49,169,169,'2021-07-29','2021-12-15',50000,50000,0,1),(55,140,242,'2021-04-22','2021-12-15',220000,0,NULL,1),(66,99,99,'2021-09-08','2021-12-15',30000,25000,0,1),(67,180,180,'2021-09-10','2021-12-15',28000,24000,0,1),(68,180,245,'2021-09-10','2021-12-15',65000,55000,0,1),(69,180,246,'2021-06-01','2021-12-15',95000,85000,0,1),(70,211,211,'2021-09-11','2021-12-15',160000,145000,0,1),(71,217,217,'2021-09-11','2021-12-15',140000,125000,0,1),(72,135,135,'2021-09-13','2021-12-15',180000,180000,0,1),(73,135,247,'2021-09-13','2021-12-15',260000,240000,0,1),(79,65,250,'2021-09-13','2021-12-15',135000,125000,0,1),(81,206,251,'2021-09-17','2021-12-15',95000,75000,0,1),(82,107,107,'2021-09-18','2021-12-15',200000,180000,0,1),(83,107,252,'2021-09-18','2021-12-15',300000,0,0,1),(88,122,122,'2021-09-18','2021-12-15',NULL,NULL,NULL,1),(89,122,253,'2021-09-18','2021-12-15',NULL,NULL,NULL,1),(90,101,101,'2021-09-20','2021-12-15',200000,145000,0,1),(91,92,92,'2021-09-22','2021-12-15',200000,160000,0,1),(95,92,92,'2021-12-16','2022-06-30',220000,165000,0,1),(97,101,101,'2021-12-16','2022-06-30',250000,200000,0,1),(98,112,112,'2021-12-16','2022-06-30',230000,75000,0,1),(100,112,238,'2021-12-16','2022-11-30',280000,75000,0,1),(102,112,239,'2021-12-16','2022-06-30',390000,80000,0,1),(105,107,107,'2021-12-16','2022-11-30',250000,250000,0,1),(106,107,252,'2021-12-16','2022-06-30',350000,0,0,1),(112,140,140,'2021-12-16','2022-12-30',80000,60000,0,1),(118,180,180,'2021-12-16','2022-11-30',30000,26000,0,1),(119,180,245,'2021-12-16','2022-11-30',68000,58000,0,1),(120,180,246,'2021-12-16','2022-11-30',60000,0,0,1),(126,203,203,'2021-12-15','2022-06-30',65000,55000,0,1),(130,203,235,'2021-04-20','2021-12-15',380000,380000,0,1),(131,203,236,'2021-04-20','2021-12-15',530000,530000,0,1),(132,203,244,'2021-04-20','2021-12-15',75000,60000,0,1),(133,203,235,'2021-12-15','2022-06-30',400000,400000,0,1),(134,203,236,'2021-12-15','2022-06-30',550000,550000,0,1),(135,203,244,'2021-12-15','2022-06-30',75000,60000,0,1),(136,140,240,'2021-12-16','2022-12-15',45000,40000,NULL,1),(137,140,241,'2021-12-16','2022-06-30',105000,95000,0,1),(138,140,242,'2021-12-16','2022-12-30',110000,100000,0,1),(139,169,169,'2021-12-16','2022-11-30',50000,45000,0,1),(140,169,248,'2021-07-29','2021-12-15',60000,60000,0,1),(142,169,249,'2021-07-29','2021-12-15',85000,75000,0,1),(143,169,248,'2021-12-16','2022-11-30',60000,60000,0,1),(146,169,249,'2021-12-16','2022-11-30',128000,120000,0,1),(147,140,255,'2021-10-07','2021-12-15',50000,40000,0,1),(148,140,255,'2021-12-16','2022-12-30',50000,50000,0,1),(149,65,250,'2021-12-16','2022-06-30',140000,130000,0,1),(150,29,256,'2021-07-27','2021-12-15',95000,75000,0,1),(151,29,243,'2021-07-27','2021-12-15',110000,90000,0,1),(152,29,29,'2021-12-16','2022-11-30',85000,65000,0,1),(153,29,256,'2021-12-16','2022-11-30',105000,95000,0,1),(154,29,243,'2021-12-16','2022-11-30',120000,105000,0,1),(155,220,220,'2021-12-16','2022-06-30',205000,175000,0,1),(156,220,229,'2021-12-16','2022-06-30',250000,220000,0,1),(157,211,211,'2021-12-16','2022-06-30',170000,155000,0,1),(158,217,217,'2021-12-16','2022-06-30',145000,130000,0,1),(160,206,251,'2021-12-16','2022-06-30',110000,90000,0,1),(162,182,182,'2021-12-16','2022-12-15',40000,35000,0,1),(163,182,231,'2021-12-16','2022-12-15',65000,55000,0,1),(168,182,232,'2021-04-19','2021-12-15',120000,100000,0,1),(170,182,232,'2021-12-16','2022-12-15',125000,110000,0,1),(173,182,233,'2021-04-19','2021-12-15',150000,130000,0,1),(177,182,233,'2021-12-16','2022-12-15',155000,135000,0,1),(178,129,129,'2021-10-12','2021-12-15',70000,60000,0,1),(181,129,257,'2021-12-16','2022-11-30',45000,45000,0,1),(182,129,129,'2021-12-16','2022-12-15',75000,65000,0,1),(184,129,258,'2021-10-12','2021-12-15',105000,90000,0,1),(187,129,258,'2021-12-16','2022-12-15',110000,95000,0,1),(188,121,121,'2021-10-12','2022-06-30',75000,38000,0,1),(189,121,259,'2021-10-12','2022-06-30',145000,72500,0,1),(194,28,28,'2021-10-13','2021-12-15',65000,65000,0,1),(195,28,28,'2021-12-16','2022-12-15',70000,70000,0,1),(196,74,74,'2021-10-13','2021-12-15',55000,40000,NULL,1),(197,74,74,'2021-12-16','2022-06-30',60000,45000,NULL,1),(198,74,260,'2021-10-13','2021-12-15',85000,65000,0,1),(199,74,260,'2021-12-16','2022-11-30',90000,70000,NULL,1),(200,134,134,'2021-10-13','2021-12-15',40000,35000,NULL,1),(201,134,134,'2021-12-16','2022-11-30',40000,35000,NULL,1),(202,161,161,'2021-10-14','2021-12-15',50000,45000,0,1),(204,161,161,'2021-12-16','2022-11-30',55000,50000,0,1),(205,33,33,'2021-10-14','2021-12-15',225000,200000,0,1),(206,33,33,'2021-12-16','2022-06-30',250000,220000,0,1),(209,141,141,'2021-10-14','2021-12-15',320000,300000,NULL,1),(210,141,141,'2021-12-16','2022-11-30',350000,320000,NULL,1),(212,141,263,'2021-10-14','2021-12-15',320000,300000,NULL,1),(213,141,263,'2021-12-16','2022-11-30',350000,320000,NULL,1),(214,154,264,'2021-10-15','2021-12-15',220000,200000,NULL,1),(215,154,154,'2021-10-15','2021-12-15',300000,280000,0,1),(216,154,264,'2021-12-16','2022-06-30',240000,230000,0,1),(217,154,154,'2021-12-16','2022-06-30',370000,350000,0,1),(218,149,149,'2021-10-19','2021-12-15',45000,33000,0,1),(219,149,149,'2021-12-16','2022-11-30',45000,35000,0,1),(220,42,42,'2021-10-19','2021-12-15',30000,30000,0,1),(221,42,42,'2021-12-16','2022-11-30',30000,25000,0,1),(222,42,265,'2021-10-19','2021-12-15',50000,50000,0,1),(223,42,265,'2021-12-16','2022-11-30',52000,50000,0,1),(224,154,266,'2021-10-21','2021-12-15',200000,200000,0,1),(225,154,266,'2021-12-16','2022-06-30',230000,220000,0,1),(226,135,254,'2021-12-16','2022-12-15',55000,55000,0,1),(227,135,135,'2021-12-16','2022-12-15',200000,200000,0,1),(228,135,247,'2021-12-16','2022-12-15',285000,265000,0,1),(229,232,267,'2021-10-25','2021-12-15',60000,55000,0,1),(230,232,267,'2021-12-16','2022-06-30',60000,55000,0,1),(231,11,11,'2021-10-28','2021-12-15',68000,58000,0,1),(232,11,11,'2021-12-16','2022-11-30',70000,65000,0,1),(234,11,268,'2021-10-28','2021-12-15',93000,80000,0,1),(235,175,175,'2021-10-29','2021-12-15',60000,50000,0,1),(236,175,175,'2021-12-16','2022-11-30',65000,55000,0,1),(237,178,178,'2021-10-29','2021-12-15',65000,0,0,1),(238,178,178,'2021-12-16','2022-06-30',70000,0,0,1),(239,53,53,'2021-11-04','2021-12-15',193000,183000,0,1),(240,53,53,'2021-12-15','2022-11-30',220000,200000,0,1),(241,73,73,'2021-11-05','2021-12-15',40000,40000,0,1),(242,73,73,'2021-12-16','2022-11-30',40000,40000,0,1),(243,73,270,'2021-11-05','2021-12-15',50000,50000,0,1),(244,73,271,'2021-11-05','2021-12-15',65000,65000,0,1),(245,73,270,'2021-12-16','2022-11-30',50000,50000,0,1),(246,73,271,'2021-12-16','2022-11-30',65000,65000,0,1),(247,108,108,'2021-11-06','2021-12-15',80000,80000,0,1),(248,108,108,'2021-12-16','2022-11-30',95000,75000,0,1),(249,108,272,'2021-11-06','2021-12-15',120000,120000,0,1),(250,108,272,'2021-12-16','2022-11-30',125000,120000,0,1),(251,192,192,'2021-12-16','2022-11-30',90000,85000,0,1),(252,115,115,'2021-11-09','2021-12-15',70000,70000,NULL,1),(254,115,273,'2021-11-09','2021-12-15',100000,95000,0,1),(255,115,273,'2021-12-16','2022-06-30',110000,100000,0,1),(256,115,115,'2021-12-16','2022-06-30',80000,75000,NULL,1),(257,14,14,'2021-11-09','2021-12-15',75000,70000,NULL,1),(258,14,14,'2021-12-16','2022-11-30',80000,75000,0,1),(260,38,38,'2021-11-09','2021-12-15',55000,50000,0,1),(261,38,38,'2021-12-16','2022-11-30',65000,60000,0,1),(262,38,274,'2021-11-09','2021-12-15',85000,75000,0,1),(263,38,274,'2021-12-16','2022-11-30',95000,85000,0,1),(264,15,15,'2021-11-11','2021-12-15',70000,60000,0,1),(265,15,15,'2021-12-16','2022-11-30',70000,62000,0,1),(266,120,120,'2021-11-12','2021-12-15',95000,85000,0,1),(267,120,120,'2021-12-16','2022-11-30',100000,90000,NULL,1),(268,120,275,'2021-11-12','2021-12-15',170000,150000,0,1),(269,120,275,'2021-12-16','2022-11-30',180000,160000,NULL,1),(270,39,39,'2021-11-12','2021-12-15',150000,140000,0,1),(271,39,39,'2021-12-16','2022-11-30',160000,150000,0,1),(272,12,12,'2021-11-17','2021-12-15',150000,120000,NULL,1),(273,12,12,'2021-12-16','2022-11-30',160000,140000,0,1),(274,234,276,'2021-11-18','2021-12-15',35000,25000,0,1),(275,234,276,'2021-12-16','2022-11-30',35000,30000,0,1),(276,99,99,'2021-12-16','2022-12-15',30000,25000,0,1),(277,135,277,'2021-11-19','2021-12-15',200000,200000,0,1),(278,135,277,'2021-12-16','2022-12-15',190000,190000,0,1),(281,159,230,'2021-12-16','2022-11-30',160000,145000,0,1),(282,127,127,'2021-11-20','2021-12-15',250000,220000,0,1),(283,127,127,'2021-12-16','2022-11-30',270000,260000,0,1),(284,127,281,'2021-11-20','2021-12-15',280000,250000,0,1),(285,127,280,'2021-11-20','2021-12-15',285000,265000,0,1),(286,127,281,'2021-12-16','2022-11-30',295000,265000,0,1),(287,127,280,'2021-12-16','2022-11-30',310000,290000,0,1),(288,24,24,'2021-11-26','2021-12-15',25000,20000,0,1),(289,24,24,'2021-12-16','2022-06-30',35000,30000,0,1),(290,24,282,'2021-11-26','2021-12-15',35000,30000,0,1),(291,24,282,'2021-12-16','2022-11-30',45000,40000,0,1),(292,25,25,'2021-11-26','2021-12-15',30000,30000,0,1),(293,25,25,'2021-12-16','2022-02-01',35000,35000,0,1),(294,19,19,'2021-11-26','2021-12-15',45000,40000,0,1),(295,19,19,'2021-12-16','2022-02-01',50000,45000,0,1),(296,43,43,'2021-11-27','2021-12-15',45000,40000,0,1),(297,43,43,'2021-12-16','2022-11-30',50000,45000,0,1),(298,52,52,'2021-11-27','2021-12-15',50000,45000,0,1),(299,52,52,'2021-12-16','2022-02-04',55000,50000,0,1),(302,20,20,'2021-12-01','2021-12-15',45000,40000,0,1),(303,20,20,'2021-12-16','2022-06-30',45000,40000,0,1),(304,20,284,'2021-12-16','2022-06-30',45000,40000,0,1),(305,20,284,'2021-12-01','2021-12-15',45000,40000,0,1),(306,22,22,'2021-12-01','2022-06-30',150000,110000,0,1),(307,22,285,'2021-12-01','2022-02-01',135000,120000,0,1),(308,36,36,'2021-12-01','2021-12-15',35000,30000,0,1),(309,36,36,'2021-12-16','2022-06-30',45000,35000,0,1),(310,36,286,'2021-12-01','2021-12-15',35000,30000,0,1),(311,36,286,'2021-12-16','2022-11-30',45000,40000,0,1),(312,11,268,'2021-12-16','2022-11-30',97000,88000,0,1),(313,206,206,'2021-12-02','2021-12-15',60000,35000,0,1),(314,206,206,'2021-12-16','2022-12-15',60000,50000,0,1),(315,237,287,'2021-12-02','2021-12-15',0,0,0,1),(316,238,288,'2021-12-02','2021-12-15',0,0,0,1),(317,238,288,'2021-12-16','2022-06-30',0,0,0,1),(318,135,254,'2021-12-06','2021-12-15',55000,55000,0,1),(321,54,289,'2021-12-01','2022-06-30',85000,0,0,1),(322,54,54,'2021-12-01','2021-12-15',60000,0,0,1),(323,54,54,'2021-12-16','2022-06-30',70000,60000,0,1),(324,134,290,'2021-12-08','2021-12-15',125000,110000,0,1),(325,134,290,'2021-12-16','2022-11-30',125000,110000,0,1),(327,20,291,'2021-12-10','2021-12-15',45000,45000,0,1),(328,20,291,'2021-12-16','2022-06-30',45000,45000,0,1),(330,20,292,'2021-12-10','2021-12-15',45000,45000,0,1),(331,20,292,'2021-12-16','2022-06-30',45000,45000,0,1),(332,23,23,'2021-12-11','2021-12-15',155000,155000,0,1),(333,23,23,'2021-12-16','2022-06-30',165000,165000,0,1),(334,27,27,'2021-12-01','2022-06-30',85000,85000,0,1),(335,17,17,'2021-12-01','2022-06-30',70000,70000,0,1),(337,194,293,'2021-12-15','2022-11-30',110000,100000,0,1),(338,194,194,'2021-12-15','2022-11-30',200000,180000,0,1),(339,17,294,'2021-12-16','2022-06-30',100000,100000,0,1),(340,112,237,'2021-12-16','2022-06-30',340000,80000,0,1),(341,240,296,'2021-12-20','2022-06-30',0,0,0,1),(342,241,297,'2021-12-20','2022-06-30',NULL,NULL,NULL,1),(343,17,295,'2021-12-16','2022-06-30',170000,160000,0,1),(344,242,298,'2021-12-22','2022-11-30',45000,35000,0,1),(346,16,16,'2021-12-23','2022-02-01',94000,84000,NULL,1),(347,34,34,'2021-12-23','2022-11-30',69000,69000,0,1),(348,45,45,'2021-12-28','2022-01-12',73000,65000,0,1),(349,96,299,'2021-12-29','2022-11-30',199000,189000,NULL,1),(350,96,96,'2021-12-29','2022-06-30',226000,220000,0,1),(351,219,219,'2021-12-29','2022-01-15',240000,170000,0,1),(352,219,219,'2022-01-16','2022-06-30',220000,155000,0,1),(353,37,37,'2022-01-03','2022-06-30',195000,195000,0,1),(355,234,300,'2022-01-15','2022-11-30',40000,35000,0,1),(356,244,301,'2022-01-24','2022-11-30',175000,125000,0,1),(357,159,279,'2021-12-16','2022-11-30',210000,190000,0,1),(358,40,40,'2022-02-08','2022-06-30',220000,160000,0,1),(359,16,16,'2022-02-02','2022-11-30',99000,99000,NULL,1),(360,93,93,'2022-02-10','2022-06-30',150000,130000,0,1),(361,93,302,'2022-02-10','2022-06-30',75000,70000,0,1),(362,245,303,'2022-02-11','2022-12-12',15,10,0,1),(363,22,285,'2022-02-14','2022-06-30',150000,110000,0,1),(364,246,304,'2022-02-17','2022-12-02',20,10,0,1),(367,159,305,'2022-03-09','2022-11-30',270000,250000,0,1),(370,246,304,'2022-03-03','2022-03-31',30000,25000,0,NULL),(371,246,304,'2022-04-01','2022-04-30',32000,19000,0,NULL),(372,52,52,'2022-02-05','2022-11-30',75000,70000,0,1),(373,25,25,'2022-02-02','2022-11-30',50000,45000,0,1),(374,19,19,'2022-02-02','2022-11-30',60000,55000,0,1),(375,247,306,'2022-03-25','2022-11-30',190000,190000,0,1),(376,20,307,'2022-04-01','2022-11-30',40000,35000,0,1),(377,70,70,'2022-04-01','2022-11-30',93000,90000,0,1),(378,245,303,'2022-03-01','2022-04-08',0,0,0,1),(379,73,308,'2022-05-14','2022-11-20',102000,102000,0,1),(380,140,309,'2022-05-15','2022-12-15',55000,50000,0,1),(381,140,310,'2022-05-17','2022-12-15',35000,35000,0,1),(382,248,311,'2022-05-28','2022-05-31',11,6,0,1),(383,180,312,'2022-06-12','2022-11-30',108000,65000,0,1),(384,21,21,'2022-06-23','2022-12-31',150000,150000,150000,1),(385,249,313,'2022-06-23','2022-12-31',150000,150000,150000,1);
/*!40000 ALTER TABLE `tarifas_actividades` ENABLE KEYS */;
UNLOCK TABLES;

--
-- Table structure for table `tarifas_actividades_agencias`
--

DROP TABLE IF EXISTS `tarifas_actividades_agencias`;
/*!40101 SET @saved_cs_client     = @@character_set_client */;
/*!40101 SET character_set_client = utf8 */;
CREATE TABLE `tarifas_actividades_agencias` (
  `id_tarifa_actividad_agencia` int(11) NOT NULL AUTO_INCREMENT,
  `id_modalidad` int(11) NOT NULL,
  `desde` date DEFAULT NULL,
  `hasta` date DEFAULT NULL,
  `tarifa` double DEFAULT NULL,
  `tarifa_ninos` double DEFAULT NULL,
  `tarifa_infantes` double DEFAULT NULL,
  PRIMARY KEY (`id_tarifa_actividad_agencia`),
  KEY `id_modalidad` (`id_modalidad`),
  CONSTRAINT `tarifas_actividades_agencias_ibfk_1` FOREIGN KEY (`id_modalidad`) REFERENCES `modalidades_actividades` (`id_modalidad`) ON DELETE CASCADE ON UPDATE CASCADE
) ENGINE=InnoDB AUTO_INCREMENT=304 DEFAULT CHARSET=utf8;
/*!40101 SET character_set_client = @saved_cs_client */;

--
-- Dumping data for table `tarifas_actividades_agencias`
--

LOCK TABLES `tarifas_actividades_agencias` WRITE;
/*!40000 ALTER TABLE `tarifas_actividades_agencias` DISABLE KEYS */;
INSERT INTO `tarifas_actividades_agencias` VALUES (2,203,'2021-10-01','2021-12-15',50000,40000,0),(3,29,'2021-09-11','2021-12-15',65000,55000,0),(4,112,'2021-09-27','2021-12-15',170000,50000,NULL),(6,169,'2021-10-01','2021-12-15',45000,40000,0),(7,140,'2021-09-11','2021-12-15',60000,45000,0),(8,240,'2021-09-11','2021-12-15',40000,35000,0),(9,241,'2021-09-11','2021-12-15',80000,70000,0),(10,242,'2021-10-11','2021-12-15',185000,185000,0),(11,243,'2021-09-11','2021-12-15',95000,75000,0),(12,237,'2021-10-30','2021-12-15',275000,55000,NULL),(13,238,'2021-10-29','2021-12-15',220000,50000,NULL),(14,239,'2021-10-01','2021-12-14',315000,55000,NULL),(15,182,'2021-09-11','2021-12-15',35000,30000,0),(16,231,'2021-09-11','2021-12-15',55000,45000,0),(17,232,'2021-09-11','2021-12-15',105000,95000,0),(18,233,'2021-09-11','2021-12-15',130000,110000,0),(19,99,'2021-09-25','2022-12-15',27000,22500,0),(20,180,'2021-10-01','2021-12-15',24000,20000,0),(23,220,'2021-09-11','2021-12-15',170000,150000,0),(24,229,'2021-09-11','2021-12-15',205000,185000,0),(25,211,'2021-09-11','2021-12-15',135000,120000,0),(26,217,'2021-09-13','2021-12-15',120000,110000,0),(27,135,'2021-09-13','2021-12-15',170000,170000,0),(28,247,'2021-09-13','2021-12-15',235000,230000,0),(29,248,'2021-09-13','2021-12-15',60000,50000,0),(30,250,'2021-09-13','2022-06-15',115000,100000,0),(31,206,'2021-09-17','2021-12-14',45000,40000,0),(32,251,'2021-09-17','2021-12-14',80000,60000,0),(36,107,'2021-09-18','2021-12-15',170000,155000,0),(37,251,'2021-12-15','2022-06-30',95000,75000,0),(38,252,'2021-09-18','2021-12-15',290000,0,0),(39,101,'2021-09-20','2021-12-15',170000,135000,0),(40,92,'2021-09-22','2021-12-15',170000,135000,0),(41,29,'2021-12-16','2022-11-30',69000,58000,0),(42,243,'2021-12-16','2022-11-30',100000,90000,0),(43,92,'2021-12-16','2022-06-30',180000,145000,0),(44,101,'2021-12-16','2022-06-30',180000,145000,0),(45,112,'2021-12-16','2022-06-30',200000,55000,0),(46,237,'2021-12-16','2022-06-30',300000,60000,NULL),(47,238,'2021-12-16','2022-06-30',245000,55000,NULL),(48,239,'2021-12-16','2022-06-30',345000,60000,NULL),(49,135,'2021-12-16','2022-12-15',190000,190000,0),(50,107,'2021-12-16','2022-06-30',220000,0,0),(51,247,'2021-12-16','2022-06-30',250000,245000,0),(52,240,'2021-12-16','2022-12-15',40000,37000,0),(53,140,'2021-12-16','0001-12-30',70000,60000,NULL),(54,241,'2021-12-16','2022-06-30',90000,80000,0),(55,242,'2021-12-16','2022-12-30',98000,95000,0),(56,169,'2021-12-16','2022-11-30',30000,30000,0),(57,248,'2021-12-16','2022-11-30',54000,54000,0),(58,249,'2021-09-29','2021-12-15',70000,65000,0),(59,249,'2021-12-16','2022-11-30',100000,100000,0),(60,180,'2021-12-16','2022-11-30',26000,23000,0),(61,245,'2021-09-29','2021-12-15',55000,45000,0),(62,245,'2021-12-16','2022-11-30',58000,53000,0),(63,246,'2021-09-29','2021-12-15',85000,70000,0),(64,246,'2021-12-16','2022-11-30',50000,0,0),(65,182,'2021-12-16','2022-12-15',35000,30000,0),(66,231,'2021-12-16','2022-12-15',55000,45000,0),(67,233,'2021-12-16','2022-12-15',130000,110000,0),(68,203,'2021-12-16','2022-06-30',55000,45000,0),(69,206,'2021-12-15','2022-12-15',50000,45000,0),(70,235,'2021-10-02','2021-12-15',320000,320000,0),(71,235,'2021-12-16','2022-06-30',340000,340000,0),(72,236,'2021-10-02','2021-12-15',450000,450000,0),(73,236,'2021-12-16','2022-06-30',460000,460000,0),(74,244,'2021-10-02','2021-12-15',65000,50000,0),(75,244,'2021-12-16','2022-06-30',65000,50000,0),(76,220,'2021-12-16','2022-06-30',180000,160000,0),(77,229,'2021-12-16','2022-06-30',215000,195000,NULL),(78,211,'2021-12-16','2022-06-30',145000,130000,NULL),(79,217,'2021-12-16','2022-06-30',125000,115000,0),(80,219,'2022-01-16','2022-06-30',195000,150000,0),(81,257,'2021-10-12','2021-12-15',35000,32000,0),(82,257,'2021-12-16','2022-11-30',40000,35000,0),(83,129,'2021-10-12','2021-12-15',60000,50000,0),(84,129,'2021-12-16','2022-11-30',63000,60000,0),(85,258,'2021-10-12','2021-12-15',90000,80000,0),(86,258,'2021-12-16','2022-12-15',95000,85000,0),(87,121,'2021-10-12','2022-06-30',65000,35000,0),(88,259,'2021-10-12','2022-06-30',125000,62500,0),(89,255,'2021-10-13','2021-12-15',43000,35000,0),(90,255,'2021-12-16','2022-12-30',45000,45000,0),(91,28,'2021-10-13','2021-12-15',55000,55000,0),(92,28,'2021-12-16','2022-12-15',58000,58000,0),(93,74,'2021-10-13','2021-12-15',50000,45000,0),(94,74,'2021-12-16','2022-06-30',55000,50000,NULL),(95,260,'2021-10-13','2021-12-15',68000,48000,0),(96,260,'2021-12-16','2022-06-30',78000,55000,0),(97,134,'2021-10-13','2021-12-15',36000,31500,0),(98,134,'2021-12-16','2022-11-30',36000,31500,0),(99,161,'2021-10-14','2021-12-15',45000,40000,0),(100,161,'2021-12-16','2022-11-30',55000,50000,0),(101,33,'2021-10-15','2021-12-15',195000,175000,0),(102,33,'2021-12-16','2022-06-30',210000,190000,0),(105,141,'2021-10-14','2021-12-15',285000,265000,0),(106,141,'2021-12-16','2022-06-30',305000,195000,0),(107,263,'2021-10-14','2021-12-15',285000,265000,0),(108,263,'2021-12-16','2022-06-30',305000,195000,0),(109,264,'2021-10-15','2021-12-15',185000,175000,0),(110,264,'2021-12-16','2022-06-30',195000,175000,0),(111,154,'2021-10-15','2021-12-15',270000,250000,0),(112,154,'2021-12-16','2022-06-30',340000,310000,0),(113,149,'2021-10-19','2021-12-15',40000,30000,0),(114,149,'2021-12-16','2022-11-30',43200,33000,0),(115,265,'2021-10-19','2021-12-15',47000,45000,0),(116,265,'2021-12-16','2022-11-30',47000,45000,0),(117,42,'2021-10-19','2021-12-15',25000,25000,0),(118,42,'2021-12-16','2022-11-30',20000,20000,0),(120,266,'2021-10-21','2021-12-15',170000,150000,0),(121,266,'2021-12-16','2022-06-30',195000,175000,0),(122,254,'2021-10-23','2021-12-15',46000,44000,0),(123,254,'2021-12-16','2022-06-30',48000,46000,0),(124,11,'2021-10-28','2021-12-15',62000,52000,0),(125,11,'2021-12-16','2022-11-30',65000,60000,0),(126,268,'2021-10-28','2021-12-15',85000,75000,0),(127,268,'2021-12-16','2022-11-30',90000,85000,0),(128,178,'2021-10-29','2021-12-15',55000,0,0),(129,178,'2021-12-16','2022-06-30',60000,0,0),(130,232,'2021-12-16','2022-12-15',105000,95000,0),(131,256,'2021-10-30','2021-12-15',80000,70000,0),(132,256,'2021-12-16','2022-11-30',88000,78000,0),(133,252,'2021-12-16','2022-06-30',330000,0,0),(135,53,'2021-11-04','2021-12-15',168000,165000,0),(136,53,'2021-12-16','2022-11-30',190000,185000,0),(137,73,'2021-11-05','2021-12-15',36000,36000,0),(138,73,'2021-12-16','2022-11-30',38000,38000,0),(139,270,'2021-11-05','2021-12-15',45000,45000,0),(140,270,'2021-12-16','2022-11-30',58500,58500,0),(141,271,'2021-11-05','2021-12-15',58500,58500,0),(142,271,'2021-12-16','2022-11-30',60000,60000,0),(143,108,'2021-11-06','2021-12-15',72000,72000,0),(144,108,'2021-12-16','2022-11-30',85000,75000,0),(145,272,'2021-11-06','2021-12-15',76000,76000,0),(146,272,'2021-12-16','2022-11-30',115000,115000,0),(147,192,'2021-11-06','2021-12-15',77000,77000,0),(148,192,'2021-12-16','2022-11-30',85000,85000,0),(149,115,'2021-11-09','2021-12-15',65000,60000,0),(150,115,'2021-12-16','2022-06-30',68000,63000,0),(151,273,'2021-11-09','2021-12-15',85000,80000,0),(152,273,'2021-12-16','2022-06-30',93000,85000,0),(153,14,'2021-11-09','2021-12-15',68000,65000,0),(154,14,'2021-12-16','2022-11-30',75000,70000,0),(156,38,'2021-11-09','2021-12-15',50000,45000,0),(157,38,'2021-12-16','2022-11-30',58000,55000,0),(158,15,'2021-11-11','2021-12-15',60000,55000,0),(159,15,'2021-12-16','2022-11-30',65000,60000,0),(241,277,'2021-12-16','2022-12-15',190000,190000,0),(242,276,'2021-12-16','2022-11-30',28000,25000,0),(243,300,'2022-01-15','2022-12-30',35000,30000,NULL),(244,298,'2021-12-22','2022-11-30',40000,30000,0),(245,290,'2021-12-16','2022-11-30',119000,105000,NULL),(246,230,'2022-02-08','2022-11-30',135000,120000,NULL),(247,279,'2022-02-08','2022-11-30',180000,165000,0),(248,305,'2022-03-09','2022-11-30',230000,210000,0),(249,40,'2022-02-08','2022-06-30',195000,140000,0),(250,301,'2022-01-24','2022-06-30',140000,125000,NULL),(251,302,'2022-02-10','2022-06-30',60000,55000,0),(252,93,'2022-02-10','2022-06-30',130000,120000,NULL),(253,127,'2021-12-16','2022-11-30',250000,230000,NULL),(254,281,'2021-12-16','2022-11-30',260000,240000,NULL),(255,280,'2021-12-16','2022-11-30',275000,255000,0),(256,120,'2021-12-16','2022-11-30',90000,85000,0),(257,275,'2021-12-16','2022-11-30',155000,145000,NULL),(258,194,'2021-12-16','2022-11-30',185000,170000,NULL),(259,293,'2021-12-16','2022-11-30',90000,85000,NULL),(260,39,'2021-12-16','2022-11-30',135000,130000,NULL),(261,12,'2021-12-31','2022-11-30',135000,130000,NULL),(262,274,'2021-12-16','2022-11-30',85000,80000,NULL),(263,17,'2021-12-15','2022-06-30',65000,65000,NULL),(264,294,'2021-12-16','2022-06-30',90000,90000,NULL),(266,52,'2021-12-16','2022-02-01',48000,45000,0),(267,22,'2021-12-01','2022-06-30',140000,120000,NULL),(268,285,'2021-02-14','2022-06-30',135000,105000,0),(269,36,'2021-12-16','2022-11-30',40000,35000,0),(270,286,'2021-12-16','2022-11-30',40000,35000,NULL),(271,23,'2021-12-16','2022-06-30',140000,140000,0),(272,54,'2021-12-16','2022-06-30',60000,50000,NULL),(273,289,'2021-12-01','2022-06-30',80000,0,NULL),(274,27,'2021-12-01','2022-06-30',80000,80000,NULL),(275,24,'2021-12-16','2022-11-30',25000,20000,NULL),(276,282,'2021-12-16','2022-06-30',30000,25000,NULL),(277,19,'2021-12-15','2022-02-01',45000,40000,NULL),(278,25,'2021-12-16','2022-02-01',30000,28000,0),(279,43,'2021-12-16','2022-06-30',43000,38000,NULL),(280,291,'2021-12-16','2022-06-30',37000,35000,0),(281,292,'2021-12-16','2022-06-30',37000,35000,0),(282,20,'2021-12-16','2022-06-30',40000,35000,NULL),(283,284,'2021-12-16','2022-06-30',40000,35000,NULL),(284,304,'2022-03-03','2022-03-31',28000,23000,0),(285,304,'2022-04-01','2022-04-30',30000,17000,0),(286,52,'2022-02-02','2022-11-30',65000,65000,0),(287,25,'2022-02-02','2022-11-30',48000,45000,0),(288,19,'2022-02-02','2022-11-30',58000,55000,NULL),(289,306,'2022-03-25','2022-11-30',180000,180000,0),(290,16,'2022-02-01','2022-11-30',93000,90000,0),(291,175,'2022-04-04','2022-11-30',57000,55000,0),(292,307,'2022-04-01','2022-11-30',30000,28000,0),(293,34,'2022-04-01','2022-11-30',65000,65000,0),(294,70,'2022-04-01','2022-11-30',85000,85000,0),(295,96,'2022-04-01','2022-11-30',210000,200000,0),(296,299,'2022-04-01','2022-11-30',185000,180000,NULL),(297,308,'2022-05-16','2022-11-20',91200,85000,0),(299,309,'2022-05-15','2022-12-15',49500,47000,0),(300,310,'2022-05-17','2022-12-15',30000,30000,0),(301,312,NULL,'2022-11-30',97200,97200,NULL),(302,21,'2022-06-23','2022-12-31',130000,130000,130000),(303,313,'2022-06-23','2022-12-31',130000,130000,130000);
/*!40000 ALTER TABLE `tarifas_actividades_agencias` ENABLE KEYS */;
UNLOCK TABLES;

--
-- Table structure for table `tarifas_actividades_netas`
--

DROP TABLE IF EXISTS `tarifas_actividades_netas`;
/*!40101 SET @saved_cs_client     = @@character_set_client */;
/*!40101 SET character_set_client = utf8 */;
CREATE TABLE `tarifas_actividades_netas` (
  `id_tarifa_actividad_rel` int(11) NOT NULL AUTO_INCREMENT,
  `id_tarifa_actividad` int(11) DEFAULT NULL,
  `id_proveedor` int(11) DEFAULT NULL,
  `id_tipo_servicio_actividad` int(11) DEFAULT NULL,
  `neta_adulto` int(11) DEFAULT 0,
  `neta_nino` int(11) DEFAULT 0,
  `neta_infante` int(11) DEFAULT 0,
  `voucher` tinyint(1) NOT NULL,
  PRIMARY KEY (`id_tarifa_actividad_rel`),
  KEY `id_tarifa_actividad` (`id_tarifa_actividad`),
  KEY `id_proveedor` (`id_proveedor`),
  KEY `id_tipo_servicio_actividad` (`id_tipo_servicio_actividad`),
  CONSTRAINT `tarifas_actividades_netas_ibfk_1` FOREIGN KEY (`id_tarifa_actividad`) REFERENCES `tarifas_actividades` (`id_tarifa_actividad`) ON DELETE CASCADE ON UPDATE CASCADE,
  CONSTRAINT `tarifas_actividades_netas_ibfk_2` FOREIGN KEY (`id_proveedor`) REFERENCES `proveedores` (`id_proveedor`) ON DELETE CASCADE ON UPDATE CASCADE,
  CONSTRAINT `tarifas_actividades_netas_ibfk_3` FOREIGN KEY (`id_tipo_servicio_actividad`) REFERENCES `tipos_servicios_actividad` (`id_tipo_servicio_actividad`) ON DELETE SET NULL ON UPDATE CASCADE
) ENGINE=InnoDB AUTO_INCREMENT=988 DEFAULT CHARSET=utf8;
/*!40101 SET character_set_client = @saved_cs_client */;

--
-- Dumping data for table `tarifas_actividades_netas`
--

LOCK TABLES `tarifas_actividades_netas` WRITE;
/*!40000 ALTER TABLE `tarifas_actividades_netas` DISABLE KEYS */;
INSERT INTO `tarifas_actividades_netas` VALUES (28,17,51,94,68000,68000,0,1),(32,20,3,NULL,NULL,NULL,NULL,0),(34,18,37,13,5000,5000,0,0),(45,22,14,88,25000,25000,0,1),(59,27,16,13,6000,6000,0,0),(66,30,55,27,150000,55000,0,1),(67,31,18,26,240000,65000,0,1),(69,33,55,27,150000,55000,0,1),(71,34,18,26,240000,65000,0,1),(73,35,20,30,23000,10500,0,0),(74,35,26,NULL,20000,20000,0,1),(76,36,102,32,15000,15000,0,1),(78,37,26,NULL,10000,10000,0,1),(79,37,22,34,30000,30000,0,1),(115,46,25,11,24000,20000,0,0),(117,46,37,13,5000,5000,0,0),(130,49,99,12,10000,10000,0,1),(181,66,25,11,24000,20000,0,1),(182,67,26,161,15000,15000,0,1),(183,67,27,36,3000,3000,0,1),(184,68,26,160,15000,15000,0,1),(185,68,27,36,3000,3000,0,1),(186,69,26,160,15000,15000,0,1),(187,69,27,36,3000,3000,0,1),(193,70,25,11,24000,20000,0,1),(200,71,25,11,24000,20000,0,1),(201,72,93,43,150000,150000,0,1),(202,73,93,43,150000,150000,0,1),(234,79,24,NULL,7000,7000,0,1),(235,79,29,44,32000,28000,0,1),(239,81,31,46,70000,50000,0,1),(240,82,32,53,150000,130000,0,1),(241,83,32,54,240000,0,0,1),(260,90,33,51,145000,110000,0,1),(261,91,34,52,150000,120000,0,1),(273,95,34,52,160000,125000,0,1),(275,97,33,51,200000,170000,0,1),(276,98,55,27,160000,80000,0,1),(279,100,55,27,160000,80000,0,1),(283,102,18,26,260000,70000,0,1),(291,105,32,53,190000,190000,0,1),(292,106,32,54,280000,0,0,1),(299,112,20,30,23000,10500,0,0),(300,112,26,163,30000,30000,0,1),(318,118,26,161,16000,16000,0,1),(319,118,27,36,4000,4000,0,1),(320,119,26,160,16000,16000,0,1),(321,119,27,36,4000,4000,0,1),(324,120,26,160,16000,16000,0,1),(325,120,27,36,4000,4000,0,1),(354,126,16,13,7000,7000,0,0),(366,130,16,13,48000,48000,0,0),(369,131,16,13,72000,6000,0,0),(372,132,16,13,6000,6000,0,0),(375,133,16,13,42000,42000,0,0),(378,134,16,13,84000,84000,0,0),(381,135,16,13,7000,7000,0,0),(384,132,39,56,20000,20000,0,0),(385,135,39,56,20000,20000,0,0),(388,136,102,32,15000,15000,0,1),(395,37,40,57,1000,1000,0,0),(397,137,26,NULL,11000,11000,0,1),(398,137,22,34,35000,35000,0,1),(399,137,40,57,1000,1000,0,0),(402,55,40,57,8000,8000,0,0),(408,139,99,12,10000,10000,0,1),(410,140,24,166,3500,3500,0,1),(411,140,37,12,10000,10000,0,1),(416,142,24,165,7000,7000,0,1),(417,142,37,169,12000,12000,0,1),(419,140,37,15,15000,15000,0,0),(421,143,99,12,10000,10000,0,1),(429,143,99,15,15000,15000,0,0),(430,142,37,15,15000,15000,0,0),(431,142,37,13,5000,5000,0,0),(433,146,100,182,90000,90000,0,1),(437,147,67,NULL,10000,10000,0,1),(438,147,20,30,23000,10500,0,1),(439,148,67,NULL,8000,8000,0,1),(440,148,20,30,23000,10500,0,1),(442,79,37,12,10000,10000,0,1),(443,79,37,41,3000,3000,0,0),(444,149,24,NULL,8000,8000,0,1),(445,149,29,44,32000,28000,0,1),(447,149,37,12,10000,10000,0,1),(448,149,37,41,3000,3000,0,0),(449,47,98,10,50000,50000,0,1),(450,47,37,12,10000,10000,0,1),(452,150,37,12,10000,10000,0,1),(453,151,52,10,40000,40000,0,1),(454,151,37,12,10000,10000,0,1),(456,152,37,12,10000,10000,0,1),(457,150,37,15,15000,15000,0,0),(459,153,37,12,10000,10000,0,1),(460,153,37,15,15000,15000,0,0),(461,151,37,15,15000,15000,0,0),(462,151,37,13,5000,5000,0,0),(464,154,37,169,13000,13000,0,1),(465,154,37,15,15000,15000,0,0),(466,154,37,13,6000,6000,0,0),(468,18,37,12,10000,10000,0,1),(469,18,37,15,15000,15000,0,0),(472,155,37,13,6000,6000,0,0),(474,155,37,12,10000,10000,0,1),(475,155,37,15,15000,15000,0,0),(477,46,37,12,10000,10000,0,1),(479,46,37,15,15000,15000,0,0),(483,156,25,11,24000,20000,0,0),(485,156,24,88,15000,15000,0,1),(487,156,37,12,10000,10000,0,1),(489,156,37,15,15000,15000,0,0),(492,70,37,12,10000,10000,0,1),(493,70,37,40,25000,25000,0,1),(494,70,37,15,15000,15000,0,0),(495,70,37,41,3000,3000,0,0),(496,157,25,11,24000,20000,0,0),(498,157,37,12,10000,10000,0,1),(499,157,37,40,25000,25000,0,0),(500,157,37,15,15000,15000,0,0),(501,157,37,41,4000,4000,0,0),(504,158,25,11,24000,20000,0,0),(508,160,31,46,80000,60000,0,1),(510,23,100,NULL,20000,20000,0,1),(513,162,100,88,25000,25000,0,1),(536,168,14,42,10000,10000,0,1),(541,168,24,NULL,4000,4000,0,1),(573,173,99,12,10000,10000,0,1),(575,173,99,15,12500,12500,0,0),(581,177,99,12,10000,10000,0,1),(583,177,99,15,12500,12500,0,0),(584,178,36,40,25000,25000,0,1),(587,181,36,40,25000,25000,0,1),(589,178,24,166,3500,3500,0,1),(590,182,36,40,25000,25000,0,1),(596,184,36,40,25000,25000,0,1),(598,184,24,NULL,7000,7000,0,1),(605,184,37,12,10000,10000,0,1),(606,184,37,15,15000,15000,0,0),(607,187,36,40,25000,25000,0,1),(610,187,99,12,10000,10000,0,1),(611,187,99,15,15000,15000,0,0),(612,188,42,154,55000,27500,0,1),(613,189,42,62,110000,55000,0,1),(626,194,44,63,45000,45000,0,1),(627,195,44,63,50000,50000,0,1),(629,196,45,66,20000,10000,0,0),(630,196,45,59,2500,2500,0,0),(631,196,46,67,8000,4000,0,0),(633,197,45,66,20000,10000,0,0),(634,197,45,59,3000,3000,0,0),(635,197,46,67,10000,5000,0,0),(637,198,45,66,20000,10000,0,0),(638,198,45,59,2500,2500,0,0),(639,198,46,67,8000,4000,0,0),(641,199,45,66,20000,10000,0,0),(642,199,45,59,3000,3000,0,0),(643,199,46,67,10000,5000,0,0),(644,198,54,12,10000,10000,0,1),(645,199,54,12,15000,15000,0,1),(646,200,29,44,32000,28000,0,1),(647,201,29,44,32000,28000,0,1),(654,205,48,69,165000,165000,0,1),(655,206,48,69,165000,165000,0,1),(658,209,48,70,250000,250000,0,1),(659,210,48,70,250000,250000,0,1),(661,212,48,107,250000,250000,0,1),(662,213,48,175,250000,250000,0,1),(663,214,49,71,165000,165000,0,1),(664,216,50,71,160000,160000,0,1),(665,215,50,72,240000,240000,0,1),(666,217,50,72,300000,300000,0,1),(667,218,51,73,34400,26400,0,1),(668,219,51,73,41000,30000,0,1),(669,220,51,74,20000,20000,0,1),(670,221,51,74,15000,15000,0,1),(671,222,51,75,40000,40000,0,1),(672,223,51,75,37000,37000,0,1),(673,224,50,76,140000,140000,0,1),(674,225,50,76,160000,160000,0,1),(677,226,93,55,40000,40000,0,1),(678,227,93,43,150000,150000,0,1),(679,73,99,12,10000,10000,0,1),(681,73,99,15,15000,15000,0,0),(682,228,93,43,160000,160000,0,1),(684,228,24,166,4000,4000,0,1),(685,228,37,169,13000,13000,0,1),(686,228,37,13,6000,6000,0,0),(687,228,37,15,15000,15000,0,0),(688,229,25,11,24000,20000,0,1),(690,230,25,11,24000,20000,0,1),(692,231,51,81,54400,44400,0,1),(693,232,51,81,56000,56000,0,1),(697,234,51,75,35000,35000,0,1),(698,234,51,73,39000,26400,0,1),(699,235,25,11,24000,22500,0,1),(700,235,52,82,20000,20000,0,1),(701,236,25,11,24000,22500,0,0),(702,236,52,82,25000,25000,0,1),(703,237,53,83,50000,50000,0,1),(704,238,53,83,55000,0,0,1),(705,239,51,84,154400,146400,0,1),(706,240,51,84,150000,150000,0,1),(707,241,51,85,32000,32000,0,1),(708,242,51,85,34000,34000,0,1),(709,243,51,86,40000,40000,0,1),(710,244,51,87,52000,52000,0,1),(711,245,51,86,40000,40000,0,1),(712,246,51,87,49000,49000,0,1),(713,247,51,91,64000,64000,0,1),(714,248,51,91,75000,40000,0,1),(715,249,51,92,96000,96000,0,1),(716,250,51,92,105000,105000,0,1),(717,251,51,94,80000,80000,0,1),(718,252,57,97,50000,50000,0,1),(720,254,58,98,70000,70000,0,1),(721,255,58,98,75000,75000,0,1),(722,256,57,97,55000,55000,0,1),(723,257,59,99,60000,60000,0,1),(724,258,57,99,65000,65000,0,1),(726,260,59,101,30000,30000,0,1),(727,261,59,101,50000,50000,0,1),(728,262,57,101,65000,65000,0,1),(729,263,57,101,75000,75000,0,1),(730,264,57,103,45000,45000,0,1),(731,265,57,103,45000,45000,0,1),(732,266,57,104,65000,65000,0,1),(733,267,57,104,70000,70000,0,1),(734,268,57,105,125000,125000,0,1),(735,269,57,105,135000,135000,0,1),(736,270,57,106,100000,100000,0,1),(737,271,57,106,105000,105000,0,1),(738,272,57,107,100000,100000,0,1),(739,273,57,107,105000,105000,0,1),(740,274,60,108,15000,15000,0,1),(741,275,80,108,15000,15000,0,1),(742,276,25,11,24000,20000,0,1),(743,277,93,109,150000,150000,0,1),(744,278,93,109,150000,150000,0,1),(749,282,56,110,140000,140000,0,1),(751,282,55,-1,25000,25000,0,1),(752,283,56,110,140000,140000,0,1),(754,283,55,-1,30000,30000,0,0),(755,284,56,110,140000,140000,0,1),(758,285,56,110,140000,140000,0,1),(760,285,55,-1,25000,25000,0,1),(761,284,37,12,10000,10000,0,1),(764,284,37,15,15000,15000,0,1),(765,286,56,110,140000,140000,0,1),(766,286,37,12,10000,10000,0,1),(768,286,37,15,15000,15000,0,0),(769,287,56,110,140000,140000,0,1),(771,287,55,-1,30000,30000,0,1),(772,288,62,111,10000,8000,0,1),(773,289,62,111,12000,10000,0,1),(774,290,62,112,20000,18000,0,1),(775,291,62,157,15000,15000,0,1),(776,292,63,113,20000,20000,0,1),(777,293,63,113,25000,25000,0,1),(778,294,63,114,30000,30000,0,1),(779,295,63,114,30000,30000,0,1),(780,296,62,112,25000,20000,0,1),(781,297,62,156,30000,25000,0,1),(782,298,63,115,40000,40000,0,1),(783,299,63,115,45000,45000,0,1),(786,302,64,116,25000,25000,0,1),(787,303,64,116,35000,35000,0,1),(788,304,64,116,35000,35000,0,1),(789,305,64,116,25000,25000,0,1),(790,306,65,117,130000,100000,0,1),(791,307,66,118,100000,70000,0,1),(792,308,66,119,20000,20000,0,1),(793,309,66,119,35000,35000,0,1),(794,310,66,119,20000,20000,0,1),(795,311,66,119,35000,35000,0,1),(796,312,51,75,37000,37000,0,1),(797,312,51,73,41000,41000,0,1),(798,313,30,45,35000,20000,0,1),(799,314,97,135,35000,30000,0,1),(804,315,24,NULL,7000,7000,0,1),(805,315,37,12,10000,10000,0,1),(806,316,61,122,7500,7500,0,1),(807,316,61,124,7500,7500,0,1),(808,316,51,74,20000,20000,0,1),(809,316,57,97,55000,55000,NULL,1),(810,317,61,122,8500,8500,0,1),(811,317,61,124,8500,8500,0,1),(812,317,51,74,15000,15000,0,1),(813,317,57,97,60000,60000,NULL,1),(814,318,93,55,40000,40000,0,1),(816,321,65,125,75000,0,0,1),(817,322,66,126,45000,0,0,1),(818,323,66,126,50000,50000,0,1),(820,324,29,44,32000,28000,NULL,1),(822,324,99,12,10000,10000,0,1),(824,325,29,44,32000,28000,NULL,1),(826,325,99,12,10000,10000,0,1),(832,327,71,127,30000,30000,0,1),(833,328,71,127,30000,30000,0,1),(839,332,73,129,110000,110000,0,1),(840,333,73,129,120000,120000,0,1),(841,330,71,127,30000,30000,0,1),(842,331,71,127,30000,30000,0,1),(843,334,65,130,75000,75000,0,1),(844,335,74,131,57000,57000,0,1),(845,337,57,132,75000,75000,0,1),(846,338,57,133,165000,165000,0,1),(847,339,74,137,81000,81000,0,1),(849,340,18,26,260000,70000,0,1),(850,341,61,124,8500,8500,0,1),(852,341,51,74,15000,15000,0,1),(853,341,56,136,70000,70000,0,1),(855,341,24,NULL,8000,8000,0,1),(856,341,37,12,10000,10000,0,1),(858,342,61,123,8500,8500,0,1),(859,342,51,74,15000,15000,0,1),(860,342,56,110,70000,70000,0,1),(862,342,24,NULL,8000,8000,0,1),(863,342,37,12,10000,10000,0,1),(866,343,74,134,137000,137000,0,1),(867,344,77,138,35000,25000,0,1),(868,346,78,139,79900,79900,0,1),(869,347,79,140,60720,60720,0,1),(870,348,79,141,65700,58500,0,1),(871,349,78,143,169150,169150,0,1),(872,350,78,142,192100,192100,0,1),(873,351,41,60,192000,136000,0,1),(874,352,41,60,176000,124000,0,1),(875,353,83,144,160000,160000,0,1),(877,240,51,12,23000,23000,0,1),(878,355,84,145,20000,15000,0,1),(879,356,85,147,125000,105000,0,1),(881,281,24,166,4000,4000,0,1),(882,281,37,169,13000,13000,0,1),(884,281,37,15,15000,15000,0,0),(885,281,37,13,6000,6000,0,0),(886,281,52,82,25000,25000,0,1),(888,357,24,166,4000,4000,0,1),(889,357,37,169,13000,13000,0,1),(891,357,37,15,15000,15000,0,0),(892,357,37,13,6000,6000,0,0),(893,357,52,82,25000,25000,0,1),(895,358,86,148,160000,100000,0,1),(896,359,78,139,84150,84150,0,1),(897,360,87,149,100000,80000,0,1),(898,361,87,150,45000,40000,0,1),(900,363,66,118,120000,90000,0,1),(906,367,24,166,4000,4000,0,1),(907,367,37,169,13000,13000,0,1),(909,367,37,15,15000,15000,0,0),(910,367,37,13,6000,6000,0,0),(911,367,52,82,25000,25000,0,1),(913,367,29,44,32000,28000,0,1),(925,163,14,88,25000,25000,0,1),(926,170,14,88,25000,25000,0,1),(927,177,14,88,25000,25000,0,1),(928,168,14,88,25000,25000,0,1),(929,372,63,115,60000,60000,0,1),(930,373,63,113,40000,40000,0,1),(931,374,63,114,30000,30000,0,1),(933,357,14,88,25000,25000,0,1),(934,367,14,88,25000,25000,0,1),(935,375,83,144,160000,160000,0,1),(936,163,14,42,10000,10000,0,1),(937,357,14,42,10000,10000,0,1),(938,367,14,42,10000,10000,0,1),(939,367,24,170,4000,4000,0,1),(941,143,101,170,20000,20000,0,1),(943,100,44,63,50000,50000,0,1),(944,102,44,63,50000,50000,0,1),(946,177,14,102,20000,22000,0,1),(949,228,24,170,4000,4000,0,1),(950,281,24,170,4000,4000,0,1),(951,376,95,173,20000,20000,0,1),(952,377,78,174,79000,79000,0,1),(954,286,36,166,3500,3500,0,1),(955,286,36,170,3500,3500,0,1),(956,379,51,176,77000,77000,0,1),(957,324,99,179,12500,12500,0,1),(958,325,99,179,12500,12500,0,1),(959,23,100,14,10000,10000,0,0),(960,170,14,102,25000,25000,0,1),(962,187,101,102,15000,15000,0,1),(963,380,26,162,25000,25000,0,1),(964,380,101,180,10000,10000,0,1),(965,35,101,180,10000,10000,0,1),(966,148,101,181,4000,4000,0,1),(967,138,101,180,25000,25000,0,1),(968,138,26,162,25000,25000,NULL,1),(969,49,101,102,20000,20000,0,1),(970,139,101,102,20000,20000,0,1),(971,381,101,32,15000,15000,0,1),(972,382,104,153,10,5,0,1),(974,68,55,159,26000,26000,0,1),(975,119,55,159,26000,26000,0,1),(976,383,26,160,16000,16000,0,1),(977,383,27,36,4000,4000,0,1),(978,383,55,159,55000,55000,0,1),(980,324,101,96,20000,20000,0,1),(981,325,101,96,20000,20000,0,1),(982,204,54,-1,15000,15000,0,1),(983,204,101,68,20000,20000,0,1),(984,384,101,183,52500,52500,52500,1),(985,385,101,183,52500,52500,52500,1),(986,182,101,96,20000,20000,0,1),(987,182,24,165,3500,3500,0,1);
/*!40000 ALTER TABLE `tarifas_actividades_netas` ENABLE KEYS */;
UNLOCK TABLES;

--
-- Table structure for table `tarifas_traslados`
--

DROP TABLE IF EXISTS `tarifas_traslados`;
/*!40101 SET @saved_cs_client     = @@character_set_client */;
/*!40101 SET character_set_client = utf8 */;
CREATE TABLE `tarifas_traslados` (
  `id_tarifa_traslado` int(11) NOT NULL AUTO_INCREMENT,
  `id_traslado` int(11) DEFAULT NULL,
  `fecha_desde` date DEFAULT NULL,
  `fecha_hasta` date DEFAULT NULL,
  `venta_adulto` double DEFAULT NULL,
  `venta_nino` double DEFAULT NULL,
  `venta_infante` double DEFAULT NULL,
  `estado` int(255) DEFAULT NULL,
  PRIMARY KEY (`id_tarifa_traslado`),
  KEY `id_actividad` (`id_traslado`),
  CONSTRAINT `tarifas_traslados_ibfk_1` FOREIGN KEY (`id_traslado`) REFERENCES `traslados` (`id_traslado`) ON DELETE CASCADE ON UPDATE CASCADE
) ENGINE=InnoDB AUTO_INCREMENT=149 DEFAULT CHARSET=utf8;
/*!40101 SET character_set_client = @saved_cs_client */;

--
-- Dumping data for table `tarifas_traslados`
--

LOCK TABLES `tarifas_traslados` WRITE;
/*!40000 ALTER TABLE `tarifas_traslados` DISABLE KEYS */;
INSERT INTO `tarifas_traslados` VALUES (8,13,'2021-11-05','2021-11-30',12000,10000,0,1),(10,1,'2021-11-05','2021-12-15',10000,10000,0,1),(14,1,'2021-12-16','2022-06-30',12000,12000,0,1),(16,14,'2021-11-06','2021-12-15',10000,10000,0,1),(17,14,'2021-12-16','2022-06-30',12000,12000,0,1),(24,16,'2021-11-06','2021-12-15',8000,8000,0,1),(25,16,'2021-12-16','2022-06-30',9000,9000,0,1),(27,17,'2021-11-08','2021-12-15',8000,8000,0,1),(28,17,'2021-12-16','2022-06-30',9000,9000,0,1),(29,20,'2021-11-08','2021-12-15',8000,8000,0,1),(30,20,'2021-12-16','2022-06-30',9000,9000,0,1),(31,22,'2021-11-08','2021-12-15',15000,15000,0,1),(32,22,'2021-12-16','2022-06-30',17000,17000,0,1),(33,23,'2021-11-08','2021-12-15',40000,40000,0,1),(34,23,'2021-12-16','2022-06-30',43000,43000,0,1),(35,24,'2021-11-08','2021-12-15',40000,40000,0,1),(36,24,'2021-12-16','2022-06-30',43000,43000,0,1),(37,25,'2021-11-08','2021-12-15',5000,5000,0,1),(38,25,'2021-12-16','2022-06-30',5500,5500,0,1),(39,27,'2021-11-08','2021-12-15',8000,8000,0,1),(40,27,'2021-12-16','2022-06-30',8500,8500,0,1),(41,26,'2021-11-08','2021-12-15',7000,7000,0,1),(43,28,'2021-11-09','2021-12-15',95000,90000,0,1),(44,28,'2021-12-16','2022-06-30',98000,90000,0,1),(45,29,'2021-11-09','2021-12-15',95000,90000,0,1),(46,29,'2021-12-16','2022-06-30',95000,90000,0,1),(47,19,'2021-11-12','2021-12-15',8000,8000,0,1),(48,19,'2021-12-16','2022-06-30',9000,9000,0,1),(49,18,'2021-11-13','2021-12-15',8000,8000,0,1),(50,18,'2021-12-16','2022-06-30',9000,9000,0,1),(51,21,'2021-11-13','2021-12-15',15000,15000,0,1),(52,21,'2021-12-16','2022-06-30',17000,17000,0,1),(53,31,'2021-11-13','2021-12-15',6000,6000,0,1),(54,31,'2021-12-16','2022-06-30',7500,7500,0,1),(55,32,'2021-11-25','2021-12-15',15000,15000,0,1),(59,32,'2021-12-16','2022-06-30',18000,18000,0,1),(62,33,'2021-11-25','2021-12-15',48000,48000,0,1),(67,33,'2021-12-16','2022-06-30',50000,50000,0,1),(68,34,'2021-11-25','2021-12-15',25000,25000,0,1),(69,34,'2021-12-16','2022-06-30',25000,25000,0,1),(73,35,'2021-11-26','2021-12-15',9500,9500,0,1),(74,35,'2021-12-16','2022-06-30',11500,11500,0,1),(77,37,'2021-11-26','2021-12-15',9500,9500,0,1),(78,37,'2021-12-16','2022-06-30',11500,11500,0,1),(80,38,'2021-11-26','2021-12-15',25000,25000,0,1),(81,38,'2021-12-16','2022-06-30',25000,25000,0,1),(82,39,'2021-11-26','2021-12-15',20000,20000,0,1),(83,39,'2021-12-16','2022-06-30',25000,25000,0,1),(85,40,'2021-11-26','2021-12-15',30000,30000,0,1),(86,40,'2021-12-16','2022-06-30',35000,35000,0,1),(87,36,'2021-12-03','2021-12-15',15000,15000,0,1),(88,36,'2021-12-16','2022-06-30',18000,18000,0,1),(92,41,'2021-12-03','2021-12-15',18000,18000,0,1),(93,41,'2021-12-16','2022-06-30',18000,18000,0,1),(98,42,'2021-12-03','2021-12-15',18000,18000,0,1),(99,42,'2021-12-16','2022-06-30',18000,18000,0,1),(101,30,'2021-12-04','2021-12-15',95000,95000,0,1),(102,30,'2021-12-16','2022-06-30',95000,95000,0,1),(105,43,'2021-12-01','2021-12-15',35000,35000,0,1),(106,43,'2021-12-16','2022-06-30',35000,35000,0,1),(109,44,'2021-12-11','2021-12-15',45000,35000,0,1),(110,44,'2021-12-16','2022-06-30',65000,60000,0,1),(113,45,'2021-12-01','2021-12-15',95000,90000,0,1),(115,45,'2021-12-16','2022-06-30',95000,90000,0,1),(119,46,'2021-12-20','2022-06-30',25000,25000,0,1),(120,47,'2021-12-30','2022-06-30',14000,14000,0,1),(121,48,'2021-12-30','2022-06-30',14000,14000,0,1),(122,49,'2022-01-12','2022-06-30',50000,50000,0,1),(123,50,'2022-01-12','2022-06-30',50000,50000,0,1),(124,51,'2022-01-20','2022-06-30',17000,17000,0,1),(125,52,'2022-01-20','2022-06-30',17000,17000,0,1),(126,53,'2022-01-20','2022-06-30',20000,20000,0,1),(127,56,'2022-01-20','2022-06-30',25000,25000,0,1),(128,55,'2022-01-20','2022-06-30',25000,25000,0,1),(129,54,'2022-02-02','2022-06-30',20000,20000,0,1),(131,16,'2022-07-01','2022-11-30',9000,9000,0,1),(132,18,'2022-07-01','2022-11-30',9000,9000,0,1),(133,19,'2022-07-01','2022-11-30',9000,9000,0,1),(134,20,'2022-07-01','2022-11-30',9000,9000,0,1),(135,23,'2022-07-01','2022-11-30',43000,43000,0,1),(136,23,'2022-07-01','2022-11-30',45000,45000,0,1),(137,24,'2022-07-01','2022-11-30',45000,45000,0,1),(138,14,'2022-07-01','2022-11-30',12000,12000,0,1),(140,1,'2022-07-01','2022-12-15',12000,12000,0,1),(141,21,'2022-07-01','2022-12-15',17000,17000,0,1),(142,22,'2022-07-01','2022-12-15',17000,17000,0,1),(143,25,'2022-07-01','2022-12-15',5500,5500,0,1),(144,31,'2022-07-01','2022-12-15',7500,7500,0,1),(145,46,'2022-07-01','2022-12-01',25000,25000,0,1),(146,26,'2022-07-01','2022-12-31',7000,7000,0,1),(147,35,'2022-07-01','2022-12-31',11500,11500,0,1),(148,37,'2022-07-01','2022-12-31',11500,11500,0,1);
/*!40000 ALTER TABLE `tarifas_traslados` ENABLE KEYS */;
UNLOCK TABLES;

--
-- Table structure for table `tarifas_traslados_agencias`
--

DROP TABLE IF EXISTS `tarifas_traslados_agencias`;
/*!40101 SET @saved_cs_client     = @@character_set_client */;
/*!40101 SET character_set_client = utf8 */;
CREATE TABLE `tarifas_traslados_agencias` (
  `id_tarifa_traslado_agencia` int(11) NOT NULL AUTO_INCREMENT,
  `id_traslado` int(11) NOT NULL,
  `tarifa` double DEFAULT NULL,
  `tarifa_ninos` double DEFAULT NULL,
  `tarifa_infantes` double DEFAULT NULL,
  `desde` date DEFAULT NULL,
  `hasta` date DEFAULT NULL,
  PRIMARY KEY (`id_tarifa_traslado_agencia`),
  KEY `id_traslado` (`id_traslado`),
  CONSTRAINT `tarifas_traslados_agencias_ibfk_1` FOREIGN KEY (`id_traslado`) REFERENCES `traslados` (`id_traslado`) ON DELETE CASCADE ON UPDATE CASCADE
) ENGINE=InnoDB AUTO_INCREMENT=224 DEFAULT CHARSET=utf8;
/*!40101 SET character_set_client = @saved_cs_client */;

--
-- Dumping data for table `tarifas_traslados_agencias`
--

LOCK TABLES `tarifas_traslados_agencias` WRITE;
/*!40000 ALTER TABLE `tarifas_traslados_agencias` DISABLE KEYS */;
INSERT INTO `tarifas_traslados_agencias` VALUES (148,1,9500,9500,0,'2021-11-08','2021-12-15'),(149,14,9500,9500,0,'2021-11-06','2021-12-15'),(150,14,10500,10500,0,'2021-12-16','2022-11-30'),(151,16,7000,7000,0,'2021-11-06','2021-12-15'),(152,16,8000,8000,0,'2021-12-16','2022-06-30'),(153,13,10000,8000,0,'2021-11-01','2021-11-30'),(154,1,10500,10500,0,'2021-12-16','2022-11-30'),(155,17,7000,7000,0,'2021-11-08','2021-12-15'),(156,17,8000,8000,0,'2021-12-16','2022-06-30'),(157,20,7000,7000,0,'2021-11-08','2021-12-15'),(158,20,8000,8000,0,'2021-12-16','2022-06-30'),(159,22,14000,14000,0,'2021-11-08','2021-12-15'),(160,22,15500,15500,0,'2021-12-16','2022-06-30'),(161,23,35000,35000,0,'2021-11-08','2021-12-15'),(162,23,37000,37000,0,'2021-12-16','2022-11-30'),(163,24,35000,35000,0,'2021-11-08','2021-12-15'),(164,24,37000,37000,0,'2021-12-16','2022-11-30'),(165,27,7500,7500,0,'2021-11-08','2021-12-15'),(166,27,8000,8000,0,'2021-12-16','2022-06-30'),(167,26,6000,6000,0,'2021-11-08','2021-12-15'),(168,26,7000,7000,0,'2021-12-16','2022-06-30'),(169,28,94000,90000,0,'2021-11-09','2021-12-15'),(170,28,98000,90000,0,'2021-12-16','2022-06-30'),(171,29,94000,90000,0,'2021-11-09','2021-12-15'),(172,29,98000,90000,0,'2021-12-16','2022-06-30'),(173,25,4000,4000,0,'2021-11-12','2021-12-15'),(174,25,4500,4500,0,'2021-12-16','2022-06-30'),(175,19,7000,7000,0,'2021-11-12','2021-12-15'),(176,19,8000,8000,0,'2021-12-16','2022-12-30'),(177,18,7000,7000,0,'2021-11-13','2021-12-15'),(178,18,8000,8000,0,'2021-12-16','2022-06-30'),(179,21,14000,14000,0,'2021-11-13','2021-12-15'),(180,21,15500,15500,0,'2021-12-16','2022-06-30'),(181,31,5000,5000,0,'2021-11-13','2021-12-15'),(182,31,6000,6000,0,'2021-12-16','2022-06-30'),(183,32,15000,15000,0,'2021-11-25','2021-12-15'),(184,32,18000,18000,0,'2021-12-16','2022-06-30'),(185,33,48000,48000,0,'2021-11-25','2021-12-15'),(186,33,50000,50000,0,'2021-12-16','2022-06-30'),(187,34,25000,25000,0,'2021-11-25','2021-12-15'),(188,34,25000,25000,0,'2021-12-16','2022-06-30'),(189,35,10000,10000,0,'2021-11-26','2021-12-15'),(190,35,11500,11500,0,'2021-12-16','2022-06-30'),(191,37,10000,10000,0,'2021-11-26','2021-12-15'),(192,37,11500,11500,NULL,'2021-12-16','2022-06-30'),(193,38,25000,25000,0,'2021-11-26','2021-12-15'),(194,38,25000,25000,0,'2021-12-16','2022-06-30'),(195,39,17000,17000,0,'2021-11-26','2021-12-15'),(196,39,20000,20000,0,'2021-12-16','2022-06-30'),(197,40,25000,25000,0,'2021-11-26','2021-12-15'),(198,40,30000,30000,0,'2021-12-16','2022-11-30'),(199,36,15000,15000,0,'2021-12-03','2021-12-15'),(200,36,18000,18000,0,'2021-12-16','2022-06-30'),(201,41,18000,18000,0,'2021-12-15','2022-06-30'),(202,42,18000,18000,0,'2021-12-03','2022-06-30'),(203,30,94000,90000,0,'2021-12-04','2021-12-15'),(204,30,98000,90000,NULL,'2021-12-16','2022-06-30'),(205,43,25000,25000,0,'2021-12-01','2021-12-15'),(206,43,30000,30000,0,'2021-12-16','2022-06-30'),(207,44,40000,35000,0,'2021-12-01','2021-12-15'),(208,44,57000,55000,0,'2021-12-16','2022-11-30'),(209,45,94000,90000,0,'2021-12-01','2021-12-15'),(210,45,98000,90000,0,'2021-12-16','2022-06-30'),(211,46,20000,20000,0,'2021-12-20','2022-06-30'),(212,47,13000,13000,0,'2021-12-30','2022-06-30'),(213,48,13000,13000,0,'2021-12-30','2022-06-30'),(214,49,50000,50000,0,'2022-01-12','2022-06-30'),(215,50,50000,50000,0,'2022-01-12','2022-06-30'),(216,51,16000,16000,0,'2022-01-20','2022-06-30'),(217,52,16000,16000,0,'2022-01-20','2022-06-30'),(218,53,19000,19000,0,'2022-01-20','2022-06-30'),(219,56,24000,24000,0,'2022-01-20','2022-06-30'),(220,55,24000,24000,0,'2022-01-20','2022-11-30'),(221,54,19000,19000,0,'2022-02-02','2022-06-30'),(222,35,11500,11500,0,'2022-06-01','2022-12-31'),(223,37,11500,11500,0,'2022-07-01','2022-12-31');
/*!40000 ALTER TABLE `tarifas_traslados_agencias` ENABLE KEYS */;
UNLOCK TABLES;

--
-- Table structure for table `tarifas_traslados_netas`
--

DROP TABLE IF EXISTS `tarifas_traslados_netas`;
/*!40101 SET @saved_cs_client     = @@character_set_client */;
/*!40101 SET character_set_client = utf8 */;
CREATE TABLE `tarifas_traslados_netas` (
  `id_tarifa_traslado_rel` int(11) NOT NULL AUTO_INCREMENT,
  `id_tarifa_traslado` int(11) DEFAULT NULL,
  `id_proveedor` int(11) DEFAULT NULL,
  `neta_adulto` int(11) DEFAULT NULL,
  `neta_nino` int(11) DEFAULT NULL,
  `neta_infante` int(11) DEFAULT NULL,
  `voucher` tinyint(1) NOT NULL,
  PRIMARY KEY (`id_tarifa_traslado_rel`),
  KEY `id_proveedor` (`id_proveedor`),
  KEY `tarifas_traslados_netas_ibfk_1_idx` (`id_tarifa_traslado`),
  CONSTRAINT `tarifas_traslados_netas_ibfk_1` FOREIGN KEY (`id_tarifa_traslado`) REFERENCES `tarifas_traslados` (`id_tarifa_traslado`) ON DELETE CASCADE ON UPDATE CASCADE,
  CONSTRAINT `tarifas_traslados_netas_ibfk_2` FOREIGN KEY (`id_proveedor`) REFERENCES `proveedores` (`id_proveedor`) ON DELETE CASCADE ON UPDATE CASCADE
) ENGINE=InnoDB AUTO_INCREMENT=145 DEFAULT CHARSET=utf8;
/*!40101 SET character_set_client = @saved_cs_client */;

--
-- Dumping data for table `tarifas_traslados_netas`
--

LOCK TABLES `tarifas_traslados_netas` WRITE;
/*!40000 ALTER TABLE `tarifas_traslados_netas` DISABLE KEYS */;
INSERT INTO `tarifas_traslados_netas` VALUES (50,43,56,70000,70000,0,1),(51,44,56,75000,75000,0,1),(52,45,56,70000,70000,0,1),(53,46,56,75000,75000,0,1),(62,55,61,12500,12500,0,1),(63,59,61,15000,15000,0,1),(64,62,56,35000,35000,0,1),(66,67,56,38000,38000,0,1),(67,68,61,20000,20000,0,1),(68,69,61,20000,20000,0,1),(69,73,61,7500,7500,0,1),(70,74,61,8500,8500,0,1),(71,77,61,7500,7500,0,1),(72,78,61,8500,8500,NULL,1),(73,80,61,20000,20000,0,1),(74,81,61,20000,20000,0,1),(77,85,37,20000,20000,0,1),(78,86,52,25000,25000,0,1),(79,87,61,12500,12500,0,1),(80,88,61,15000,15000,0,1),(81,92,61,14000,14000,0,1),(82,93,61,14000,14000,0,0),(83,98,61,14000,14000,NULL,1),(84,99,61,14000,14000,0,1),(85,101,56,70000,70000,0,1),(86,102,56,75000,75000,0,1),(90,110,52,50000,50000,0,1),(91,113,56,70000,70000,0,1),(92,115,56,75000,75000,NULL,1),(94,120,82,10000,10000,0,1),(95,121,82,10000,10000,0,1),(96,122,56,38000,38000,0,1),(97,123,56,38000,38000,0,1),(98,124,82,12500,12500,0,1),(99,125,82,12500,12500,0,1),(100,126,82,15000,15000,0,1),(101,127,82,20000,20000,0,1),(102,128,82,20000,20000,0,1),(103,129,82,15000,15000,0,1),(113,14,101,5000,5000,0,1),(114,140,101,5000,5000,0,1),(115,24,101,4000,4000,0,1),(116,25,101,4000,4000,0,1),(117,131,101,4000,4000,0,1),(118,50,101,4000,4000,0,1),(119,132,101,4000,4000,0,1),(120,48,101,4000,400,0,1),(121,133,101,4000,4000,0,1),(122,30,101,4000,4000,0,1),(123,134,101,4000,4000,0,1),(124,138,101,5000,5000,0,1),(125,17,101,5000,5000,0,1),(126,52,101,7500,7500,0,1),(127,141,101,7500,7500,0,1),(128,32,101,7500,7500,0,1),(129,142,101,7500,7500,0,1),(130,34,101,25000,25000,0,1),(131,136,101,25000,25000,0,1),(132,36,101,25000,25000,0,1),(133,137,101,25000,25000,0,1),(134,38,101,3000,3000,0,1),(135,143,101,3000,3000,0,1),(136,54,101,3000,3000,0,1),(137,144,101,3000,3000,0,1),(138,119,101,15000,15000,0,1),(139,145,101,18000,18000,0,1),(141,41,101,3750,NULL,NULL,1),(142,146,101,3750,3750,0,1),(143,147,61,8500,8500,0,1),(144,148,61,8500,8500,0,1);
/*!40000 ALTER TABLE `tarifas_traslados_netas` ENABLE KEYS */;
UNLOCK TABLES;

--
-- Table structure for table `tipos_servicio`
--

DROP TABLE IF EXISTS `tipos_servicio`;
/*!40101 SET @saved_cs_client     = @@character_set_client */;
/*!40101 SET character_set_client = utf8 */;
CREATE TABLE `tipos_servicio` (
  `id_tipo_servicio` int(11) NOT NULL AUTO_INCREMENT,
  `tipo_servicio` text DEFAULT NULL,
  PRIMARY KEY (`id_tipo_servicio`)
) ENGINE=InnoDB AUTO_INCREMENT=6 DEFAULT CHARSET=utf8;
/*!40101 SET character_set_client = @saved_cs_client */;

--
-- Dumping data for table `tipos_servicio`
--

LOCK TABLES `tipos_servicio` WRITE;
/*!40000 ALTER TABLE `tipos_servicio` DISABLE KEYS */;
INSERT INTO `tipos_servicio` VALUES (1,'Actividades'),(2,'Hoteles'),(3,'Vuelos'),(4,'Traslados'),(5,'Paquetes');
/*!40000 ALTER TABLE `tipos_servicio` ENABLE KEYS */;
UNLOCK TABLES;

--
-- Table structure for table `tipos_servicios_actividad`
--

DROP TABLE IF EXISTS `tipos_servicios_actividad`;
/*!40101 SET @saved_cs_client     = @@character_set_client */;
/*!40101 SET character_set_client = utf8 */;
CREATE TABLE `tipos_servicios_actividad` (
  `id_tipo_servicio_actividad` int(11) NOT NULL AUTO_INCREMENT,
  `tipo_servicio` text NOT NULL,
  `sufijo` text NOT NULL,
  `traslado` int(11) DEFAULT 0,
  `neto_adultos` double DEFAULT 0,
  `neto_ninos` double DEFAULT 0,
  `neto_infantes` double DEFAULT 0,
  PRIMARY KEY (`id_tipo_servicio_actividad`)
) ENGINE=InnoDB AUTO_INCREMENT=184 DEFAULT CHARSET=utf8;
/*!40101 SET character_set_client = @saved_cs_client */;

--
-- Dumping data for table `tipos_servicios_actividad`
--

LOCK TABLES `tipos_servicios_actividad` WRITE;
/*!40000 ALTER TABLE `tipos_servicios_actividad` DISABLE KEYS */;
INSERT INTO `tipos_servicios_actividad` VALUES (-1,'ALMUERZO','SMR',0,0,0,0),(3,'CENA','CE',0,0,0,0),(5,'DESAYUNO','DES',0,0,0,0),(7,'SNACK  Y COCTEL EN ISLA PRIVADA','CTG',0,0,0,0),(8,'TRASPORTE EN LANCHA IDA','CTG',0,0,0,0),(10,'TRASPORTE EN LANCHA IDA Y REGRESO','CTG',0,40000,40000,0),(11,'ENTRADA AL OCEANARIO','CTG',0,0,0,0),(12,'ALMUERZO TIPICO','CTG',0,10000,10000,0),(13,'CEVICHE DE CAMARONES','CTG',0,0,0,0),(14,'PLANCTON + TRASPORTE DE REGRESO','CTG',1,0,0,0),(15,'SILLA ASOLEADORA','CTG',0,0,0,0),(18,'baño con plancton + trasporte','CTG',1,0,0,0),(23,'RECORRIDO EN LANCHA POR LA BAHIA','CTG',0,0,0,0),(24,'BEBIDAS A BORDO','CTG',0,0,0,0),(25,'CENA ROMANTICA','CTG',0,0,0,0),(26,'CENA ROMANTICA MENU EXOTICO','CTG',0,0,0,0),(27,'CENA ROMANTICA MENU SENSACION','CTG',0,0,0,0),(28,'PASEO EN COCHE','CTG',0,0,0,0),(29,'CITY TOUR CON ENTRADAS AL CASTILLO','CTG',1,0,0,0),(30,'ENTRADAS AL CASTILLO','CTG',0,23000,10500,0),(32,'CITY TOUR PANORAMICO','CTG',1,0,0,0),(33,'CITY TOUR PANORAMICO CON SEGWAY','CTG',1,0,0,0),(34,'SEGWAY CENTRO HISTORICO','CTG',0,0,0,0),(36,'JUGO NATURAL','CTG',0,0,0,0),(37,'ENTRADA O PRIMER PLATO','CTG',0,0,0,0),(40,'SNORKEL DE ARRECIFES','CTG',0,25000,25000,0),(41,'PORCION DE FRUTA','CTG',0,0,0,0),(42,'TRASLADO TERRESTRE DESDE PLAYA BLANCA  BARU','CTG',0,0,0,0),(43,'MINI CURSO DE BUCEO','CTG',0,0,0,0),(44,'ENTRADA AL AVIARIO','CTG',0,0,0,0),(45,'PASADIA NATIVO BEACH CLUB','CTG',0,0,0,0),(46,'PASADIA MARGARITAS BEACH','CTG',0,0,0,0),(50,'PASADIA ISLA DEL PIRATA ','CTG',0,0,0,0),(51,'PASADIA BENDITA BEACH','CTG',0,0,0,0),(52,'PASADIA ISLA DEL PIRATA ','CTG',0,0,0,0),(53,'PASADIA BORA BORA BEACH CLUB','CTG',0,0,0,0),(54,'PASADIA BORA BORA BEACH CLUB VIP','CTG',0,0,0,0),(55,'MINI EXPERIENCIA DE BUCEO','CTG',0,0,0,0),(56,'PARRANDO VALLENATO','CTG',0,0,0,0),(57,'Dulces panderitos','CTG',0,0,0,0),(58,'CITY TOUR PRIVADO','CTG',1,0,0,0),(59,'SNACK O REFRIGERIO','CTG',0,0,0,0),(60,'PASADIA ISLA DEL SOL','CTG',0,0,0,0),(61,'YATE POR LA BAHIA ','CTG',0,0,0,0),(62,'YATE POR LA BAHIA CON CENA','CTG',0,0,0,0),(63,'COCHE POR EL CENTRO HISTORICO','CTG',0,0,0,0),(64,'TRASPORTE IDA Y REGRESO VOLCAN ','CTG',1,0,0,0),(66,'ENTRADA AL VOLCAN  ','CTG',0,20000,10000,0),(67,'ENTRADA AL MAR ROSA','CTG',0,0,0,0),(68,'TRASPORTE IDA Y REGRESO MANZANILLO','CTG',1,0,0,0),(69,'FULL DAY SANTA MARTA, PLAYA BLANCA','CTG',0,165000,165000,0),(70,'FULL DAY TAYRONA 7 OLAS ','CTG',0,250000,250000,0),(71,'ISLA MUCURA','CTG',0,0,0,0),(72,'ISLA PALMA','CTG',0,0,0,0),(73,'ENTRADA AL ACUARIO','SMR',0,41000,41000,0),(74,'PLAYA BLANCA ','SMR',0,15000,15000,0),(75,'PLAYA BLANCA CON ALMUERZO','SMR',0,37000,37000,0),(76,'ISLA MUCURA TERRESTRE','CTG',0,0,0,0),(78,'TRASLADO A GETSEMANI .','CTG',1,0,0,0),(81,'PLAYA BLANCA Y ENTRADA AL ACUARIO','SMR',0,56000,56000,0),(82,'TRASPORTE EN LANCHA AL OCEANARIO DESDE PLAYA BLANCA','CTG',0,0,0,0),(83,'RECORRIDO POR LA BAHIA ','CTG',0,0,0,0),(84,'COMBO ENCUENTRO CON DELFINES','SMR',0,0,0,0),(85,'CANOPY 1 VUELO','SMR',0,0,0,0),(86,'CANOPY 2 VUELOS','SMR',0,0,0,0),(87,'CANOPY COMBO EXTREMO','SMR',0,0,0,0),(88,'BAÑO CON PLANCTON','CTG',0,0,0,0),(91,'KATAMARAN FIESTA BLANCA','SMR',0,0,0,0),(92,'KATAMARAN POR LAS BAHIAS','SMR',0,0,0,0),(94,'AQUANAUTAS','SMR',0,0,0,0),(96,'TRASLADO TERRESTRE A PLAYA BLANCA BARU','CTG',1,0,0,0),(97,'CITY TOUR PANORAMICO SANTA MARTA','SMR',0,0,0,0),(98,'CITY TOUR CON ENTRADAS A LA QUINTA','SMR',0,0,0,0),(99,'TAGANGA Y PLAYA GRANDE','SMR',0,0,0,0),(100,'QUEBRADA VALENCIA Y BURITACA CON ALMUERZO','SMR',0,0,0,0),(101,'QUEBRADA VALENCIA Y BURITACA ','SMR',0,0,0,0),(102,'TRASPORTE IDA Y REGRESO A PLAYA BLANCA BARU','CTG',1,0,0,0),(103,'BAHIA CONCHA','SMR',0,0,0,0),(104,'MINCA POZO AZUL TAGANGA','SMR',0,0,0,0),(105,'MINCA JOE PREMIUM','SMR',0,0,0,0),(106,'TAYRONA, 7 OLAS PLAYA CRISTAL','SMR',0,105000,105000,0),(107,'TAYRONA, CABO SAN JUAN, ARRECIFES','SMR',0,105000,105000,0),(108,'CHIVA RUMBERA ','CTG',0,15000,15000,0),(109,'INMERSION BUCEO CERTIFICADO','CTG',0,0,0,0),(110,'TRASPORTE DE SANTA MARTA A CARTAGENA','SMR',0,0,0,0),(111,'TOUR AL ACUARIO NATURAL','ADZ',0,0,0,0),(112,'TOUR EN BOTE CON FONDO DE VIDRIO','ADZ',0,0,0,0),(113,'Tour al Cayo Johnny Cay','ADZ',0,0,0,0),(114,'ACUARIO Y JOHNNY CAY','ADZ',0,30000,30000,0),(115,'COMBO ACUARIO JOHNNY CAY MANTARAYAS','ADZ',0,0,0,0),(116,'VUELTA A LA ISLA','ADZ',0,0,0,0),(117,'NOCHE BLANCA ','ADZ',0,0,0,0),(118,'VELADA BLANCA','ADZ',0,0,0,0),(119,'CRUCERO POR LA BAHIA ','ADZ',0,0,0,0),(120,'TRASLADO AEROPUERTO/HOTEL/  *HACIA ZONA BOCAGRANDE, CENTRO Y ZONA NORTE','CTG',1,0,0,0),(121,'TRASLADO HOTEL/AEROPUERTO * DESDE ZONA BOCAGRANDE, CENTRO Y ZONA NORTE','CTG',1,0,0,0),(122,'TRASLADO AEROPUERTO/HOTEL/  *HACIA ZONA CENTRO Y POZOS COLORADOS','SMR',0,0,0,0),(123,'TRASLADO AEROPUERTO/HOTEL/  *HACIA ZONA CENTRO Y POZOS COLORADOS','SMR',0,0,0,0),(124,'TRASLADO HOTEL/AEROPUERTO  *HACIA ZONA CENTRO Y POZOS COLORADOS','SMR',0,0,0,0),(125,'RUMBA RASTA','ADZ',0,0,0,0),(126,'YATE RUMBA','ADZ',0,0,0,0),(127,'TREN TURISTICO','ADZ',0,0,0,0),(128,'TRASPORTE DE HOTELES A EL CASTILLO DE SAN FELIPE','CTG',1,0,0,0),(129,'MINI CURSO DE BUCEO','ADZ',0,0,0,0),(130,'SNUBA BAJO EL AGUA','ADZ',0,0,0,0),(131,'CABALGATA POR LA PLAYA','ADZ',0,0,0,0),(132,'PUEBLO PALOMINO','SMR',0,0,0,0),(133,'TAYRONAKA Y PALOMINO','SMR',0,0,0,0),(134,'CABALGATA EXTREMA','ADZ',0,0,0,0),(135,'PASADIA BLUE MOON ','CTG',0,0,0,0),(136,'TRASPORTE DE CARTAGENA A SANTA MARTA','CTG',0,0,0,0),(137,'CABALGATA ECOLOGICA','ADZ',0,0,0,0),(138,'BUS DE 2 PISOS','CTG',0,0,0,0),(139,'GUATAPE Y EL PEÑOL','MED',0,0,0,0),(140,'TURIBUS MEDELLIN ENAMORA','MDE',0,0,0,0),(141,'TURIBUS NAVIDEÑO','MDE',0,0,0,0),(142,'PASAPORTE SAFARI','MED',0,192100,192100,0),(143,'PASAPORTE AVENTURA','MED',0,169150,169150,0),(144,'PARASAIL SAN ANDRES','ADZ',0,0,0,0),(145,'LIMO CHIVA','CTG',0,0,0,0),(147,'PASADIA COCOTERA BEACH','CTG',0,0,0,0),(148,'PASADIA ISLAS DEL ROSARIO COCOLISO','CTG',0,0,0,0),(149,'PASADIA WALA BEACH CLUB','CTG',0,0,0,0),(150,'SUNSET WALA BEACH','CTG',0,0,0,0),(153,'Prueba Pablito','PRP',0,0,0,0),(154,'YATE POR LA BAHIA AL ATARDECER','CTG',0,0,0,0),(155,'TRASLADO DE AVIARIO A PLAYA BLANCA','CTG',0,0,0,0),(156,'TOUR PREMIUM EN BOTE CON FONDO DE VIDRIO','ADZ',0,0,0,0),(157,'TOUR EN BOTE CON FONDO DE VIDRIO A LOS ARRECIFES','ADZ',0,0,0,0),(159,'CENA VIVE GETSEMANI','CTG',0,0,0,0),(160,'GUIANZA GETSEMANI DE NOCHE','CTG',0,0,0,0),(161,'GUIANZA GETSEMANI DIURNO','CTG',0,0,0,0),(162,'GUIANZA CITY PANORAMICO','CTG',0,0,0,0),(163,'GUIANZA CITY CON CASTILLO','CTG',0,0,0,0),(164,'ENTRADA AL OCEANARIO O SNORKEL','CTG',0,0,0,0),(165,'LANCHA DE BARU A JET SET BEACH IDA Y REGRESO','CTG',0,0,0,0),(166,'LANCHA DE BARU A  JET SET BEACH IDA ','CTG',0,0,0,0),(167,'LANCHA DE BARU A JET SET BEACH MEDIO DIA ','CTG',0,0,0,0),(169,'ALMUERZO TIPICO ESPECIAL','CTG',0,0,0,0),(170,'LANCHA DE JET SET BEACH A BARU REGRESO','CTG',0,0,0,0),(172,'TEST','TS',0,2100,1600,0),(173,'VUELTA A LA ISLA EN MINI CHIVA','ADZ',0,0,0,0),(174,'CITY TOUR EN MEDELLIN','MDE',0,0,0,0),(175,'FULL DAY TAYRONA CABO SAN JUAN','CTG',0,250000,250000,0),(176,'Canopy Combo Pikua','SMR',0,0,0,0),(177,'Recorrido al Aviario y pasadia en Playa Tranquila Baru.','CTG',0,0,0,0),(178,'Almuerzo en Playa Blanca Baru','CTG',0,0,0,0),(179,'SILLA O CAMA DE PLAYA','CTG',0,0,0,0),(180,'TRANSPORTE CITY TOUR','CTG',0,0,0,0),(181,'TRANSPORTE BOCAGRANDE A CASTILLO DE SAN FELIPE','CTG',0,0,0,0),(182,'PASADIA PLAYA TRANQUILA BARU.','CTG',0,0,0,0),(183,'ASESORIA VISADO','CLO',0,0,0,0);
/*!40000 ALTER TABLE `tipos_servicios_actividad` ENABLE KEYS */;
UNLOCK TABLES;

--
-- Table structure for table `tipos_soportes`
--

DROP TABLE IF EXISTS `tipos_soportes`;
/*!40101 SET @saved_cs_client     = @@character_set_client */;
/*!40101 SET character_set_client = utf8 */;
CREATE TABLE `tipos_soportes` (
  `id_tipo_soporte` int(11) NOT NULL AUTO_INCREMENT,
  `tipo_soporte` text NOT NULL,
  `genera_recibo` int(11) NOT NULL COMMENT '1-Sí 0-No',
  `solicita_archivo` int(11) NOT NULL COMMENT '1-Sí 0-No',
  `soporte_tc` int(11) NOT NULL,
  `is_bono` int(11) DEFAULT 0,
  `aplica_comision` int(11) DEFAULT 0,
  `tipo` int(11) DEFAULT 0,
  `solicita_num_aprobacion` int(11) DEFAULT NULL,
  `deleted` int(11) DEFAULT 0,
  `credito` int(11) DEFAULT 0,
  PRIMARY KEY (`id_tipo_soporte`)
) ENGINE=InnoDB AUTO_INCREMENT=63 DEFAULT CHARSET=utf8;
/*!40101 SET character_set_client = @saved_cs_client */;

--
-- Dumping data for table `tipos_soportes`
--

LOCK TABLES `tipos_soportes` WRITE;
/*!40000 ALTER TABLE `tipos_soportes` DISABLE KEYS */;
INSERT INTO `tipos_soportes` VALUES (1,'DESPEGAR',0,0,0,0,1,0,NULL,1,0),(2,'ATRÁPALO CREDITO',0,1,0,0,1,0,NULL,1,1),(3,'VENTA A CREDITO',0,0,0,0,1,0,NULL,1,1),(4,'CIVITATIS CREDITO',0,1,0,0,1,0,NULL,1,1),(5,'PAGO EN BALOTO (CTE COLPATRIA)',1,1,0,0,1,0,NULL,1,0),(6,'',0,0,0,0,0,0,NULL,1,0),(7,'CONSIGNACION O TRASFERENCIA (CTE COLPATRIA)',1,1,0,0,1,0,NULL,1,0),(8,'CONSIGNACION O TRASFERENCIA (CTE DAVIVIENDA)',1,1,0,0,1,0,NULL,1,0),(9,'CONSIGNACION O TRASFERENCIA (CTE BANCOLOMBIA)',1,1,0,0,1,0,NULL,1,0),(10,'CONSIGNACION O TRASFERENCIA (AHO NEQUI 3214144732)',1,1,0,0,1,0,NULL,1,0),(11,'CUPONATIC CREDITO ',0,1,0,0,1,0,NULL,1,1),(12,'RECIBO DE CAJA',1,0,0,0,1,0,NULL,1,0),(13,'ENLACE DE PAGO (CTE DAVIVIENDA)',1,1,0,0,1,0,NULL,1,0),(14,'TARJETA DE CREDITO',1,1,1,0,1,0,NULL,1,0),(15,'TARJETA DE CREDITO CLIENTE EN WEB',1,1,0,0,1,0,NULL,1,0),(16,'TARJETA DEBITO',1,1,0,0,1,0,NULL,1,0),(17,'BONO REDIMIBLE',0,0,0,1,0,0,NULL,1,0),(18,'OTRO TIPO',0,1,0,0,0,0,NULL,1,0),(19,'TEST SOPORTE',1,0,0,0,0,0,NULL,1,0),(20,'test',0,0,0,0,0,0,NULL,1,0),(21,'adf',0,0,0,0,0,0,NULL,1,0),(22,'AB',0,0,0,0,0,0,NULL,1,0),(23,'ADF',0,0,0,0,0,0,NULL,1,0),(24,'AB',0,0,0,0,0,0,NULL,1,0),(25,'adf',0,0,0,0,0,0,NULL,1,0),(26,'ADF',0,0,0,0,0,0,NULL,1,0),(27,'dfsd',0,0,0,0,0,0,NULL,1,0),(28,'adf',0,0,0,0,0,0,NULL,1,0),(29,'ADF',0,0,0,0,0,0,NULL,1,0),(30,'adf',0,0,0,0,0,0,NULL,1,0),(31,'qdadsf',0,0,0,0,0,0,NULL,1,0),(32,'adf',0,0,0,0,0,0,NULL,1,0),(33,'TURISMOI CREDITO',0,1,0,0,1,0,NULL,1,1),(34,'TARJETA DEBITO',1,1,0,0,1,0,NULL,1,0),(35,'CORTESIA',0,1,0,0,0,0,NULL,1,0),(36,'SIN COBRO',0,1,0,0,0,0,NULL,1,0),(37,'VIATOR CREDITO',0,1,0,0,1,0,NULL,1,1),(38,'CONSIGNACION O TRASFERENCIA (AHORROS BANCOLOMBIA 78700003889)',1,1,0,0,1,0,NULL,1,0),(39,'CONSIGNACION O TRASFERENCIA (AHORROS DAVIPLATA 3214144732)',1,1,0,0,1,0,NULL,1,0),(40,'RECIBO DE CAJA',1,0,0,0,1,0,NULL,0,0),(41,'VENTA A CREDITO',0,1,0,0,0,0,NULL,0,1),(42,'CONSIGNACION O TRASFERENCIA (AHORROS BANCOLOMBIA 49500002449)	',1,1,0,0,1,0,NULL,0,0),(43,'CONSIGNACION O TRASFERENCIA (AHORROS DAVIVIENDA 488429923045',1,1,0,0,1,0,NULL,0,0),(44,'CONSIGNACION O TRASFERENCIA (AHO NEQUI 3214144732)',1,1,0,0,1,0,NULL,1,0),(45,'ENLACE DE PAGO (CTE DAVIVIENDA)',1,1,0,0,1,0,NULL,1,0),(46,'TARJETA DE CREDITO DATAFONO CLO',1,1,0,0,1,0,NULL,0,0),(47,'TARJETA DE CREDITO DATAFONO CTG',1,1,0,0,1,0,NULL,0,0),(48,'TARJETA DEBITO',1,1,0,0,1,0,NULL,1,0),(49,'TARJETA DEBITO',1,1,0,0,1,0,NULL,1,0),(50,'ATRÁPALO CREDITO',0,1,0,0,1,0,NULL,0,1),(51,'CIVITATIS CREDITO',0,1,0,0,1,0,NULL,1,1),(52,'CUPONATIC CREDITO',0,1,0,0,1,0,NULL,0,1),(53,'TURISMOI CREDITO',0,1,0,0,1,0,NULL,1,1),(54,'VIATOR CREDITO	',0,1,0,0,1,0,NULL,1,1),(55,'CORTESIA',0,1,0,0,0,0,NULL,1,0),(56,'BONO REDIMIBLE',1,0,0,1,0,0,NULL,1,0),(57,'PAYPAL',0,1,0,0,1,0,NULL,1,1),(58,'MERCADO PAGO',0,1,0,0,1,0,NULL,1,1),(59,'TREINTA',0,1,0,0,1,0,NULL,0,1),(60,'SIN COBRO',0,0,0,0,0,0,NULL,0,0),(61,'BONO REDIMIBLE',0,0,0,1,0,0,NULL,0,0),(62,'CORTESIA',0,0,0,0,0,0,NULL,0,0);
/*!40000 ALTER TABLE `tipos_soportes` ENABLE KEYS */;
UNLOCK TABLES;

--
-- Table structure for table `traslados`
--

DROP TABLE IF EXISTS `traslados`;
/*!40101 SET @saved_cs_client     = @@character_set_client */;
/*!40101 SET character_set_client = utf8 */;
CREATE TABLE `traslados` (
  `id_traslado` int(11) NOT NULL AUTO_INCREMENT,
  `id_servicio` int(11) DEFAULT NULL,
  `id_punto_origen` int(11) DEFAULT NULL,
  `id_punto_destino` int(11) DEFAULT NULL,
  `descripcion` text DEFAULT NULL,
  `info_general` text DEFAULT NULL,
  `tiempo` varchar(20) DEFAULT NULL,
  `edad_min_ninos` int(11) NOT NULL,
  `edad_max_ninos` int(11) NOT NULL,
  `observaciones_voucher` text NOT NULL,
  `dudas_consultas` text NOT NULL,
  `video` text DEFAULT NULL,
  `orden` int(11) DEFAULT NULL,
  `tipo_modalidad` int(11) DEFAULT NULL,
  `propio` int(11) DEFAULT 1,
  PRIMARY KEY (`id_traslado`),
  KEY `id_servicio` (`id_servicio`),
  KEY `id_punto_origen` (`id_punto_origen`),
  KEY `id_punto_destino` (`id_punto_destino`),
  CONSTRAINT `traslados_ibfk_3` FOREIGN KEY (`id_servicio`) REFERENCES `servicios` (`id_servicio`) ON DELETE CASCADE ON UPDATE CASCADE,
  CONSTRAINT `traslados_ibfk_4` FOREIGN KEY (`id_punto_origen`) REFERENCES `traslados_puntos` (`id_punto_traslado`) ON DELETE SET NULL ON UPDATE CASCADE,
  CONSTRAINT `traslados_ibfk_5` FOREIGN KEY (`id_punto_destino`) REFERENCES `traslados_puntos` (`id_punto_traslado`) ON DELETE SET NULL ON UPDATE CASCADE
) ENGINE=InnoDB AUTO_INCREMENT=57 DEFAULT CHARSET=utf8;
/*!40101 SET character_set_client = @saved_cs_client */;

--
-- Dumping data for table `traslados`
--

LOCK TABLES `traslados` WRITE;
/*!40000 ALTER TABLE `traslados` DISABLE KEYS */;
INSERT INTO `traslados` VALUES (1,229,1,16,'<p>Traslado del aeropuerto a hoteles ubicados en el Sector Bocagrande, Laguito y Manga.</p>\n<p>Esta tarifa es valida para vuelos diurnos solamente, en caso de ser un vuelo que llegue a Cartagena despu&eacute;s de las 10 de la noche tiene un recargo de 10.000 cop/ 3 us por reserva.</p>\n<p>&nbsp;</p>','<p>Un dia antes de tu traslado, nuestro equipo de actividades se contactar&aacute; con tigo para coordinar los datos del vehiculo que pasar&aacute; a buscarte a tu hotel o aeropuerto.</p>\n<p>Debes estar pendiente de el whatsapp que registraste al momento de tu compra.</p>','20 minutos',2,10,'<p><span data-contrast=\"auto\">El conductor se contactar&aacute; v&iacute;a watsapp para confirmar que estas listo para la salida, obligatorio presentar el voucher f&iacute;sico o digital.</span>&nbsp;</p>\n<p><strong><span data-contrast=\"auto\">Es responsabilidad directa del cliente informar de cualquier cambio o&nbsp;modificacion&nbsp;en sus vuelos, o si pierde los mismos, ya que de no presentarse a la hora acordada se dar&aacute; por prestados&nbsp; nuestros&nbsp;servicios&nbsp;y no ser&aacute; reembolsable el valor del servicio.</span></strong>&nbsp;</p>\n<p>&nbsp;</p>','<p>Tel&eacute;fono M&oacute;bil o WhatsApp: <strong>+57 311 377 8721 - 321 834 0596</strong></p>\n<p>&nbsp;</p>','Video',5,1,1),(13,247,1,28,'<p>Descripci&oacute;n...</p>','','10 MIN',3,10,'','<p>Tel&eacute;fono fijo en Cartagena: +600 5 678 4224, M&oacute;bil o WhatsApp: +57 301 4418426.</p>',NULL,24,1,1),(14,248,16,1,'<p>Traslado de hoteles ubicados en el Sector Bocagrande, Laguito y Manga al aeropuerto</p>\n<p>Esta tarifa es valida para vuelos diurnos solamente, en caso de ser un vuelo que llegue a Cartagena despu&eacute;s de las 10 de la noche tiene un recargo de 10.000 cop/ 3 us por reserva.</p>','<p>Un dia antes de tu traslado, nuestro equipo de actividades se contactar&aacute; con tigo para coordinar los datos del vehiculo que pasar&aacute; a buscarte a tu hotel o aeropuerto.</p>\n<p>Debes estar pendiente de el whatsapp que registraste al momento de tu compra.</p>','20 minutos',2,10,'<p><span data-contrast=\"auto\">El conductor se contactar&aacute; v&iacute;a watsapp para confirmar que estas listo para la salida, obligatorio presentar el voucher f&iacute;sico o digital.</span>&nbsp;</p>\n<p><strong><span data-contrast=\"auto\">Es responsabilidad directa del cliente informar de cualquier cambio o&nbsp;modificacion&nbsp;en sus vuelos, o si pierde los mismos, ya que de no presentarse a la hora acordada se dar&aacute; por prestados&nbsp; nuestros&nbsp;servicios&nbsp;y no ser&aacute; reembolsable el valor del servicio.</span></strong>&nbsp;</p>\n<p>&nbsp;</p>','<p>Tel&eacute;fono M&oacute;bil o WhatsApp: <strong>+57 311 377 8721 - 321 834 0596</strong></p>\n<p>&nbsp;</p>',NULL,6,2,1),(15,249,1,16,'<p>Comunicarse para urgencias al Tel&eacute;fono fijo en Cartagena:+57 5 678 4224, M&oacute;bil o WhatsApp: +57 318 4177325</p>','','20 minutos',3,10,'','<p>Tel&eacute;fono fijo en Cartagena: +600 5 678 4224, M&oacute;bil o WhatsApp: +57 301 4418426.</p>',NULL,25,1,1),(16,250,1,29,'<p>Traslado del aeropuerto a hoteles ubicados en el Sector Centro, Getsemani y Marbella.</p>\n<p>Esta tarifa es valida para vuelos diurnos solamente, en caso de ser un vuelo que llegue a Cartagena despu&eacute;s de las 10 de la noche y antes de 7 de la ma&ntilde;ana tiene un recargo de 10.000 cop/ 3 us por reserva.</p>\n<p>&nbsp;</p>','<p>Un dia antes de tu traslado, nuestro equipo de actividades se contactar&aacute; con tigo para coordinar los datos del vehiculo que pasar&aacute; a buscarte a tu hotel o aeropuerto.</p>\n<p>Debes estar pendiente de el whats app que registraste al momento de tu compra.</p>','15 minutos',2,10,'<p><span data-contrast=\"auto\">El conductor se contactar&aacute; v&iacute;a watsapp para confirmar que estas listo para la salida, obligatorio presentar el voucher f&iacute;sico o digital.</span>&nbsp;</p>\n<p><strong><span data-contrast=\"auto\">Es responsabilidad directa del cliente informar de cualquier cambio o&nbsp;modificacion&nbsp;en sus vuelos, o si pierde los mismos, ya que de no presentarse a la hora acordada se dar&aacute; por prestados&nbsp; nuestros&nbsp;servicios&nbsp;y no ser&aacute; reembolsable el valor del servicio.</span></strong>&nbsp;</p>\n<p>&nbsp;</p>','<p>Tel&eacute;fono M&oacute;bil o WhatsApp: <strong>+57 311 377 8721 - 321 834 0596.</strong></p>',NULL,1,1,1),(17,251,1,29,'','','10 MIN',3,10,'<p>Tel&eacute;fono M&oacute;bil o WhatsApp: <strong>+57 311 377 8721 - 321 834 0596.</strong></p>','<p>Tel&eacute;fono M&oacute;bil o WhatsApp: <strong>+57 311 377 8721 - 321 834 0596.</strong></p>',NULL,23,1,1),(18,252,29,1,'<p>Traslado de hoteles ubicados en el Sector Centro, Getsemani y Marbella al aeropuerto</p>\n<p>Esta tarifa es valida para vuelos diurnos solamente, en caso de ser un vuelo que llegue a Cartagena despu&eacute;s de las 10 de la noche tiene un recargo de 10.000 cop/ 3 us por reserva.</p>','<p>Un dia antes de tu traslado, nuestro equipo de actividades se contactar&aacute; con tigo para coordinar los datos del vehiculo que pasar&aacute; a buscarte a tu hotel o aeropuerto.</p>\n<p>Debes estar pendiente de el whats app que registraste al momento de tu compra.</p>\n<p>&nbsp;</p>','15 minutos',2,10,'<p><span data-contrast=\"auto\">El conductor se contactar&aacute; v&iacute;a watsapp para confirmar que estas listo para la salida, obligatorio presentar el voucher f&iacute;sico o digital.</span>&nbsp;</p>\n<p><strong><span data-contrast=\"auto\">Es responsabilidad directa del cliente informar de cualquier cambio o&nbsp;modificacion&nbsp;en sus vuelos, o si pierde los mismos, ya que de no presentarse a la hora acordada se dar&aacute; por prestados&nbsp; nuestros&nbsp;servicios&nbsp;y no ser&aacute; reembolsable el valor del servicio.</span></strong>&nbsp;</p>\n<p>&nbsp;</p>','<p>Tel&eacute;fono M&oacute;bil o WhatsApp: <strong>+57 311 377 8721 - 321 834 0596.</strong></p>',NULL,2,2,1),(19,253,1,30,'<p>Traslado del aeropuerto a hoteles ubicados en el Sector Zona Norte, Boquilla y Morros</p>\n<p>Esta tarifa es valida para vuelos diurnos solamente, en caso de ser un vuelo que llegue a Cartagena despu&eacute;s de las 10 de la noche tiene un recargo de 10.000 cop/ 3 us por reserva.</p>\n<p>&nbsp;</p>','<p>Un dia antes de tu traslado, nuestro equipo de actividades se contactar&aacute; con tigo para coordinar los datos del vehiculo que pasar&aacute; a buscarte a tu hotel o aeropuerto.</p>\n<p>Debes estar pendiente de el whatsapp que registraste al momento de tu compra.</p>','20 minutos',2,10,'<p><span data-contrast=\"auto\">El conductor se contactar&aacute; v&iacute;a watsapp para confirmar que estas listo para la salida, obligatorio presentar el voucher f&iacute;sico o digital.</span>&nbsp;</p>\n<p><strong><span data-contrast=\"auto\">Es responsabilidad directa del cliente informar de cualquier cambio o&nbsp;modificacion&nbsp;en sus vuelos, o si pierde los mismos, ya que de no presentarse a la hora acordada se dar&aacute; por prestados&nbsp; nuestros&nbsp;servicios&nbsp;y no ser&aacute; reembolsable el valor del servicio.</span></strong>&nbsp;</p>\n<p>&nbsp;</p>\n<p>&nbsp;</p>','<p>Tel&eacute;fono M&oacute;bil o WhatsApp: <strong>+57 311 377 8721 -321 834 0596</strong></p>',NULL,3,1,1),(20,254,30,1,'<p>Traslado de hoteles ubicados en el Sector Zona Norte, Boquilla y Morros</p>\n<p>Esta tarifa es valida para vuelos diurnos solamente, en caso de ser un vuelo que llegue a Cartagena despu&eacute;s de las 10 de la noche tiene un recargo de 10.000 cop/ 3 us por reserva.</p>','<p>Un dia antes de tu traslado, nuestro equipo de actividades se contactar&aacute; con tigo para coordinar los datos del vehiculo que pasar&aacute; a buscarte a tu hotel o aeropuerto.</p>\n<p>Debes estar pendiente de el whatsapp que registraste al momento de tu compra.</p>','20 minutos',2,10,'<p><span data-contrast=\"auto\">El conductor se contactar&aacute; v&iacute;a watsapp para confirmar que estas listo para la salida, obligatorio presentar el voucher f&iacute;sico o digital.</span>&nbsp;</p>\n<p><strong><span data-contrast=\"auto\">Es responsabilidad directa del cliente informar de cualquier cambio o&nbsp;modificacion&nbsp;en sus vuelos, o si pierde los mismos, ya que de no presentarse a la hora acordada se dar&aacute; por prestados&nbsp; nuestros&nbsp;servicios&nbsp;y no ser&aacute; reembolsable el valor del servicio.</span></strong>&nbsp;</p>\n<p>&nbsp;</p>','<p>Tel&eacute;fono M&oacute;bil o WhatsApp: <strong>+57 311 377 8721 - 321 834 0596</strong></p>',NULL,4,2,1),(21,255,1,31,'<p>Traslado del aeropuerto a hoteles ubicados en el Sector Zona Manzanillo</p>\n<p>Esta tarifa es valida para vuelos diurnos solamente, en caso de ser un vuelo que llegue a Cartagena despu&eacute;s de las 10 de la noche tiene un recargo de 12.000 cop/ 4 us por reserva.</p>\n<p>&nbsp;</p>','<p>Un dia antes de tu traslado, nuestro equipo de actividades se contactar&aacute; con tigo para coordinar los datos del vehiculo que pasar&aacute; a buscarte a tu hotel o aeropuerto.</p>\n<p>Debes estar pendiente de el whatsapp que registraste al momento de tu compra.</p>','30 minutos',2,10,'<p><span data-contrast=\"auto\">El conductor se contactar&aacute; v&iacute;a watsapp para confirmar que estas listo para la salida, obligatorio presentar el voucher f&iacute;sico o digital.</span>&nbsp;</p>\n<p><strong><span data-contrast=\"auto\">Es responsabilidad directa del cliente informar de cualquier cambio o&nbsp;modificacion&nbsp;en sus vuelos, o si pierde los mismos, ya que de no presentarse a la hora acordada se dar&aacute; por prestados&nbsp; nuestros&nbsp;servicios&nbsp;y no ser&aacute; reembolsable el valor del servicio.</span></strong>&nbsp;</p>\n<p>&nbsp;</p>','<p>Tel&eacute;fono M&oacute;bil o WhatsApp: <strong>+57 311 377 8721 - 321 834 0596</strong></p>\n<p>&nbsp;</p>',NULL,7,1,1),(22,256,31,1,'<p>Traslado de hoteles ubicados en el Sector Zona Manzanillo</p>\n<p>Esta tarifa es valida para vuelos diurnos solamente, en caso de ser un vuelo que llegue a Cartagena despu&eacute;s de las 10 de la noche tiene un recargo de 12.000 cop/ 4 us por reserva.</p>','<p>Un dia antes de tu traslado, nuestro equipo de actividades se contactar&aacute; con tigo para coordinar los datos del vehiculo que pasar&aacute; a buscarte a tu hotel o aeropuerto.</p>\n<p>Debes estar pendiente de el whatsapp que registraste al momento de tu compra.</p>','30 minutos',2,10,'<p><span data-contrast=\"auto\">El conductor se contactar&aacute; v&iacute;a watsapp para confirmar que estas listo para la salida, obligatorio presentar el voucher f&iacute;sico o digital.</span>&nbsp;</p>\n<p><strong><span data-contrast=\"auto\">Es responsabilidad directa del cliente informar de cualquier cambio o&nbsp;modificacion&nbsp;en sus vuelos, o si pierde los mismos, ya que de no presentarse a la hora acordada se dar&aacute; por prestados&nbsp; nuestros&nbsp;servicios&nbsp;y no ser&aacute; reembolsable el valor del servicio.</span></strong>&nbsp;</p>\n<p>&nbsp;</p>\n<p>&nbsp;</p>','<p>Tel&eacute;fono M&oacute;bil o WhatsApp: <strong>+57 311 377 8721 - 321 834 0596.</strong></p>',NULL,8,2,1),(23,257,1,32,'<p>Traslado del aeropuerto a hoteles ubicados en el Sector Baru Playa Blanca</p>\n<p>Esta tarifa es valida para vuelos diurnos solamente, en caso de ser un vuelo que llegue a Cartagena despu&eacute;s de las 10 de la noche tiene un recargo de 50.000 cop/ 15 us por reserva.</p>\n<p>&nbsp;</p>','<p>Un dia antes de tu traslado, nuestro equipo de actividades se contactar&aacute; con tigo para coordinar los datos del vehiculo que pasar&aacute; a buscarte a tu hotel o aeropuerto.</p>\n<p>Debes estar pendiente de el whatsapp que registraste al momento de tu compra.</p>','1 hora 20 minutos',2,10,'<p><span data-contrast=\"auto\">El conductor se contactar&aacute; v&iacute;a watsapp para confirmar que estas listo para la salida, obligatorio presentar el voucher f&iacute;sico o digital.</span>&nbsp;</p>\n<p><strong><span data-contrast=\"auto\">Es responsabilidad directa del cliente informar de cualquier cambio o&nbsp;modificacion&nbsp;en sus vuelos, o si pierde los mismos, ya que de no presentarse a la hora acordada se dar&aacute; por prestados&nbsp; nuestros&nbsp;servicios&nbsp;y no ser&aacute; reembolsable el valor del servicio.</span></strong>&nbsp;</p>\n<p>&nbsp;</p>\n<p>&nbsp;</p>','<p>Tel&eacute;fono M&oacute;bil o WhatsApp: <strong>+57 311 377 8721 - 321 834 0596.</strong></p>',NULL,9,1,1),(24,258,32,1,'<p>Traslado de hoteles ubicados en el Sector Baru Playa Blanca al aeropuerto</p>\n<p>Esta tarifa es valida para vuelos diurnos solamente, en caso de ser un vuelo que llegue a Cartagena despu&eacute;s de las 10 de la noche tiene un recargo de 50.000 cop/ 15 us por reserva.</p>','<p>Un dia antes de tu traslado, nuestro equipo de actividades se contactar&aacute; con tigo para coordinar los datos del vehiculo que pasar&aacute; a buscarte a tu hotel o aeropuerto.</p>\n<p>Debes estar pendiente de el whatsapp que registraste al momento de tu compra.</p>','1 hora 20 minutos',2,10,'<p><span data-contrast=\"auto\">El conductor se contactar&aacute; v&iacute;a watsapp para confirmar que estas listo para la salida, obligatorio presentar el voucher f&iacute;sico o digital.</span>&nbsp;</p>\n<p><strong><span data-contrast=\"auto\">Es responsabilidad directa del cliente informar de cualquier cambio o&nbsp;modificacion&nbsp;en sus vuelos, o si pierde los mismos, ya que de no presentarse a la hora acordada se dar&aacute; por prestados&nbsp; nuestros&nbsp;servicios&nbsp;y no ser&aacute; reembolsable el valor del servicio.</span></strong>&nbsp;</p>\n<p>&nbsp;</p>','<p>Tel&eacute;fono M&oacute;bil o WhatsApp: <strong>+57 311 377 8721 - 321 834 0596.</strong></p>',NULL,10,2,1),(25,259,16,33,'<p>Traslado de hoteles ubicados en el Sector Bocagrande, Laguito y Manga al Muelle de la Bodeguita</p>\n<p>&nbsp;</p>','<p>Un dia antes de tu traslado, nuestro equipo de actividades se contactar&aacute; con tigo para coordinar los datos del vehiculo que pasar&aacute; a buscarte a tu hotel o aeropuerto.</p>\n<p>Debes estar pendiente de el whatsapp que registraste al momento de tu compra.</p>','15 minutos',3,10,'<p><span data-contrast=\"auto\">El conductor se contactar&aacute; v&iacute;a watsapp, para confirmar que estas listo para la salida, obligatorio presentar el voucher f&iacute;sico o digital. </span>&nbsp;</p>\n<p><strong><span data-contrast=\"auto\">Es responsabilidad directa del cliente informar de cualquier cambio o&nbsp;modificacion&nbsp;en sus vuelos, o si pierde los mismos, ya que de no presentarse a la hora acordada se dar&aacute; por prestados&nbsp; nuestros&nbsp;servicios&nbsp;y no ser&aacute; reembolsable el valor del servicio.</span></strong>&nbsp;</p>\n<p>&nbsp;</p>','<p>Tel&eacute;fono M&oacute;bil o WhatsApp: <strong>+57 311 377 8721 - 321 834 0596.</strong></p>',NULL,11,3,1),(26,260,30,33,'<p>Traslado de hoteles ubicados en el Sector Zona Norte, Boquilla y Morros al Muelle de la Bodeguita</p>','<p>Un dia antes de tu traslado, nuestro equipo de actividades se contactar&aacute; con tigo para coordinar los datos del vehiculo que pasar&aacute; a buscarte a tu hotel o aeropuerto.</p>\n<p>Debes estar pendiente de el whatsapp que registraste al momento de tu compra.</p>','15 minutos',3,10,'<p><span data-contrast=\"auto\">El conductor se contactar&aacute; v&iacute;a watsapp para confirmar que estas listo para la salida, obligatorio presentar el voucher f&iacute;sico o digital.</span>&nbsp;</p>\n<p><strong><span data-contrast=\"auto\">Es responsabilidad directa del cliente informar de cualquier cambio o&nbsp;modificacion&nbsp;en sus vuelos, o si pierde los mismos, ya que de no presentarse a la hora acordada se dar&aacute; por prestados&nbsp; nuestros&nbsp;servicios&nbsp;y no ser&aacute; reembolsable el valor del servicio.</span></strong>&nbsp;</p>\n<p>&nbsp;</p>\n<p>&nbsp;</p>\n<p>&nbsp;</p>\n<p>&nbsp;</p>\n<p>&nbsp;</p>','<p>Tel&eacute;fono M&oacute;bil o WhatsApp: <strong>+57 311 377 8721 - 321 834 0596.</strong></p>',NULL,13,3,1),(27,261,31,33,'<p>Traslado de hoteles ubicados en el Sector Manzanillo al Muelle de la Bodeguita</p>','<p>Un dia antes de tu traslado, nuestro equipo de actividades se contactar&aacute; con tigo para coordinar los datos del vehiculo que pasar&aacute; a buscarte a tu hotel o aeropuerto.</p>\n<p>Debes estar pendiente de el whatsapp que registraste al momento de tu compra.</p>','25 minutos',3,10,'<p><span data-contrast=\"auto\">El conductor se contactar&aacute; v&iacute;a watsapp para confirmar que estas listo para la salida, obligatorio presentar el voucher f&iacute;sico o digital.</span>&nbsp;</p>\n<p><strong><span data-contrast=\"auto\">Es responsabilidad directa del cliente informar de cualquier cambio o&nbsp;modificacion&nbsp;en sus vuelos, o si pierde los mismos, ya que de no presentarse a la hora acordada se dar&aacute; por prestados&nbsp; nuestros&nbsp;servicios&nbsp;y no ser&aacute; reembolsable el valor del servicio.</span></strong>&nbsp;</p>\n<p>&nbsp;</p>\n<p>&nbsp;</p>','<p>Tel&eacute;fono M&oacute;bil o WhatsApp: <strong>+57 311 377 8721 - 321 834 0596.</strong></p>',NULL,14,3,1),(28,262,35,36,'<p>Se recogen los pasajeros de acuerdo a la ubicaci&oacute;n del hotel en Cartagena y se dejan en el recorrido de Santa Marta de acuerdo al recorrido realizado.<br />Se deja en la mayor&iacute;a de los hoteles de el Rodadero.</p>\n<p>Es indispensable comunicarse con la agencia para informar el horario en que los vamos a buscar, los nombres completos, documentos de identidad de todos los viajeros.</p>\n<p>&nbsp;</p>','<p>Un dia antes de tu traslado, nuestro equipo de actividades se contactar&aacute; con tigo para coordinar los datos del vehiculo que pasar&aacute; a buscarte a tu hotel o aeropuerto.</p>\n<p>Debes estar pendiente de el whatsapp que registraste al momento de tu compra.</p>','4 horas ',2,10,'<p><span data-contrast=\"auto\">El conductor se contactar&aacute; v&iacute;a watsapp para confirmar que estas listo para la salida, obligatorio presentar el voucher f&iacute;sico o digital.</span>&nbsp;</p>\n<p><strong><span data-contrast=\"auto\">Es responsabilidad directa del cliente informar de cualquier cambio o&nbsp;modificacion&nbsp;en sus vuelos, o si pierde los mismos, ya que de no presentarse a la hora acordada se dar&aacute; por prestados&nbsp; nuestros&nbsp;servicios&nbsp;y no ser&aacute; reembolsable el valor del servicio.</span></strong>&nbsp;</p>\n<p>&nbsp;</p>\n<p>&nbsp;</p>','<p>Tel&eacute;fono M&oacute;bil o WhatsApp: <strong>+57 311 377 8721 - 321 834 0596.</strong></p>',NULL,21,3,0),(29,263,36,35,'<p>Se recogen los pasajeros de acuerdo a la ubicaci&oacute;n del hotel en Santa Marta y se dejan en el recorrido de Cartagena de acuerdo al recorrido realizado.<br />Se deja en la mayor&iacute;a de los hoteles de Bocagrande y Laguito.</p>\n<p>&nbsp;</p>','<p>Un dia antes de tu traslado, nuestro equipo de actividades se contactar&aacute; con tigo para coordinar los datos del vehiculo que pasar&aacute; a buscarte a tu hotel o aeropuerto.</p>\n<p>Debes estar pendiente de el whatsapp que registraste al momento de tu compra.</p>','4 horas ',2,10,'<p><span data-contrast=\"auto\">El conductor se contactar&aacute; v&iacute;a watsapp para confirmar que estas listo para la salida, obligatorio presentar el voucher f&iacute;sico o digital.</span>&nbsp;</p>\n<p><strong><span data-contrast=\"auto\">Es responsabilidad directa del cliente informar de cualquier cambio o&nbsp;modificacion&nbsp;en sus vuelos, o si pierde los mismos, ya que de no presentarse a la hora acordada se dar&aacute; por prestados&nbsp; nuestros&nbsp;servicios&nbsp;y no ser&aacute; reembolsable el valor del servicio.</span></strong>&nbsp;</p>\n<p>&nbsp;</p>\n<p>&nbsp;</p>','<p>Tel&eacute;fono M&oacute;bil o WhatsApp: <strong>+57 311 377 8721 - 321 834 0596.</strong></p>',NULL,22,3,0),(30,264,36,35,'<p>Se recogen los pasajeros de acuerdo a la ubicaci&oacute;n del hotel en Santa Marta y se dejan en el recorrido de Cartagena de acuerdo al recorrido realizado.<br />Se deja en la mayor&iacute;a de los hoteles de Bocagrande y Laguito.</p>\n<p>Es indispensable comunicarse con la agencia para informar el horario en que lo vamos a buscar, los nombres completos, documentos de identidad de todos los viajeros.</p>','<p>Un dia antes de tu traslado, nuestro equipo de actividades se contactar&aacute; con tigo para coordinar los datos del vehiculo que pasar&aacute; a buscarte a tu hotel o aeropuerto.</p>\n<p>Debes estar pendiente de el whatsapp que registraste al momento de tu compra.</p>','4 horas ',2,10,'<p><span data-contrast=\"auto\">El conductor se contactar&aacute; v&iacute;a watsapp para confirmar que estas listo para la salida, obligatorio presentar el voucher f&iacute;sico o digital.</span>&nbsp;</p>\n<p><strong><span data-contrast=\"auto\">Es responsabilidad directa del cliente informar de cualquier cambio o&nbsp;modificacion&nbsp;en sus vuelos, o si pierde los mismos, ya que de no presentarse a la hora acordada se dar&aacute; por prestados&nbsp; nuestros&nbsp;servicios&nbsp;y no ser&aacute; reembolsable el valor del servicio.</span></strong>&nbsp;</p>\n<p>&nbsp;</p>\n<p>&nbsp;</p>','<p>Tel&eacute;fono M&oacute;bil o WhatsApp: <strong>+57 311 377 8721 - 321 834 0596.</strong></p>',NULL,10,3,0),(31,266,29,33,'<p>Traslado de hoteles ubicados en el Sector Centro, Getsemani y Marbella al Muelle de la Bodeguita</p>','<p>Un dia antes de tu traslado, nuestro equipo de actividades se contactar&aacute; con tigo para coordinar los datos del vehiculo que pasar&aacute; a buscarte a tu hotel o aeropuerto.</p>\n<p>Debes estar pendiente de el whatsapp que registraste al momento de tu compra.</p>\n<p>&nbsp;</p>','15 minutos',3,10,'<p><span data-contrast=\"auto\">El conductor se contactar&aacute; v&iacute;a watsapp, para confirmar que estas listo para la salida, obligatorio presentar el voucher f&iacute;sico o digital. </span>&nbsp;</p>\n<p><strong><span data-contrast=\"auto\">Es responsabilidad directa del cliente informar de cualquier cambio o&nbsp;modificacion&nbsp;en sus vuelos, o si pierde los mismos, ya que de no presentarse a la hora acordada se dar&aacute; por prestados&nbsp; nuestros&nbsp;servicios&nbsp;y no ser&aacute; reembolsable el valor del servicio.</span></strong>&nbsp;</p>\n<p>&nbsp;</p>\n<p>&nbsp;</p>','<p>Tel&eacute;fono M&oacute;bil o WhatsApp: <strong>+57 311 377 8721 - 321 834 0596.</strong></p>',NULL,12,3,1),(32,268,37,46,'<p>Traslado del aeropuerto a hoteles ubicados en el Sector Centro Historico.&nbsp;</p>\n<p>Esta tarifa es valida para vuelos diurnos solamente, en caso de ser un vuelo que llegue a Santa Marta despu&eacute;s de las 10 de la noche tiene un recargo de 15.000 cop/ 3 us por reserva.</p>\n<p>&nbsp;</p>','<p>Un dia antes de tu traslado, nuestro equipo de actividades se contactar&aacute; con tigo para coordinar los datos del vehiculo que pasar&aacute; a buscarte a tu hotel o aeropuerto.</p>\n<p>Debes estar pendiente de el whatsapp que registraste al momento de tu compra.</p>\n<p>&nbsp;</p>\n<p>&nbsp;</p>','45 minutos',2,10,'<p><span data-contrast=\"auto\">El conductor se contactar&aacute; v&iacute;a watsapp para confirmar que estas listo para la salida, obligatorio presentar el voucher f&iacute;sico o digital.</span>&nbsp;</p>\n<p><strong><span data-contrast=\"auto\">Es responsabilidad directa del cliente informar de cualquier cambio o&nbsp;modificacion&nbsp;en sus vuelos, o si pierde los mismos, ya que de no presentarse a la hora acordada se dar&aacute; por prestados&nbsp; nuestros&nbsp;servicios&nbsp;y no ser&aacute; reembolsable el valor del servicio.</span></strong>&nbsp;</p>\n<p>&nbsp;</p>\n<p>&nbsp;</p>\n<p>&nbsp;</p>','<p>Tel&eacute;fono M&oacute;bil o WhatsApp: <strong>+57 311 377 8721 - 321 834 0596.</strong></p>',NULL,3,1,1),(33,269,35,45,'<p>Se recogen los pasajeros de acuerdo a la ubicaci&oacute;n del hotel en Cartagena y se dejan en el recorrido de Barranquilla de acuerdo al recorrido realizado.<br />Uno de los puntos es la oficina de la calle 93 con cra 46</p>\n<p>Es indispensable comunicarse con la agencia para informar el horario en que los vamos a buscar, los nombres completos, documentos de identidad de todos los viajeros.</p>\n<p>&nbsp;</p>','<p>Un dia antes de tu traslado, nuestro equipo de actividades se contactar&aacute; con tigo para coordinar los datos del vehiculo que pasar&aacute; a buscarte a tu hotel o aeropuerto.</p>\n<p>Debes estar pendiente de el whatsapp que registraste al momento de tu compra.</p>','2 horas',2,10,'<p><span data-contrast=\"auto\">El conductor se contactar&aacute; v&iacute;a watsapp para confirmar que estas listo para la salida, obligatorio presentar el voucher f&iacute;sico o digital.</span>&nbsp;</p>\n<p><strong><span data-contrast=\"auto\">Es responsabilidad directa del cliente informar de cualquier cambio o&nbsp;modificacion&nbsp;en sus vuelos, o si pierde los mismos, ya que de no presentarse a la hora acordada se dar&aacute; por prestados&nbsp; nuestros&nbsp;servicios&nbsp;y no ser&aacute; reembolsable el valor del servicio.</span></strong>&nbsp;</p>\n<p>&nbsp;</p>\n<p>&nbsp;</p>','<p>Tel&eacute;fono M&oacute;bil o WhatsApp: <strong>+57 311 377 8721 - 321 834 0596.</strong></p>',NULL,20,3,0),(34,270,37,47,'<p>Traslado del aeropuerto a hoteles ubicados en el Sector El Rodadero y Pozos Colorados</p>\n<p>Esta tarifa es valida para vuelos diurnos solamente, en caso de ser un vuelo que llegue a Santa Marta despu&eacute;s de las 10 de la noche tiene un recargo de 30.000 cop/ 10 us por reserva.</p>\n<p>&nbsp;</p>','<p>Un dia antes de tu traslado, nuestro equipo de actividades se contactar&aacute; con tigo para coordinar los datos del vehiculo que pasar&aacute; a buscarte a tu hotel o aeropuerto.</p>\n<p>Debes estar pendiente de el whatsapp que registraste al momento de tu compra.</p>','1 hora',2,10,'<p><span data-contrast=\"auto\">El conductor se contactar&aacute; v&iacute;a watsapp para confirmar que estas listo para la salida, obligatorio presentar el voucher f&iacute;sico o digital.</span>&nbsp;</p>\n<p><strong><span data-contrast=\"auto\">Es responsabilidad directa del cliente informar de cualquier cambio o&nbsp;modificacion&nbsp;en sus vuelos, o si pierde los mismos, ya que de no presentarse a la hora acordada se dar&aacute; por prestados&nbsp; nuestros&nbsp;servicios&nbsp;y no ser&aacute; reembolsable el valor del servicio.</span></strong>&nbsp;</p>\n<p>&nbsp;</p>','<p>Tel&eacute;fono M&oacute;bil o WhatsApp: <strong>+57 311 377 8721 - 321 834 0596</strong></p>\n<p>&nbsp;</p>',NULL,7,1,1),(35,271,37,41,'<p>Traslado del aeropuerto a hoteles ubicados en el Sector El Rodadero y Pozos Colorados</p>\n<p>Esta tarifa es valida para vuelos diurnos solamente, en caso de ser un vuelo que llegue a Santa Marta&nbsp;despu&eacute;s de las 10 de la noche y antes de 7 de la ma&ntilde;ana tiene un recargo de 10.000 cop/ 3 us por reserva.</p>','<p>Un dia antes de tu traslado, nuestro equipo de actividades se contactar&aacute; con tigo para coordinar los datos del vehiculo que pasar&aacute; a buscarte a tu hotel o aeropuerto.</p>\n<p>Debes estar pendiente de el whats app que registraste al momento de tu compra.</p>\n<p>&nbsp;</p>\n<p>&nbsp;</p>','25 minutos',2,10,'<p><span data-contrast=\"auto\">El conductor se contactar&aacute; v&iacute;a watsapp para confirmar que estas listo para la salida, obligatorio presentar el voucher f&iacute;sico o digital.</span>&nbsp;</p>\n<p><strong><span data-contrast=\"auto\">Es responsabilidad directa del cliente informar de cualquier cambio o&nbsp;modificacion&nbsp;en sus vuelos, o si pierde los mismos, ya que de no presentarse a la hora acordada se dar&aacute; por prestados&nbsp; nuestros&nbsp;servicios&nbsp;y no ser&aacute; reembolsable el valor del servicio.</span></strong>&nbsp;</p>\n<p>&nbsp;</p>','<p>Tel&eacute;fono&nbsp;M&oacute;bil o WhatsApp: <strong>+57 311 377 8721 - 321 834 0596</strong></p>',NULL,1,1,1),(36,272,46,37,'<p>Traslado de hoteles ubicados en el Sector Centro Hist&oacute;rico</p>\n<p>Esta tarifa es valida para vuelos diurnos solamente, en caso de ser un vuelo que llegue a Santa Marta despu&eacute;s de las 10 de la noche tiene un recargo de 15.000 cop/ 3 us por reserva.</p>','<p>Un dia antes de tu traslado, nuestro equipo de actividades se contactar&aacute; con tigo para coordinar los datos del vehiculo que pasar&aacute; a buscarte a tu hotel o aeropuerto.</p>\n<p>Debes estar pendiente de el whatsapp que registraste al momento de tu compra.</p>\n<p>&nbsp;</p>',NULL,2,10,'<p><span data-contrast=\"auto\">El conductor se contactar&aacute; v&iacute;a watsapp para confirmar que estas listo para la salida, obligatorio presentar el voucher f&iacute;sico o digital.</span>&nbsp;</p>\n<p><strong><span data-contrast=\"auto\">Es responsabilidad directa del cliente informar de cualquier cambio o&nbsp;modificacion&nbsp;en sus vuelos, o si pierde los mismos, ya que de no presentarse a la hora acordada se dar&aacute; por prestados&nbsp; nuestros&nbsp;servicios&nbsp;y no ser&aacute; reembolsable el valor del servicio.</span></strong>&nbsp;</p>\n<p>&nbsp;</p>','<p>Tel&eacute;fono&nbsp;M&oacute;bil o WhatsApp: <strong>+57 311 377 8721 - 321 834 0596</strong></p>',NULL,4,2,1),(37,273,41,37,'<p>Traslado de hoteles ubicados en el Sector El Rodadero y Pozos Colorados</p>\n<p>Esta tarifa es valida para vuelos diurnos solamente, en caso de ser un vuelo que llegue a Santa Marta despu&eacute;s de las 10 de la noche tiene un recargo de 10.000 cop/ 3 us por reserva.</p>','<p>Un dia antes de tu traslado, nuestro equipo de actividades se contactar&aacute; con tigo para coordinar los datos del vehiculo que pasar&aacute; a buscarte a tu hotel o aeropuerto.</p>\n<p>Debes estar pendiente de el whatsapp que registraste al momento de tu compra.</p>\n<p>&nbsp;</p>','25 minutos',2,10,'<p><span data-contrast=\"auto\">El conductor se contactar&aacute; v&iacute;a watsapp para confirmar que estas listo para la salida, obligatorio presentar el voucher f&iacute;sico o digital.</span>&nbsp;</p>\n<p><strong><span data-contrast=\"auto\">Es responsabilidad directa del cliente informar de cualquier cambio o&nbsp;modificacion&nbsp;en sus vuelos, o si pierde los mismos, ya que de no presentarse a la hora acordada se dar&aacute; por prestados&nbsp; nuestros&nbsp;servicios&nbsp;y no ser&aacute; reembolsable el valor del servicio.</span></strong>&nbsp;</p>\n<p>&nbsp;</p>\n<p>&nbsp;</p>','<p>Tel&eacute;fono M&oacute;bil o WhatsApp: <strong>+57 311 377 8721 - 321 834 0596</strong></p>',NULL,2,2,1),(38,274,47,37,'<p>Traslado de hoteles ubicados en el Sector Taganga</p>\n<p>Esta tarifa es valida para vuelos diurnos solamente, en caso de ser un vuelo que llegue a Santa Marta despu&eacute;s de las 10 de la noche tiene un recargo de 30.000 cop/ 10 us por reserva.</p>','<p>Un dia antes de tu traslado, nuestro equipo de actividades se contactar&aacute; con tigo para coordinar los datos del vehiculo que pasar&aacute; a buscarte a tu hotel o aeropuerto.</p>\n<p>Debes estar pendiente de el whatsapp que registraste al momento de tu compra.</p>','1 hora',2,10,'<p><span data-contrast=\"auto\">El conductor se contactar&aacute; v&iacute;a watsapp para confirmar que estas listo para la salida, obligatorio presentar el voucher f&iacute;sico o digital.</span>&nbsp;</p>\n<p><strong><span data-contrast=\"auto\">Es responsabilidad directa del cliente informar de cualquier cambio o&nbsp;modificacion&nbsp;en sus vuelos, o si pierde los mismos, ya que de no presentarse a la hora acordada se dar&aacute; por prestados&nbsp; nuestros&nbsp;servicios&nbsp;y no ser&aacute; reembolsable el valor del servicio.</span></strong>&nbsp;</p>\n<p>&nbsp;</p>','<p>Tel&eacute;fono M&oacute;bil o WhatsApp: <strong>+57 311 377 8721 - 321 834 0596</strong></p>\n<p>&nbsp;</p>',NULL,8,2,1),(39,275,50,35,'<p>Traslado de Playa Blanca Baru v&iacute;a terrestre &uacute;nicamente a las 3.00 pm hacia hoteles de Cartagena ubicados en Zona Bocagrande, Laguito, Castillo Grande, Getsemani y Torre del Reloj</p>','<p>Un dia antes de tu traslado, nuestro equipo de actividades se contactar&aacute; con tigo para coordinar los datos del vehiculo que pasar&aacute; a buscarte a tu hotel o aeropuerto.</p>\n<p>Debes estar pendiente de el whatsapp que registraste al momento de tu compra.</p>\n<p>&nbsp;</p>','1 hora',3,10,'<p><span data-contrast=\"auto\">El conductor se contactar&aacute; v&iacute;a watsapp para confirmar que estas listo para la salida, obligatorio presentar el voucher f&iacute;sico o digital.</span>&nbsp;</p>\n<p><strong><span data-contrast=\"auto\">Es responsabilidad directa del cliente informar de cualquier cambio o&nbsp;modificacion&nbsp;en sus vuelos, o si pierde los mismos, ya que de no presentarse a la hora acordada se dar&aacute; por prestados&nbsp; nuestros&nbsp;servicios&nbsp;y no ser&aacute; reembolsable el valor del servicio.</span></strong>&nbsp;</p>\n<p>&nbsp;</p>\n<p>&nbsp;</p>','<p>Tel&eacute;fono M&oacute;bil o WhatsApp: <strong>+57 311 377 8721 - 321 834 0596.</strong></p>',NULL,16,3,1),(40,276,51,33,'<p>Traslado desde Playa Blanca Baru v&iacute;a maritima hacia el muelle de la Bodeguita, <strong>&uacute;nica salida a las 3.00 pm</strong></p>','<p>Un dia antes de tu traslado, nuestro equipo de actividades se contactar&aacute; con tigo para coordinar los datos del vehiculo que pasar&aacute; a buscarte a tu hotel o aeropuerto.</p>\n<p>Debes estar pendiente de el whatsapp que registraste al momento de tu compra.</p>\n<p>&nbsp;</p>\n<p>&nbsp;</p>','1 hora',3,10,'<p><span data-contrast=\"auto\">El conductor se contactar&aacute; v&iacute;a watsapp para confirmar que estas listo para la salida, obligatorio presentar el voucher f&iacute;sico o digital.</span>&nbsp;</p>\n<p><strong><span data-contrast=\"auto\">Es responsabilidad directa del cliente informar de cualquier cambio o&nbsp;modificacion&nbsp;en sus vuelos, o si pierde los mismos, ya que de no presentarse a la hora acordada se dar&aacute; por prestados&nbsp; nuestros&nbsp;servicios&nbsp;y no ser&aacute; reembolsable el valor del servicio.</span></strong>&nbsp;</p>\n<p>&nbsp;</p>\n<p>&nbsp;</p>','<p>Tel&eacute;fono M&oacute;bil o WhatsApp: <strong>+57 311 377 8721 - 321 834 0596.</strong></p>',NULL,18,3,0),(41,281,37,49,'<p>Traslado del aeropuerto a hoteles ubicados en el Sector Santorini.</p>\n<p>Esta tarifa es valida para vuelos diurnos solamente, en caso de ser un vuelo que llegue a Santa Marta despu&eacute;s de las 10 de la noche tiene un recargo de 15.000 cop/ 3 us por reserva.</p>\n<p>&nbsp;</p>','<p>Un dia antes de tu traslado, nuestro equipo de actividades se contactar&aacute; con tigo para coordinar los datos del vehiculo que pasar&aacute; a buscarte a tu hotel o aeropuerto.</p>\n<p>Debes estar pendiente de el whatsapp que registraste al momento de tu compra.</p>','25 minutos',2,10,'<p><span data-contrast=\"auto\">El conductor se contactar&aacute; v&iacute;a watsapp para confirmar que estas listo para la salida, obligatorio presentar el voucher f&iacute;sico o digital.</span>&nbsp;</p>\n<p><strong><span data-contrast=\"auto\">Es responsabilidad directa del cliente informar de cualquier cambio o&nbsp;modificacion&nbsp;en sus vuelos, o si pierde los mismos, ya que de no presentarse a la hora acordada se dar&aacute; por prestados&nbsp; nuestros&nbsp;servicios&nbsp;y no ser&aacute; reembolsable el valor del servicio.</span></strong>&nbsp;</p>\n<p>&nbsp;</p>','<p>Tel&eacute;fono M&oacute;bil o WhatsApp: <strong>+57 311 377 8721 - 321 834 0596</strong></p>\n<p>&nbsp;</p>',NULL,5,1,1),(42,282,49,38,'<p>Traslado de hoteles ubicados en el Sector Santorini Casa Blanca.</p>\n<p>Esta tarifa es valida para vuelos diurnos solamente, en caso de ser un vuelo que llegue a Santa Marta despu&eacute;s de las 10 de la noche tiene un recargo de 15.000 cop/ 3 us por reserva.</p>','<p>Un dia antes de tu traslado, nuestro equipo de actividades se contactar&aacute; con tigo para coordinar los datos del vehiculo que pasar&aacute; a buscarte a tu hotel o aeropuerto.</p>\n<p>Debes estar pendiente de el whatsapp que registraste al momento de tu compra.</p>','25 minutos',2,10,'<p><span data-contrast=\"auto\">El conductor se contactar&aacute; v&iacute;a watsapp para confirmar que estas listo para la salida, obligatorio presentar el voucher f&iacute;sico o digital.</span>&nbsp;</p>\n<p><strong><span data-contrast=\"auto\">Es responsabilidad directa del cliente informar de cualquier cambio o&nbsp;modificacion&nbsp;en sus vuelos, o si pierde los mismos, ya que de no presentarse a la hora acordada se dar&aacute; por prestados&nbsp; nuestros&nbsp;servicios&nbsp;y no ser&aacute; reembolsable el valor del servicio.</span></strong>&nbsp;</p>\n<p>&nbsp;</p>','<p>Tel&eacute;fono M&oacute;bil o WhatsApp: <strong>+57 311 377 8721 - 321 834 0596</strong></p>\n<p>&nbsp;</p>',NULL,6,2,1),(43,284,35,56,'<p>Traslado de hoteles ubicados en Zona Bocagrande, Laguito, Castillo Grande, Getseman&iacute; y Torre del Reloj, v&iacute;a terrestre hacia Playa Blanca Baru, <strong>unica salida a las 7.00 am y regreso a las 3.00 pm</strong></p>','<p>Un dia antes de tu traslado, nuestro equipo de actividades se contactar&aacute; con tigo para coordinar los datos del vehiculo que pasar&aacute; a buscarte a tu hotel o aeropuerto.</p>\n<p>Debes estar pendiente de el whatsapp que registraste al momento de tu compra.</p>','1 hora',2,10,'<p><span data-contrast=\"auto\">El conductor se contactar&aacute; v&iacute;a watsapp para confirmar que estas listo para la salida, obligatorio presentar el voucher f&iacute;sico o digital.</span>&nbsp;</p>\n<p><strong><span data-contrast=\"auto\">Es responsabilidad directa del cliente informar de cualquier cambio o&nbsp;modificacion&nbsp;en sus vuelos, o si pierde los mismos, ya que de no presentarse a la hora acordada se dar&aacute; por prestados&nbsp; nuestros&nbsp;servicios&nbsp;y no ser&aacute; reembolsable el valor del servicio.</span></strong>&nbsp;</p>\n<p>&nbsp;</p>\n<p>&nbsp;</p>','<p>Tel&eacute;fono M&oacute;bil o WhatsApp: <strong>+57 311 377 8721 - 321 834 0596.</strong></p>',NULL,17,3,1),(44,285,33,55,'<p>Traslado desde muelle de la Bodeguita hacia Playa Blanca Baru v&iacute;a mar&iacute;tima, <strong>&uacute;nica salida a las 8.00 am y regreso 3.00 pm</strong></p>','<p>Un dia antes de tu traslado, nuestro equipo de actividades se contactar&aacute; con tigo para coordinar los datos del vehiculo que pasar&aacute; a buscarte a tu hotel o aeropuerto.</p>\n<p>Debes estar pendiente de el whatsapp que registraste al momento de tu compra.</p>\n<p>&nbsp;</p>','40 minutos',3,10,'<p><span data-contrast=\"auto\">El conductor se contactar&aacute; v&iacute;a watsapp para confirmar que estas listo para la salida, obligatorio presentar el voucher f&iacute;sico o digital.</span>&nbsp;</p>\n<p><strong><span data-contrast=\"auto\">Es responsabilidad directa del cliente informar de cualquier cambio o&nbsp;modificacion&nbsp;en sus vuelos, o si pierde los mismos, ya que de no presentarse a la hora acordada se dar&aacute; por prestados&nbsp; nuestros&nbsp;servicios&nbsp;y no ser&aacute; reembolsable el valor del servicio.</span></strong>&nbsp;</p>\n<p>&nbsp;</p>\n<p>&nbsp;</p>','<p>Tel&eacute;fono M&oacute;bil o WhatsApp: <strong>+57 311 377 8721 - 321 834 0596.</strong></p>',NULL,19,3,0),(45,286,35,36,'<p>Se recogen los pasajeros de acuerdo a la ubicaci&oacute;n del hotel en Cartagena y se dejan en el recorrido de Santa Marta de acuerdo al recorrido realizado.<br />Se deja en la mayor&iacute;a de los hoteles de el Rodadero.</p>\n<p>Es indispensable comunicarse con la agencia para informar el horario en que los vamos a buscar, los nombres completos, documentos de identidad de todos los viajeros.</p>\n<p>&nbsp;</p>','<p>Un dia antes de tu traslado, nuestro equipo de actividades se contactar&aacute; con tigo para coordinar los datos del vehiculo que pasar&aacute; a buscarte a tu hotel o aeropuerto.</p>\n<p>Debes estar pendiente de el whatsapp que registraste al momento de tu compra.</p>','4 horas ',2,10,'<p><span data-contrast=\"auto\">El conductor se contactar&aacute; v&iacute;a watsapp, para confirmar que estas listo para la salida, obligatorio presentar el voucher f&iacute;sico o digital. </span>&nbsp;</p>\n<p><strong><span data-contrast=\"auto\">Es responsabilidad directa del cliente informar de cualquier cambio o&nbsp;modificacion&nbsp;en sus vuelos, o si pierde los mismos, ya que de no presentarse a la hora acordada se dar&aacute; por prestados&nbsp; nuestros&nbsp;servicios&nbsp;y no ser&aacute; reembolsable el valor del servicio.</span></strong>&nbsp;</p>\n<p>&nbsp;</p>\n<p>&nbsp;</p>','<p>Tel&eacute;fono M&oacute;bil o WhatsApp: <strong>+57 311 377 8721 - 321 834 0596.</strong></p>',NULL,11,3,0),(46,288,35,52,'<p>Traslado de hoteles ubicados en Zona Bocagrande, Laguito, Castillo Grande, Getseman&iacute; y Torre del Reloj, v&iacute;a terrestre hacia Playa Blanca Baru, &uacute;nica salida a las 7.00 am, <strong>sin retorno</strong></p>','<p>Un dia antes de tu traslado, nuestro equipo de actividades se contactar&aacute; con tigo para coordinar los datos del vehiculo que pasar&aacute; a buscarte a tu hotel o aeropuerto.</p>\n<p>Debes estar pendiente de el whatsapp que registraste al momento de tu compra.</p>','1 hora',2,10,'<p><span data-contrast=\"auto\">El conductor se contactar&aacute; v&iacute;a watsapp para confirmar que estas listo para la salida, obligatorio presentar el voucher f&iacute;sico o digital.</span>&nbsp;</p>\n<p><strong><span data-contrast=\"auto\">Es responsabilidad directa del cliente informar de cualquier cambio o&nbsp;modificacion&nbsp;en sus vuelos, o si pierde los mismos, ya que de no presentarse a la hora acordada se dar&aacute; por prestados&nbsp; nuestros&nbsp;servicios&nbsp;y no ser&aacute; reembolsable el valor del servicio.</span></strong>&nbsp;</p>\n<p>&nbsp;</p>','<p>Tel&eacute;fono M&oacute;bil o WhatsApp: <strong>+57 311 377 8721 - 321 834 0596.</strong></p>',NULL,15,3,1),(47,291,58,60,'<p>Traslado del aeropuerto a hoteles ubicados en el Sector Caba&ntilde;as y Centro</p>\n<p>Esta tarifa es valida para vuelos diurnos solamente, en caso de ser un vuelo que llegue a San Andres despu&eacute;s de las 10 de la noche tiene un recargo de 15.000 cop/ 3 us por reserva.</p>\n<p>&nbsp;</p>','<p>Tel&eacute;fono M&oacute;bil o WhatsApp: <strong>+57 311 377 8721 - 321 834 0596.</strong></p>\n<p>&nbsp;</p>','15 minutos',2,10,'<p>Estar&aacute;n esper&aacute;ndote a la salida del aeropuerto con un letrero que lleva el logo de <strong>Armatumochila.com</strong>, obligatorio presentar el voucher fisico o digital.</p>\n<p><strong>Si los vuelos se retrasan por favor avisanos con tiempo para reprogramar el traslado o se dara por prestado el servicio sin opcion de reembolso.</strong></p>\n<p>&nbsp;</p>','<p>Tel&eacute;fono M&oacute;bil o WhatsApp: <strong>+57 311 377 8721 - 321 834 0596.</strong></p>',NULL,36,1,1),(48,292,59,58,'<p>Traslado de hoteles ubicados en el Sector Caba&ntilde;as y Centro al aeropuerto</p>\n<p>Esta tarifa es valida para vuelos diurnos solamente, en caso de ser un vuelo que llegue a San Andres despu&eacute;s de las 10 de la noche tiene un recargo de 15.000 cop/ 3 us por reserva.</p>','<p><strong>POR FAVOR ESTAR LISTOS EN EL LOBBY DEL HOTEL A LA HORA INDICADA POR LA AGENCIA, </strong><strong>es obligatorio presentar el voucher fisico o digital.</strong></p>','15 minutos',2,10,'<p><strong>POR FAVOR ESTAR LISTOS EN EL LOBBY DEL HOTEL A LA HORA INDICADA POR LA AGENCIA, </strong><strong>es obligatorio presentar el voucher fisico o digital.</strong></p>\n<p><strong>Si los vuelos cambian por favor avisanos con tiempo para reprogramar el traslado o se dara por prestado el servicio sin opcion de reembolso.</strong></p>\n<p>&nbsp;</p>','<p>Tel&eacute;fono M&oacute;bil o WhatsApp: <strong>+57 311 377 8721 - 321 834 0596.</strong></p>',NULL,37,2,1),(49,293,36,45,'<p>Se recogen los pasajeros de acuerdo a la ubicaci&oacute;n del hotel en Santa Marta y se dejan en el recorrido de Barranquilla de acuerdo al recorrido realizado.<br />Uno de los puntos es la oficina de la calle 93 con cra 46</p>\n<p>Es indispensable comunicarse con la agencia para informar el horario en que lo vamos a buscar, los nombres completos, documentos de identidad de todos los viajeros.</p>','<p>Es indispensable comunicarse con la agencia para informar el horario en que los vamos a buscar, los nombres completos, documentos de identidad de todos los viajeros.</p>','2 horas',2,10,'<p><strong>POR FAVOR ESTAR LISTOS EN EL LOBBY DEL HOTEL A LA HORA INDICADA POR LA AGENCIA, </strong><strong>es obligatorio presentar el voucher fisico o digital.</strong></p>','<p>Tel&eacute;fono fijo en Cartagena: <strong>+605 678 4224,</strong> M&oacute;bil o WhatsApp: <strong>+57 301 4418426.</strong></p>',NULL,26,3,0),(50,294,36,45,'<p>Se recogen los pasajeros de acuerdo a la ubicaci&oacute;n del hotel en Santa Marta y se dejan en el recorrido de Barranquilla de acuerdo al recorrido realizado.<br />Uno de los puntos es la oficina de la calle 93 con cra 46</p>\n<p>Es indispensable comunicarse con la agencia para informar el horario en que lo vamos a buscar, los nombres completos, documentos de identidad de todos los viajeros.</p>','<p>Un dia antes de tu traslado, nuestro equipo de actividades se contactar&aacute; con tigo para coordinar los datos del vehiculo que pasar&aacute; a buscarte a tu hotel o aeropuerto.</p>\n<p>Debes estar pendiente de el whatsapp que registraste al momento de tu compra.</p>','2 horas',2,10,'<p><span data-contrast=\"auto\">El conductor se contactar&aacute; v&iacute;a watsapp para confirmar que estas listo para la salida, obligatorio presentar el voucher f&iacute;sico o digital.</span>&nbsp;</p>\n<p><strong><span data-contrast=\"auto\">Es responsabilidad directa del cliente informar de cualquier cambio o&nbsp;modificacion&nbsp;en sus vuelos, o si pierde los mismos, ya que de no presentarse a la hora acordada se dar&aacute; por prestados&nbsp; nuestros&nbsp;servicios&nbsp;y no ser&aacute; reembolsable el valor del servicio.</span></strong>&nbsp;</p>\n<p>&nbsp;</p>','<p>Tel&eacute;fono M&oacute;bil o WhatsApp: <strong>+57 311 377 8721 - 321 834 0596.</strong></p>',NULL,9,3,0),(51,295,58,61,'<p>Traslado del aeropuerto a hoteles ubicados en el Sector la Rocosa</p>\n<p>Esta tarifa es valida para vuelos diurnos solamente, en caso de ser un vuelo que llegue a San Andres despu&eacute;s de las 10 de la noche tiene un recargo de 15.000 cop/ 3 us por reserva.</p>\n<p>&nbsp;</p>','<p>Tel&eacute;fono fijo en Cartagena: <strong>+605 678 4224,</strong> M&oacute;bil o WhatsApp: <strong>+57 301 4418426.</strong></p>\n<p>&nbsp;</p>','20 minutos',2,10,'<p>Estar&aacute;n esper&aacute;ndote a la salida del aeropuerto con un letrero que lleva el logo de <strong>Jet Set Viajes</strong>, obligatorio presentar el voucher fisico o digital.</p>\n<p><strong>Si los vuelos se retrasan por favor avisanos con tiempo para reprogramar el traslado o se dara por prestado el servicio sin opcion de reembolso.</strong></p>\n<p>&nbsp;</p>','<p>Tel&eacute;fono fijo en Cartagena: <strong>+605 678 4224,</strong> M&oacute;bil o WhatsApp: <strong>+57 301 4418426.</strong></p>',NULL,40,1,1),(52,296,61,58,'<p>Traslado de hoteles ubicados en el Sector la Rocosa al aeropuerto</p>\n<p>Esta tarifa es valida para vuelos diurnos solamente, en caso de ser un vuelo que llegue a San Andres despu&eacute;s de las 10 de la noche tiene un recargo de 15.000 cop/ 3 us por reserva.</p>','<p>Un dia antes de tu traslado, nuestro equipo de actividades se contactar&aacute; con tigo para coordinar los datos del vehiculo que pasar&aacute; a buscarte a tu hotel o aeropuerto.</p>\n<p>Debes estar pendiente de el whatsapp que registraste al momento de tu compra.</p>','20 minutos',2,10,'<p><span data-contrast=\"auto\">El conductor se contactar&aacute; v&iacute;a watsapp para confirmar que estas listo para la salida, obligatorio presentar el voucher f&iacute;sico o digital.</span>&nbsp;</p>\n<p><strong><span data-contrast=\"auto\">Es responsabilidad directa del cliente informar de cualquier cambio o&nbsp;modificacion&nbsp;en sus vuelos, o si pierde los mismos, ya que de no presentarse a la hora acordada se dar&aacute; por prestados&nbsp; nuestros&nbsp;servicios&nbsp;y no ser&aacute; reembolsable el valor del servicio.</span></strong>&nbsp;</p>\n<p>&nbsp;</p>','<p>Tel&eacute;fono M&oacute;bil o WhatsApp: <strong>+57 311 377 8721 - 321 834 0596.</strong></p>',NULL,41,2,1),(53,297,58,62,'<p>Traslado del aeropuerto a hoteles ubicados en el Sector Mar Azul y Caribe Campo</p>\n<p>Esta tarifa es valida para vuelos diurnos solamente, en caso de ser un vuelo que llegue a San Andres despu&eacute;s de las 10 de la noche tiene un recargo de 20.000 cop/ 6 us por reserva.</p>\n<p>&nbsp;</p>','<p>Un dia antes de tu traslado, nuestro equipo de actividades se contactar&aacute; con tigo para coordinar los datos del vehiculo que pasar&aacute; a buscarte a tu hotel o aeropuerto.</p>\n<p>Debes estar pendiente de el whatsapp que registraste al momento de tu compra.</p>','30 minutos',2,10,'<p><span data-contrast=\"auto\">El conductor se contactar&aacute; v&iacute;a watsapp para confirmar que estas listo para la salida, obligatorio presentar el voucher f&iacute;sico o digital.</span>&nbsp;</p>\n<p><strong><span data-contrast=\"auto\">Es responsabilidad directa del cliente informar de cualquier cambio o&nbsp;modificacion&nbsp;en sus vuelos, o si pierde los mismos, ya que de no presentarse a la hora acordada se dar&aacute; por prestados&nbsp; nuestros&nbsp;servicios&nbsp;y no ser&aacute; reembolsable el valor del servicio.</span></strong>&nbsp;</p>\n<p>&nbsp;</p>','<p>Tel&eacute;fono M&oacute;bil o WhatsApp: <strong>+57 311 377 8721 - 321 834 0596.</strong></p>',NULL,42,1,1),(54,298,62,58,'<p>Traslado de hoteles ubicados en el Sector Mar Azul y Caribe Campo al aeropuerto</p>\n<p>Esta tarifa es valida para vuelos diurnos solamente, en caso de ser un vuelo que llegue a San Andres despu&eacute;s de las 10 de la noche tiene un recargo de 20.000 cop/ 6 us por reserva.</p>','<p>Un dia antes de tu traslado, nuestro equipo de actividades se contactar&aacute; con tigo para coordinar los datos del vehiculo que pasar&aacute; a buscarte a tu hotel o aeropuerto.</p>\n<p>Debes estar pendiente de el whatsapp que registraste al momento de tu compra.</p>','30 minutos',2,10,'<p><span data-contrast=\"auto\">El conductor se contactar&aacute; v&iacute;a watsapp para confirmar que estas listo para la salida, obligatorio presentar el voucher f&iacute;sico o digital.</span>&nbsp;</p>\n<p><strong><span data-contrast=\"auto\">Es responsabilidad directa del cliente informar de cualquier cambio o&nbsp;modificacion&nbsp;en sus vuelos, o si pierde los mismos, ya que de no presentarse a la hora acordada se dar&aacute; por prestados&nbsp; nuestros&nbsp;servicios&nbsp;y no ser&aacute; reembolsable el valor del servicio.</span></strong>&nbsp;</p>\n<p>&nbsp;</p>','<p>Tel&eacute;fono M&oacute;bil o WhatsApp: <strong>+57 311 377 8721 - 321 834 0596.</strong></p>',NULL,43,2,1),(55,299,58,63,'<p>Traslado del aeropuerto a hoteles ubicados en el &nbsp;Sector Zona San Luis y Cove</p>\n<p>Esta tarifa es valida para vuelos diurnos solamente, en caso de ser un vuelo que llegue a San Andres despu&eacute;s de las 10 de la noche tiene un recargo de 25.000 cop/ 8 us por reserva.</p>','<p>Un dia antes de tu traslado, nuestro equipo de actividades se contactar&aacute; con tigo para coordinar los datos del vehiculo que pasar&aacute; a buscarte a tu hotel o aeropuerto.</p>\n<p>Debes estar pendiente de el whatsapp que registraste al momento de tu compra.</p>','40 minutos',2,10,'<p><span data-contrast=\"auto\">El conductor se contactar&aacute; v&iacute;a watsapp para confirmar que estas listo para la salida, obligatorio presentar el voucher f&iacute;sico o digital.</span>&nbsp;</p>\n<p><strong><span data-contrast=\"auto\">Es responsabilidad directa del cliente informar de cualquier cambio o&nbsp;modificacion&nbsp;en sus vuelos, o si pierde los mismos, ya que de no presentarse a la hora acordada se dar&aacute; por prestados&nbsp; nuestros&nbsp;servicios&nbsp;y no ser&aacute; reembolsable el valor del servicio.</span></strong>&nbsp;</p>\n<p>&nbsp;</p>','<p>Tel&eacute;fono M&oacute;bil o WhatsApp: <strong>+57 311 377 8721 - 321 834 0596.</strong></p>',NULL,44,1,1),(56,300,63,58,'<p>Traslado de hoteles ubicados en el Sector Mar Azul y Caribe Campo al aeropuerto</p>\n<p>Esta tarifa es valida para vuelos diurnos solamente, en caso de ser un vuelo que llegue a San Andres despu&eacute;s de las 10 de la noche tiene un recargo de 25.000 cop/ 8 us por reserva.</p>','<p>Un dia antes de tu traslado, nuestro equipo de actividades se contactar&aacute; con tigo para coordinar los datos del vehiculo que pasar&aacute; a buscarte a tu hotel o aeropuerto.</p>\n<p>Debes estar pendiente de el whatsapp que registraste al momento de tu compra.</p>','40 minutos',2,10,'<p><span data-contrast=\"auto\">El conductor se contactar&aacute; v&iacute;a watsapp para confirmar que estas listo para la salida, obligatorio presentar el voucher f&iacute;sico o digital.</span>&nbsp;</p>\n<p><strong><span data-contrast=\"auto\">Es responsabilidad directa del cliente informar de cualquier cambio o&nbsp;modificacion&nbsp;en sus vuelos, o si pierde los mismos, ya que de no presentarse a la hora acordada se dar&aacute; por prestados&nbsp; nuestros&nbsp;servicios&nbsp;y no ser&aacute; reembolsable el valor del servicio.</span></strong>&nbsp;</p>\n<p>&nbsp;</p>','<p>Tel&eacute;fono M&oacute;bil o WhatsApp: <strong>+57 311 377 8721 - 321 834 0596.</strong></p>',NULL,45,2,1);
/*!40000 ALTER TABLE `traslados` ENABLE KEYS */;
UNLOCK TABLES;

--
-- Table structure for table `traslados_actividades`
--

DROP TABLE IF EXISTS `traslados_actividades`;
/*!40101 SET @saved_cs_client     = @@character_set_client */;
/*!40101 SET character_set_client = utf8 */;
CREATE TABLE `traslados_actividades` (
  `id_traslado_actividad` int(11) NOT NULL AUTO_INCREMENT,
  `id_reserva_servicio` int(11) DEFAULT NULL,
  `id_tipo_servicio_actividad` int(11) DEFAULT NULL,
  PRIMARY KEY (`id_traslado_actividad`)
) ENGINE=InnoDB AUTO_INCREMENT=43 DEFAULT CHARSET=utf8mb4;
/*!40101 SET character_set_client = @saved_cs_client */;

--
-- Dumping data for table `traslados_actividades`
--

LOCK TABLES `traslados_actividades` WRITE;
/*!40000 ALTER TABLE `traslados_actividades` DISABLE KEYS */;
INSERT INTO `traslados_actividades` VALUES (1,4,102),(2,5,32),(3,6,102),(4,7,32),(5,8,32),(6,9,102),(7,10,32),(8,11,102),(9,NULL,NULL),(10,15,NULL),(11,19,32),(12,20,102),(13,24,32),(14,25,102),(15,47,102),(16,53,102),(17,60,32),(18,66,32),(19,70,102),(20,71,32),(21,78,102),(22,79,32),(23,82,102),(24,83,32),(25,78,NULL),(26,79,NULL),(27,86,32),(28,87,102),(29,95,102),(30,98,32),(31,99,102),(32,116,102),(33,127,102),(34,131,102),(35,135,102),(36,139,102),(37,140,102),(38,156,102),(39,161,102),(40,172,102),(41,175,102),(42,178,102);
/*!40000 ALTER TABLE `traslados_actividades` ENABLE KEYS */;
UNLOCK TABLES;

--
-- Table structure for table `traslados_despegar`
--

DROP TABLE IF EXISTS `traslados_despegar`;
/*!40101 SET @saved_cs_client     = @@character_set_client */;
/*!40101 SET character_set_client = utf8 */;
CREATE TABLE `traslados_despegar` (
  `id_traslado_despegar` int(11) NOT NULL AUTO_INCREMENT,
  `id_despegar` int(11) NOT NULL,
  `id_traslado` int(11) NOT NULL,
  PRIMARY KEY (`id_traslado_despegar`),
  KEY `id_actividad` (`id_traslado`) USING BTREE,
  CONSTRAINT `actividades_despegar_ibfk_1_copy` FOREIGN KEY (`id_traslado`) REFERENCES `traslados` (`id_traslado`) ON DELETE CASCADE ON UPDATE CASCADE
) ENGINE=InnoDB DEFAULT CHARSET=utf8;
/*!40101 SET character_set_client = @saved_cs_client */;

--
-- Dumping data for table `traslados_despegar`
--

LOCK TABLES `traslados_despegar` WRITE;
/*!40000 ALTER TABLE `traslados_despegar` DISABLE KEYS */;
/*!40000 ALTER TABLE `traslados_despegar` ENABLE KEYS */;
UNLOCK TABLES;

--
-- Table structure for table `traslados_disponibilidad_dia`
--

DROP TABLE IF EXISTS `traslados_disponibilidad_dia`;
/*!40101 SET @saved_cs_client     = @@character_set_client */;
/*!40101 SET character_set_client = utf8 */;
CREATE TABLE `traslados_disponibilidad_dia` (
  `id_traslado_disp_dia` int(255) NOT NULL AUTO_INCREMENT,
  `id_traslado` int(255) NOT NULL,
  `dia` int(255) NOT NULL,
  PRIMARY KEY (`id_traslado_disp_dia`),
  UNIQUE KEY `unique_id_modalidad_disp_dia` (`id_traslado_disp_dia`),
  KEY `index_id_modalidad` (`id_traslado`),
  CONSTRAINT `traslados_disponibilidad_dia_ibfk_1` FOREIGN KEY (`id_traslado`) REFERENCES `traslados` (`id_traslado`) ON DELETE CASCADE ON UPDATE CASCADE
) ENGINE=InnoDB DEFAULT CHARSET=utf8;
/*!40101 SET character_set_client = @saved_cs_client */;

--
-- Dumping data for table `traslados_disponibilidad_dia`
--

LOCK TABLES `traslados_disponibilidad_dia` WRITE;
/*!40000 ALTER TABLE `traslados_disponibilidad_dia` DISABLE KEYS */;
/*!40000 ALTER TABLE `traslados_disponibilidad_dia` ENABLE KEYS */;
UNLOCK TABLES;

--
-- Table structure for table `traslados_disponibilidad_fechas`
--

DROP TABLE IF EXISTS `traslados_disponibilidad_fechas`;
/*!40101 SET @saved_cs_client     = @@character_set_client */;
/*!40101 SET character_set_client = utf8 */;
CREATE TABLE `traslados_disponibilidad_fechas` (
  `id_traslado_disp_fecha` int(11) NOT NULL AUTO_INCREMENT,
  `id_traslado` int(11) NOT NULL,
  `desde` date NOT NULL,
  `hasta` date NOT NULL,
  PRIMARY KEY (`id_traslado_disp_fecha`),
  UNIQUE KEY `unique_id_modalidad_disp_fecha` (`id_traslado_disp_fecha`),
  KEY `id_modalidad` (`id_traslado`),
  CONSTRAINT `traslados_disponibilidad_fechas_ibfk_1` FOREIGN KEY (`id_traslado`) REFERENCES `traslados` (`id_traslado`) ON DELETE CASCADE ON UPDATE CASCADE
) ENGINE=InnoDB DEFAULT CHARSET=utf8;
/*!40101 SET character_set_client = @saved_cs_client */;

--
-- Dumping data for table `traslados_disponibilidad_fechas`
--

LOCK TABLES `traslados_disponibilidad_fechas` WRITE;
/*!40000 ALTER TABLE `traslados_disponibilidad_fechas` DISABLE KEYS */;
/*!40000 ALTER TABLE `traslados_disponibilidad_fechas` ENABLE KEYS */;
UNLOCK TABLES;

--
-- Table structure for table `traslados_puntos`
--

DROP TABLE IF EXISTS `traslados_puntos`;
/*!40101 SET @saved_cs_client     = @@character_set_client */;
/*!40101 SET character_set_client = utf8 */;
CREATE TABLE `traslados_puntos` (
  `id_punto_traslado` int(11) NOT NULL AUTO_INCREMENT,
  `punto` text NOT NULL,
  PRIMARY KEY (`id_punto_traslado`)
) ENGINE=InnoDB AUTO_INCREMENT=64 DEFAULT CHARSET=utf8;
/*!40101 SET character_set_client = @saved_cs_client */;

--
-- Dumping data for table `traslados_puntos`
--

LOCK TABLES `traslados_puntos` WRITE;
/*!40000 ALTER TABLE `traslados_puntos` DISABLE KEYS */;
INSERT INTO `traslados_puntos` VALUES (1,'Aeropuerto Rafael Núñez'),(10,'Marbella, Cartagena, Bolívar'),(12,'Manga, Cartagena, Bolívar'),(13,'La bodeguita'),(16,'Bocagrande, Laguito Y Manga'),(28,'Zona Centro'),(29,'Centro, Getsemani y Marbella'),(30,'Zona Norte, Boquilla y Morros'),(31,'Zona Manzanillo '),(32,'Zona Baru Playa Blanca'),(33,'Muelle de la Bodeguita'),(34,'Hoteles Cartagena hasta Hoteles Santa Marta (sujeto a ubicacion)'),(35,'Hoteles Cartagena (sujeto a ubicacion)'),(36,'Hoteles Santa Marta (sujeto a ubicacion)'),(37,'Aeropuerto Simon Bolivar'),(38,'Aeropuerto Simon Bolivar'),(39,'Hoteles Zona El rodadero'),(40,'Hoteles Zona El rodadero y pozos Colorados'),(41,'Hoteles Zona El rodadero y Pozos Colorados'),(42,'Hoteles Cartagena ID: T262 Traslado de Hoteles Cartagena (sujeto a ubicacion) a oficina en Barranquilla '),(43,'Traslado de Hoteles Cartagena (sujeto a ubicacion) a oficina en Barranquilla '),(44,'Traslado de Hoteles Cartagena (sujeto a ubicacion) a oficina en Barranquilla '),(45,'Punto de llegada en Barranquilla Calle 93 Cra 46'),(46,'Hoteles Zona Centro Historico'),(47,'Hoteles Zona Taganga'),(48,'Hoteles zona El Rodadero y Pozos Colorados'),(49,'Hoteles Zona Santorini Casa Blanca'),(50,'Zona Baru Playa Blanca (únicamente 3.00 pm)'),(51,'Zona Baru Playa Blanca en lancha (únicamente 3.00 pm)'),(52,'Zona Playa Blanca Baru (únicamente 7 am)'),(53,'Traslado de Muelle de la Bodeguita a Zona de Playa Blanca Baru'),(54,'Zona Baru Playa Blanca (únicamente 8:00 am)'),(55,'Zona Playa Blanca Baru (únicamente 8.00 am y regreso 3.00 pm)'),(56,'Zona Playa Blanca Baru (únicamente 7.00 am regreso 3.00 pm)'),(57,'AEROPUERTO ROJAS PINILLA'),(58,'Aeropuerto Rojas Pinilla'),(59,'Zona Cabañas y Centro'),(60,'Hoteles zona Cabañas y Centro'),(61,'Hoteles Zona La Rocosa'),(62,'Hoteles Mar Azul y Caribe Campo'),(63,'Hoteles Zona San Luis y Cove');
/*!40000 ALTER TABLE `traslados_puntos` ENABLE KEYS */;
UNLOCK TABLES;

--
-- Table structure for table `usuarios`
--

DROP TABLE IF EXISTS `usuarios`;
/*!40101 SET @saved_cs_client     = @@character_set_client */;
/*!40101 SET character_set_client = utf8 */;
CREATE TABLE `usuarios` (
  `id_usuario` int(11) NOT NULL AUTO_INCREMENT,
  `id_sucursal` int(11) DEFAULT NULL,
  `nombre` text DEFAULT NULL,
  `num_identificacion` text DEFAULT NULL,
  `email` text DEFAULT NULL,
  `email_personal` text DEFAULT NULL,
  `password` text DEFAULT NULL,
  `estado` int(11) DEFAULT NULL,
  `deleted` int(11) DEFAULT 0,
  `telefono` varchar(45) DEFAULT NULL,
  PRIMARY KEY (`id_usuario`),
  KEY `id_sucursal` (`id_sucursal`),
  CONSTRAINT `usuarios_ibfk_1` FOREIGN KEY (`id_sucursal`) REFERENCES `sucursales` (`id_sucursal`) ON UPDATE CASCADE
) ENGINE=InnoDB AUTO_INCREMENT=13 DEFAULT CHARSET=utf8;
/*!40101 SET character_set_client = @saved_cs_client */;

--
-- Dumping data for table `usuarios`
--

LOCK TABLES `usuarios` WRITE;
/*!40000 ALTER TABLE `usuarios` DISABLE KEYS */;
INSERT INTO `usuarios` VALUES (1,1,'Ivens Arboleda','94550537','ivens.ordonez@gmail.com',NULL,'$2y$10$KXJsWadzdtJyOaMTesyIAuweoBSXlgNr02JwlgSiKmsR2Tc4r912i',1,0,'3146855038'),(2,1,'Andres Peñalosa','1107092107..','actividadescartagena@jetsetviajes.com',NULL,'$2y$10$EaQ30zFavLcKzYWiDiRmme55vs.MWkqPuKsp/37jJVPHnl.g7BVfy',0,1,'+573014418426'),(3,1,'Victoria Vanegas','40987503','victoria@jetsettravel.com.co',NULL,'$2y$10$NTFL2SZEY4kT15OuZ/DzX.40Ah3SA1KANIIdxVGefqcn9ZYTEViMq',1,1,'+573214144732'),(4,1,'Frank Chaux','94373000..','frank@jetsetviajes.com',NULL,'$2y$10$9skTOvCxXJ9GQaMIRhnY9.mVfLPOD4ZbPj5nlm7W4gtpUrSyi/8kO',0,1,'+573218340596'),(7,1,'PEPA','112233','pepa@mail.com',NULL,'$2y$10$W6QuolT16KDG2ebkyfKDHOlnTUPibDQxxScRUxmkG0NC8xR01IiuK',1,0,NULL),(8,1,'Rosaymi Lechuga','1001825937','',NULL,'$2y$10$0mUGbmOhavTyCLK4cWPquOua97gCeG97r.yqohgEniVfO5D0WE90a',0,1,NULL),(9,1,'Nicolás Peñalosa','1107098048','cuentanos@jetsettravel.com.co',NULL,'$2y$10$cObT2Id/w/CAaPBlC7TjwevccXZaI.FGjheQ0ETR2iO9VQPFPy7sm',1,1,'+57 305 4153805'),(10,1,'FRANK CHAUX','94373000','frank@kalinagotravel.com',NULL,'$2y$10$uAwYmsV7d1jUTIDmqL997.5B7Zl8MByJONLPSUoT/RA5VaMXR7vOO',1,0,'3218340596'),(11,1,'MATEO CHAUX','1144103074','mateo@armatumochila.com',NULL,'$2y$10$IzAoObcOyA/3iJqFLAamPeknZ2Ojw3iEfisoWTlqrWBwRGG.zt.ey',1,0,'+573136618693'),(12,1,'PAOLA MEJIA','1130625968','paola@armatumochila.com',NULL,'$2y$10$.0oaD7ETxUS8qHQsvBreeeGrKyR1Mlk/FB0mhPCShYnVeTagB17/K',1,0,'+573113778721');
/*!40000 ALTER TABLE `usuarios` ENABLE KEYS */;
UNLOCK TABLES;

--
-- Table structure for table `vehiculos`
--

DROP TABLE IF EXISTS `vehiculos`;
/*!40101 SET @saved_cs_client     = @@character_set_client */;
/*!40101 SET character_set_client = utf8 */;
CREATE TABLE `vehiculos` (
  `id_vehiculo` int(11) NOT NULL AUTO_INCREMENT,
  `placa` varchar(10) NOT NULL,
  `modelo` varchar(6) NOT NULL,
  `marca` varchar(50) NOT NULL,
  `soat` date NOT NULL,
  `tecnomecanica` date NOT NULL,
  `tacometro` varchar(10) DEFAULT NULL,
  `estado` int(11) DEFAULT 1,
  `url_imagen` text NOT NULL,
  PRIMARY KEY (`id_vehiculo`)
) ENGINE=InnoDB AUTO_INCREMENT=14 DEFAULT CHARSET=utf8;
/*!40101 SET character_set_client = @saved_cs_client */;

--
-- Dumping data for table `vehiculos`
--

LOCK TABLES `vehiculos` WRITE;
/*!40000 ALTER TABLE `vehiculos` DISABLE KEYS */;
INSERT INTO `vehiculos` VALUES (2,'WOW049','2019','DSFK','2019-11-27','2021-12-01','10726',1,'includes/vehiculos/WOB042.jpg'),(3,'WOV968','2018','DFSK','2020-03-19','2023-03-01','94139',1,'includes/vehiculos/CARRO968.jpg'),(4,'WOW 097','2019','DSFK','2019-09-11','2021-02-15','40881',1,'includes/vehiculos/WhatsApp_Image_2019-09-18_at_3.29_.34_PM(1)_.jpeg'),(5,'WOW 139','2020','renault','2020-06-11','2022-06-01','16043',1,'includes/vehiculos/WhatsApp_Image_2019-09-18_at_3.58_.25_PM_.jpeg'),(6,'FOW309','2019','PEUGEOT','2020-04-29','2020-02-25','15000',1,'includes/vehiculos/high_peugeot_2008-2016_r25.jpg'),(7,'EGQ819','2020','RENAULT','2020-03-04','2020-03-04','15000',1,'includes/vehiculos/WhatsApp_Image_2019-11-13_at_20.44_.35_.jpeg'),(8,'Taz812','2017','Renault','2021-01-25','2020-01-25','',1,'includes/vehiculos/IMG-20200125-WA0049.jpg'),(9,'GRS 723','2020','RENAULT LOGAN','2022-09-01','0022-09-01','10000',1,'includes/vehiculos/WhatsApp_Image_2020-02-16_at_09.28_.17_.jpeg'),(10,'TVB808','2014','GIMBEY','2021-02-26','2021-02-26','800000',1,'includes/vehiculos/WhatsApp_Image_2020-02-25_at_19.33_.53_.jpeg'),(11,'TVB820','2014','Jac','2020-04-12','2020-04-12','50000',1,'includes/vehiculos/15834654329563526180160944056633.jpg'),(12,'HQL926','2016','Chevrolet COBALT','2020-08-10','2022-03-18','20000',1,'includes/vehiculos/IMG-20200318-WA0121.jpg'),(13,'turismerk','2019','NN','2020-01-30','2020-01-30','',1,'');
/*!40000 ALTER TABLE `vehiculos` ENABLE KEYS */;
UNLOCK TABLES;

--
-- Table structure for table `vouchers_sufijos`
--

DROP TABLE IF EXISTS `vouchers_sufijos`;
/*!40101 SET @saved_cs_client     = @@character_set_client */;
/*!40101 SET character_set_client = utf8 */;
CREATE TABLE `vouchers_sufijos` (
  `id_voucher_sufijo` int(11) NOT NULL AUTO_INCREMENT,
  `id_reserva_servicio` int(11) DEFAULT NULL,
  `cod_voucher` varchar(45) DEFAULT NULL,
  `id_proveedor` int(11) DEFAULT NULL,
  PRIMARY KEY (`id_voucher_sufijo`),
  KEY `key_id_reserva_servicio_idx` (`id_reserva_servicio`),
  CONSTRAINT `key_id_reserva_servicio` FOREIGN KEY (`id_reserva_servicio`) REFERENCES `reserva_servicios` (`id_reserva_servicio`) ON DELETE CASCADE ON UPDATE CASCADE
) ENGINE=InnoDB AUTO_INCREMENT=81 DEFAULT CHARSET=utf8mb4;
/*!40101 SET character_set_client = @saved_cs_client */;

--
-- Dumping data for table `vouchers_sufijos`
--

LOCK TABLES `vouchers_sufijos` WRITE;
/*!40000 ALTER TABLE `vouchers_sufijos` DISABLE KEYS */;
INSERT INTO `vouchers_sufijos` VALUES (21,53,'W1029CTG',99),(22,53,'W1029CTG',101),(24,64,'W1036CTG',97),(26,86,'W1043CTG',101),(27,87,'W1044CTG',99),(28,87,'W1044CTG',101),(29,82,'W1047CTG',99),(30,82,'W1047CTG',101),(31,83,'W1048CTG',101),(32,78,'W1051CTG',99),(33,78,'W1051CTG',101),(34,79,'W1052CTG',101),(35,94,'W1057CTG',26),(36,94,'W1057CTG',101),(37,95,'W1059CTG',99),(38,95,'W1059CTG',101),(39,98,'W1062CTG',101),(40,99,'W1063CTG',99),(41,99,'W1063CTG',101),(42,102,'W1066CTG',97),(43,108,'W1069CTG',45),(44,108,'W1069CTG',45),(45,108,'W1069CTG',46),(46,108,'W1069CTG',54),(47,109,'W1070CLO',101),(48,110,'W1071CLO',101),(49,111,'W1072CLO',101),(50,112,'W1073CLO',101),(51,115,'W1076CLO',101),(52,116,'W1077CTG',99),(53,116,'W1077CTG',101),(54,117,'W1078CTG',97),(55,121,'W1082CTG',100),(56,122,'W1083CTG',26),(57,122,'W1083CTG',101),(58,127,'W1088CTG',99),(59,127,'W1088CTG',101),(60,138,'W1091CTG',26),(61,138,'W1091CTG',101),(62,139,'W1092CTG',99),(63,139,'W1092CTG',101),(64,144,'W1093CLO',101),(65,149,'W1097CTG',20),(66,149,'W1097CTG',26),(67,156,'W1104CTG',99),(68,156,'W1104CTG',101),(69,159,'W1107CTG',100),(70,160,'W1108CTG',26),(71,160,'W1108CTG',101),(72,161,'W1109CTG',99),(73,161,'W1109CTG',101),(74,167,'W1113CTG',26),(75,167,'W1113CTG',101),(76,168,'W1114CTG',100),(77,171,'W1117CTG',26),(78,171,'W1117CTG',101),(79,172,'W1118CTG',99),(80,172,'W1118CTG',101);
/*!40000 ALTER TABLE `vouchers_sufijos` ENABLE KEYS */;
UNLOCK TABLES;

--
-- Dumping routines for database 'kali'
--
/*!40103 SET TIME_ZONE=@OLD_TIME_ZONE */;

/*!40101 SET SQL_MODE=@OLD_SQL_MODE */;
/*!40014 SET FOREIGN_KEY_CHECKS=@OLD_FOREIGN_KEY_CHECKS */;
/*!40014 SET UNIQUE_CHECKS=@OLD_UNIQUE_CHECKS */;
/*!40101 SET CHARACTER_SET_CLIENT=@OLD_CHARACTER_SET_CLIENT */;
/*!40101 SET CHARACTER_SET_RESULTS=@OLD_CHARACTER_SET_RESULTS */;
/*!40101 SET COLLATION_CONNECTION=@OLD_COLLATION_CONNECTION */;
/*!40111 SET SQL_NOTES=@OLD_SQL_NOTES */;

-- Dump completed on 2022-09-23  3:50:37
